age,gender,education_level,marital_status,monthly_income,existing_credit_limit,credit_score_raw,credit_approved,recommended_limit
41,Male,High School,Single,79264.07,102600.0,63.0,1,128200.0
34,Male,High School,Single,130696.02,127200.0,64.0,1,159000.0
43,Female,Bachelor,Single,81569.05,27400.0,67.0,1,34200.0
52,Male,Master,Married,102428.67,0.0,67.0,1,153600.0
33,Female,Bachelor,Married,62214.4,29200.0,63.0,1,36500.0
33,Male,Bachelor,Married,12160.36,24800.0,65.0,1,23700.0
53,Male,Bachelor,Divorced,47753.8,46600.0,66.0,1,58200.0
44,Male,High School,Married,43973.0,101300.0,62.0,1,77100.0
30,Male,Bachelor,Single,38712.92,54000.0,65.0,1,67500.0
41,Female,Bachelor,Married,59652.24,19400.0,63.0,1,24200.0
30,Male,Bachelor,Married,27661.46,39800.0,67.0,1,49800.0
30,Male,Bachelor,Widowed,12451.86,28700.0,62.0,1,26000.0
38,Male,Bachelor,Married,22989.24,0.0,50.0,1,34500.0
18,Male,Bachelor,Married,99240.24,129800.0,77.0,1,168700.0
18,Female,High School,Married,11234.89,20700.0,46.0,1,20700.0
29,Male,Bachelor,Single,17995.18,8000.0,42.0,1,8800.0
24,Female,Bachelor,Married,143523.69,116800.0,72.0,1,151800.0
39,Female,High School,Single,35068.45,13200.0,43.0,0,13200.0
26,Male,Bachelor,Married,156101.67,238100.0,83.0,1,333300.0
20,Male,High School,Married,27776.96,58100.0,58.0,1,51200.0
52,Female,High School,Married,60411.38,65500.0,65.0,1,81900.0
33,Female,Bachelor,Married,24914.14,13600.0,62.0,1,17000.0
36,Male,Master,Married,17052.53,24800.0,63.0,1,31000.0
20,Male,High School,Single,173961.5,383800.0,76.0,1,498900.0
30,Male,Bachelor,Single,167682.4,267400.0,85.0,1,374400.0
37,Male,Bachelor,Single,69974.95,54500.0,68.0,1,68100.0
23,Male,Master,Married,74007.35,0.0,57.0,1,111000.0
40,Male,Master,Married,21907.71,0.0,46.0,1,32900.0
29,Male,Master,Married,68280.96,33100.0,62.0,1,41400.0
32,Male,Bachelor,Divorced,84176.47,125600.0,77.0,1,163300.0
29,Male,Master,Married,67529.58,164700.0,79.0,1,214100.0
56,Female,High School,Married,47154.08,97500.0,67.0,1,73900.0
35,Female,High School,Married,43497.21,65400.0,57.0,1,75200.0
24,Female,High School,Married,50034.61,116300.0,66.0,1,92300.0
45,Male,Bachelor,Single,38196.32,0.0,48.0,1,57300.0
22,Female,High School,Single,55708.15,114600.0,64.0,1,125300.0
38,Male,High School,Single,20812.44,14700.0,43.0,1,16200.0
18,Female,Master,Married,54022.0,39100.0,69.0,1,48900.0
21,Male,Bachelor,Divorced,25221.71,55700.0,64.0,1,56700.0
38,Male,Master,Married,32090.4,25900.0,65.0,1,32400.0
44,Female,High School,Divorced,15960.17,24300.0,46.0,1,26700.0
37,Male,High School,Married,19827.13,15200.0,45.0,1,16700.0
34,Female,High School,Married,39535.26,64600.0,57.0,1,69300.0
32,Male,High School,Married,29550.18,38500.0,57.0,1,44300.0
19,Male,High School,Married,30853.85,0.0,36.0,0,0.0
28,Male,High School,Married,16920.04,33700.0,46.0,1,31200.0
30,Female,High School,Single,139641.84,114400.0,64.0,1,143000.0
47,Male,Bachelor,Single,20344.56,0.0,41.0,1,30500.0
39,Female,High School,Married,66261.32,162800.0,70.0,1,185800.0
18,Male,High School,Single,85207.91,123600.0,65.0,1,154500.0
39,Female,Bachelor,Married,54228.23,68600.0,75.0,1,89200.0
31,Male,Bachelor,Married,20411.51,8100.0,48.0,1,8900.0
28,Male,Master,Married,28998.73,45600.0,66.0,1,57000.0
42,Male,Bachelor,Married,80516.59,191400.0,86.0,1,250900.0
47,Male,PhD,Widowed,70442.43,161700.0,82.0,1,226400.0
46,Male,Master,Single,84400.28,157300.0,82.0,1,220200.0
26,Male,Bachelor,Married,55406.42,58000.0,71.0,1,75400.0
32,Male,High School,Married,38134.48,73300.0,57.0,1,66800.0
39,Male,High School,Single,166406.37,252700.0,75.0,1,328500.0
46,Male,Bachelor,Single,79951.07,121400.0,73.0,1,157800.0
30,Male,Bachelor,Married,35017.98,73600.0,72.0,1,95700.0
33,Male,Master,Married,150785.93,0.0,73.0,1,226200.0
23,Female,Bachelor,Single,53843.27,84900.0,69.0,1,106100.0
22,Female,PhD,Married,54740.86,88900.0,76.0,1,115600.0
44,Male,Master,Married,114056.15,266500.0,89.0,1,373100.0
50,Female,Master,Married,82260.62,29000.0,72.0,1,37700.0
35,Female,High School,Married,52534.78,0.0,48.0,1,78800.0
47,Male,High School,Married,58451.52,51400.0,60.0,1,64200.0
39,Male,Bachelor,Married,43169.99,92400.0,72.0,1,120100.0
28,Female,Bachelor,Married,78985.59,0.0,54.0,1,118500.0
39,Female,High School,Married,18797.51,17200.0,45.0,1,18900.0
52,Female,Bachelor,Married,65481.36,117100.0,75.0,1,152200.0
35,Female,Bachelor,Married,18428.34,0.0,43.0,0,0.0
53,Male,High School,Married,35011.74,41500.0,57.0,1,47700.0
18,Male,Bachelor,Married,48215.91,17900.0,59.0,1,20600.0
45,Male,Master,Single,35260.1,38200.0,68.0,1,47800.0
36,Male,Bachelor,Married,32401.69,59800.0,67.0,1,63100.0
32,Male,Bachelor,Married,205071.81,310700.0,87.0,1,435000.0
37,Male,High School,Married,29918.1,18300.0,52.0,1,21000.0
18,Male,Bachelor,Married,85265.88,179400.0,82.0,1,251200.0
33,Male,Master,Single,81166.61,84200.0,82.0,1,117900.0
39,Male,Bachelor,Married,20966.84,46800.0,65.0,1,40800.0
52,Male,High School,Single,77268.59,166400.0,68.0,1,147800.0
30,Male,Bachelor,Married,73464.91,45700.0,70.0,1,59400.0
27,Male,Master,Married,25202.47,58000.0,71.0,1,75400.0
30,Female,High School,Single,11286.52,5300.0,36.0,0,5300.0
46,Female,High School,Single,27675.33,33500.0,55.0,1,38500.0
39,Male,High School,Married,118277.75,79300.0,66.0,1,99100.0
30,Male,Bachelor,Married,35961.82,20100.0,62.0,1,25100.0
41,Female,Bachelor,Single,42178.11,23200.0,60.0,1,29000.0
37,Male,Master,Married,42486.8,0.0,53.0,1,63700.0
46,Female,High School,Married,151412.1,0.0,60.0,1,227100.0
28,Male,Bachelor,Married,70826.13,62100.0,66.0,1,77600.0
32,Female,Master,Single,111994.98,35900.0,70.0,1,46700.0
31,Female,High School,Single,174415.0,137600.0,70.0,1,178900.0
19,Female,Bachelor,Married,150400.15,0.0,66.0,1,225600.0
39,Male,Bachelor,Married,69005.57,27600.0,63.0,1,34500.0
38,Female,High School,Married,49678.04,101700.0,70.0,1,132200.0
36,Female,High School,Married,164329.5,54000.0,65.0,1,67500.0
33,Female,Bachelor,Married,30026.83,66100.0,72.0,1,85900.0
20,Male,High School,Single,20807.04,15500.0,39.0,0,15500.0
31,Female,High School,Married,25873.54,62000.0,62.0,1,45300.0
32,Male,PhD,Single,47186.78,92800.0,78.0,1,120600.0
27,Male,Bachelor,Married,15216.74,12800.0,51.0,1,14700.0
34,Female,Master,Married,48523.64,45800.0,73.0,1,59500.0
40,Male,High School,Married,95562.27,86000.0,66.0,1,107500.0
56,Female,Master,Married,18564.79,0.0,43.0,1,27800.0
37,Female,Bachelor,Married,13088.51,11000.0,55.0,1,12600.0
38,Male,Bachelor,Single,36693.57,59500.0,65.0,1,74400.0
35,Female,High School,Single,35129.15,61200.0,55.0,1,70400.0
18,Female,Bachelor,Married,51333.87,0.0,54.0,1,77000.0
35,Male,Bachelor,Married,62360.06,135000.0,80.0,1,189000.0
36,Female,Bachelor,Married,95945.75,0.0,64.0,1,143900.0
63,Male,Master,Married,15060.08,20700.0,60.0,1,25000.0
33,Male,High School,Married,53206.29,0.0,48.0,1,79800.0
39,Male,Master,Married,49333.92,58100.0,78.0,1,75500.0
35,Male,Master,Single,59264.34,67900.0,76.0,1,88300.0
23,Male,Bachelor,Married,22078.64,50400.0,68.0,1,45300.0
48,Female,High School,Married,79099.61,174000.0,70.0,1,198500.0
44,Female,Bachelor,Divorced,11898.2,4500.0,44.0,1,5000.0
44,Male,Bachelor,Married,17510.04,5500.0,48.0,1,6100.0
25,Male,Bachelor,Married,41149.39,0.0,46.0,1,61700.0
51,Male,Bachelor,Married,86275.72,47100.0,76.0,1,61200.0
20,Male,High School,Married,16690.9,0.0,29.0,0,0.0
42,Male,Bachelor,Married,160945.54,0.0,70.0,1,241400.0
60,Male,Bachelor,Married,130929.46,0.0,61.0,1,196400.0
25,Male,Master,Married,67058.13,143900.0,79.0,1,187100.0
29,Male,High School,Single,16561.27,11000.0,39.0,0,11000.0
37,Male,High School,Married,75156.17,0.0,48.0,1,112700.0
30,Female,Master,Single,37408.1,62800.0,68.0,1,78500.0
18,Male,High School,Married,80342.01,154100.0,67.0,1,148200.0
36,Male,Bachelor,Married,36189.71,34100.0,62.0,1,42600.0
24,Male,High School,Single,20591.61,12400.0,39.0,0,12400.0
41,Female,Bachelor,Married,38312.43,17900.0,55.0,1,20600.0
25,Female,Bachelor,Single,43365.91,78000.0,61.0,1,97500.0
53,Female,High School,Single,78769.65,0.0,46.0,1,118200.0
27,Female,PhD,Single,18864.45,6400.0,47.0,1,7000.0
32,Male,High School,Married,41789.14,67600.0,57.0,1,73200.0
44,Female,High School,Single,17869.72,11100.0,43.0,1,12200.0
22,Male,High School,Single,53080.89,20600.0,47.0,1,22700.0
38,Male,Bachelor,Single,48733.58,0.0,56.0,1,73100.0
50,Female,High School,Single,118424.35,94400.0,64.0,1,118000.0
18,Male,High School,Single,81647.72,121200.0,65.0,1,151500.0
38,Female,Master,Married,45976.85,86300.0,78.0,1,112200.0
38,Male,High School,Married,25450.91,0.0,40.0,0,0.0
44,Female,High School,Widowed,24440.66,0.0,37.0,0,0.0
22,Male,High School,Single,46672.87,57400.0,59.0,1,66000.0
21,Male,High School,Married,19723.41,13000.0,41.0,0,13000.0
41,Female,High School,Married,115162.73,217400.0,71.0,1,282600.0
39,Female,High School,Married,77801.67,164200.0,70.0,1,213500.0
38,Female,High School,Married,11702.95,21600.0,50.0,1,20500.0
39,Female,High School,Single,126804.04,0.0,52.0,1,190200.0
28,Female,High School,Married,11397.59,0.0,29.0,0,0.0
38,Male,Bachelor,Married,10029.76,7900.0,55.0,1,9100.0
39,Male,Bachelor,Married,17357.95,33300.0,60.0,1,33800.0
28,Male,High School,Widowed,66644.19,117000.0,58.0,1,132000.0
56,Male,Master,Married,63748.63,148800.0,80.0,1,191900.0
41,Female,Bachelor,Married,23809.17,36900.0,67.0,1,46100.0
22,Male,PhD,Married,71469.22,139300.0,76.0,1,181100.0
43,Female,High School,Married,39940.02,56000.0,57.0,1,64400.0
25,Male,Bachelor,Married,194793.78,416400.0,88.0,1,583000.0
44,Female,High School,Single,127211.25,204200.0,69.0,1,255200.0
48,Male,Bachelor,Married,59020.04,78100.0,75.0,1,101500.0
26,Male,High School,Married,85134.45,0.0,50.0,1,127700.0
46,Female,High School,Married,28041.08,0.0,40.0,1,42100.0
40,Male,Bachelor,Married,21331.37,44400.0,65.0,1,41500.0
45,Male,Bachelor,Married,82278.11,0.0,64.0,1,123400.0
56,Male,Bachelor,Divorced,24303.65,0.0,43.0,1,36500.0
33,Male,High School,Married,66628.7,80500.0,65.0,1,100600.0
27,Male,High School,Single,36927.03,38500.0,51.0,1,44300.0
26,Female,Master,Single,71688.23,0.0,55.0,1,107500.0
27,Male,Master,Married,75565.36,106600.0,74.0,1,138600.0
35,Male,Bachelor,Married,31805.05,15000.0,55.0,1,17200.0
39,Male,Bachelor,Single,85713.42,74600.0,74.0,1,97000.0
39,Female,High School,Married,28218.3,11900.0,45.0,1,13100.0
45,Female,High School,Married,24164.32,45900.0,57.0,1,37900.0
36,Male,High School,Married,44493.4,83700.0,57.0,1,78000.0
51,Male,Bachelor,Single,36995.05,34700.0,60.0,1,43400.0
33,Male,Bachelor,Single,37161.54,58600.0,65.0,1,73200.0
65,Female,Bachelor,Single,81788.7,101800.0,76.0,1,132300.0
42,Female,High School,Married,127929.73,81800.0,66.0,1,102200.0
26,Female,High School,Single,124761.2,221700.0,65.0,1,277100.0
24,Male,High School,Married,43830.34,0.0,36.0,0,0.0
41,Male,Bachelor,Married,124810.32,129300.0,81.0,1,181000.0
33,Male,High School,Married,197265.12,281300.0,77.0,1,365700.0
43,Male,Bachelor,Divorced,29080.08,20400.0,58.0,1,23500.0
41,Male,Bachelor,Married,168618.72,72900.0,75.0,1,94800.0
35,Male,High School,Single,200891.21,176600.0,70.0,1,229600.0
26,Female,High School,Married,77251.74,162400.0,66.0,1,142500.0
19,Male,Bachelor,Single,28127.23,0.0,44.0,0,0.0
31,Female,High School,Single,78559.67,0.0,46.0,1,117800.0
45,Male,Bachelor,Married,33834.75,14800.0,55.0,1,17000.0
38,Female,Bachelor,Single,320046.66,679300.0,90.0,1,1019000.0
22,Female,High School,Married,12918.35,21500.0,46.0,1,23700.0
37,Female,Bachelor,Married,105130.67,52200.0,69.0,1,65200.0
40,Female,Master,Married,10759.7,0.0,46.0,1,16100.0
26,Female,Bachelor,Single,19906.92,28700.0,54.0,1,33000.0
37,Female,PhD,Married,153943.61,92900.0,87.0,1,130100.0
36,Male,High School,Single,116401.69,0.0,52.0,1,174600.0
23,Female,Bachelor,Single,41249.01,0.0,44.0,1,61900.0
39,Female,Bachelor,Married,363413.27,0.0,70.0,1,545100.0
42,Female,Master,Married,102398.32,154100.0,84.0,1,215700.0
47,Male,High School,Married,154231.87,96900.0,72.0,1,126000.0
47,Male,High School,Single,58152.69,0.0,46.0,1,87200.0
20,Female,High School,Divorced,282781.66,118600.0,57.0,1,136400.0
25,Female,Master,Single,128713.03,275400.0,83.0,1,385600.0
41,Male,High School,Married,144016.54,0.0,54.0,1,216000.0
41,Male,Master,Single,29984.04,15600.0,63.0,1,19500.0
41,Male,High School,Married,48296.43,0.0,48.0,1,72400.0
70,Male,High School,Married,150538.51,183900.0,74.0,1,239100.0
42,Male,High School,Married,88225.69,79600.0,66.0,1,99500.0
48,Male,Bachelor,Single,150108.1,267400.0,85.0,1,374400.0
46,Female,Master,Married,298713.17,622000.0,95.0,1,899400.0
43,Male,High School,Married,104725.94,0.0,54.0,1,157100.0
32,Male,Master,Married,36379.09,32800.0,65.0,1,41000.0
44,Female,High School,Single,17333.04,0.0,31.0,0,0.0
27,Female,Bachelor,Married,36231.32,47100.0,63.0,1,58900.0
33,Female,Bachelor,Single,85154.09,26300.0,67.0,1,32900.0
30,Male,High School,Single,18595.84,34000.0,48.0,1,37400.0
36,Female,High School,Single,40018.2,15700.0,43.0,0,15700.0
61,Male,High School,Single,29206.79,0.0,35.0,0,0.0
18,Female,High School,Married,114333.75,248000.0,72.0,1,322400.0
43,Female,Master,Married,12481.37,26200.0,68.0,1,26300.0
18,Male,Master,Married,19340.45,32100.0,59.0,1,36900.0
30,Male,Bachelor,Married,76436.48,143200.0,75.0,1,186200.0
47,Male,Bachelor,Married,29868.16,45500.0,67.0,1,52000.0
36,Female,High School,Married,25245.44,29400.0,57.0,1,33800.0
24,Male,High School,Divorced,41473.35,0.0,32.0,0,0.0
28,Female,Bachelor,Married,62292.51,143200.0,76.0,1,186200.0
43,Male,Bachelor,Married,12276.99,28000.0,65.0,1,23900.0
27,Male,Bachelor,Married,102996.96,0.0,60.0,1,154500.0
38,Female,Bachelor,Single,21036.16,48500.0,63.0,1,50000.0
36,Female,High School,Married,208635.92,413500.0,77.0,1,537600.0
28,Female,High School,Single,61185.31,0.0,42.0,1,91800.0
59,Male,Bachelor,Married,146897.23,325600.0,83.0,1,409500.0
42,Male,Bachelor,Married,31385.76,27800.0,62.0,1,34800.0
18,Male,Bachelor,Married,66485.72,143500.0,76.0,1,186600.0
38,Male,High School,Married,162235.96,248900.0,77.0,1,323600.0
28,Male,High School,Married,89965.55,0.0,50.0,1,134900.0
45,Female,High School,Married,66024.8,37700.0,60.0,1,47100.0
27,Male,Bachelor,Divorced,30713.02,66700.0,64.0,1,69100.0
34,Male,Bachelor,Married,31355.55,31300.0,62.0,1,39100.0
41,Male,High School,Married,30489.5,23300.0,52.0,1,26800.0
45,Male,Bachelor,Married,284229.7,603300.0,92.0,1,792400.0
22,Female,Bachelor,Married,59989.87,21500.0,59.0,1,24700.0
32,Male,High School,Single,15551.4,0.0,31.0,0,0.0
30,Male,High School,Single,87545.57,120900.0,69.0,1,151100.0
28,Male,High School,Married,57879.59,130600.0,66.0,1,106800.0
55,Female,High School,Married,17822.5,22300.0,50.0,1,25600.0
40,Female,Bachelor,Married,66912.01,0.0,58.0,1,100400.0
22,Female,High School,Married,38845.12,53500.0,53.0,1,61500.0
46,Male,High School,Single,32862.72,55300.0,55.0,1,62800.0
59,Male,High School,Married,52224.4,116000.0,67.0,1,81900.0
47,Female,High School,Married,42065.63,87300.0,62.0,1,66000.0
19,Female,PhD,Divorced,37542.64,75500.0,69.0,1,94400.0
30,Female,High School,Married,137328.37,0.0,54.0,1,206000.0
49,Female,Bachelor,Married,41114.93,0.0,50.0,1,61700.0
28,Male,High School,Married,88928.35,198600.0,72.0,1,258200.0
40,Female,Master,Single,126845.94,250500.0,82.0,1,350700.0
44,Female,Master,Married,30120.41,61600.0,75.0,1,80100.0
25,Female,High School,Single,19043.11,0.0,27.0,0,0.0
35,Male,Bachelor,Married,130914.5,138100.0,81.0,1,193300.0
18,Male,High School,Single,48859.6,117200.0,64.0,1,109900.0
24,Male,High School,Married,121897.34,71900.0,62.0,1,89900.0
33,Male,High School,Married,40598.54,90600.0,62.0,1,71200.0
22,Male,High School,Married,153602.48,0.0,56.0,1,230400.0
53,Female,High School,Divorced,20354.12,31000.0,46.0,1,34100.0
20,Male,High School,Married,103196.39,161400.0,67.0,1,190400.0
31,Male,High School,Married,111952.95,264200.0,76.0,1,314000.0
37,Male,Bachelor,Married,54663.09,49200.0,70.0,1,64000.0
51,Male,High School,Married,88709.98,108800.0,71.0,1,141400.0
20,Female,High School,Single,25885.26,16000.0,46.0,1,17600.0
48,Male,Bachelor,Single,35752.39,0.0,48.0,1,53600.0
36,Male,High School,Single,73481.11,85300.0,63.0,1,106600.0
25,Female,High School,Married,72850.2,93100.0,61.0,1,116400.0
41,Female,High School,Married,332165.87,150700.0,65.0,1,188400.0
38,Male,Bachelor,Married,133552.95,284900.0,86.0,1,398900.0
29,Female,High School,Married,23924.83,25800.0,53.0,1,29700.0
36,Female,Master,Married,76555.62,0.0,61.0,1,114800.0
31,Female,High School,Married,13373.26,22600.0,50.0,1,23400.0
37,Male,High School,Married,23745.05,0.0,40.0,1,35600.0
43,Female,High School,Single,25905.08,0.0,38.0,1,22100.0
53,Male,PhD,Married,243188.31,129000.0,87.0,1,180600.0
22,Male,Bachelor,Married,31946.11,14500.0,51.0,1,16700.0
59,Male,High School,Married,20335.88,31600.0,47.0,1,31900.0
18,Male,High School,Married,16438.03,8400.0,41.0,0,8400.0
34,Female,Bachelor,Single,66238.53,77900.0,73.0,1,101300.0
42,Male,High School,Single,26398.93,58800.0,60.0,1,56400.0
39,Male,Bachelor,Married,176333.64,82900.0,75.0,1,107800.0
29,Male,Bachelor,Married,85883.22,148700.0,77.0,1,193300.0
33,Male,High School,Single,40769.78,50700.0,55.0,1,58300.0
30,Female,High School,Single,59541.81,130500.0,68.0,1,127300.0
29,Female,Bachelor,Single,34917.44,67500.0,61.0,1,84400.0
45,Female,Bachelor,Married,62498.11,35000.0,70.0,1,45500.0
39,Female,Master,Married,63131.14,0.0,61.0,1,94700.0
28,Female,High School,Married,48245.91,0.0,44.0,1,72400.0
45,Female,Bachelor,Widowed,102604.01,69500.0,73.0,1,90400.0
39,Male,High School,Single,176505.19,364300.0,80.0,1,510000.0
44,Female,High School,Single,72453.77,60500.0,58.0,1,69600.0
42,Female,Bachelor,Married,181388.11,385800.0,92.0,1,565200.0
26,Female,Bachelor,Married,19710.23,17500.0,51.0,1,20100.0
29,Female,High School,Married,97833.75,0.0,50.0,1,146800.0
44,Female,Bachelor,Married,18497.87,0.0,43.0,1,27700.0
42,Female,Bachelor,Single,36279.53,61700.0,65.0,1,77100.0
35,Female,High School,Married,95665.61,142300.0,71.0,1,185000.0
37,Male,Master,Married,34211.6,13900.0,58.0,1,16000.0
50,Male,Bachelor,Single,23091.01,0.0,48.0,1,34600.0
29,Female,Bachelor,Single,23480.96,13400.0,56.0,1,15400.0
42,Male,Bachelor,Married,23177.11,15100.0,62.0,1,18900.0
33,Female,Bachelor,Single,13065.29,0.0,41.0,1,19600.0
33,Female,Master,Married,40440.69,24200.0,65.0,1,30200.0
48,Female,High School,Married,61310.46,0.0,48.0,1,92000.0
45,Female,High School,Single,73779.22,0.0,46.0,1,110700.0
44,Male,Master,Married,50618.21,110900.0,83.0,1,155300.0
50,Female,Bachelor,Married,43455.89,58800.0,67.0,1,73500.0
36,Male,High School,Single,135381.67,0.0,52.0,1,203100.0
43,Male,High School,Married,22565.68,32900.0,57.0,1,37800.0
32,Male,Bachelor,Married,16448.88,36100.0,65.0,1,32000.0
39,Female,High School,Single,106607.71,240700.0,74.0,1,312900.0
34,Female,High School,Single,53811.74,58300.0,63.0,1,72900.0
37,Female,High School,Married,312082.39,553700.0,77.0,1,719800.0
42,Male,Bachelor,Married,27206.82,12100.0,55.0,1,13900.0
26,Male,High School,Married,54629.15,76400.0,61.0,1,95500.0
59,Male,Bachelor,Single,16491.52,13200.0,50.0,1,15200.0
24,Male,Bachelor,Divorced,111191.35,106500.0,68.0,1,133100.0
22,Female,Bachelor,Married,24541.79,0.0,46.0,1,36800.0
48,Male,High School,Married,14899.08,0.0,33.0,0,0.0
44,Female,High School,Married,10623.98,22400.0,55.0,1,18600.0
42,Female,High School,Married,85739.54,97900.0,71.0,1,127300.0
42,Female,Bachelor,Widowed,32385.36,43700.0,64.0,1,54600.0
35,Male,Bachelor,Single,182880.83,406600.0,90.0,1,609900.0
26,Female,High School,Married,110218.69,53100.0,55.0,1,61100.0
36,Male,Bachelor,Married,176203.61,0.0,70.0,1,264300.0
28,Male,Bachelor,Married,134675.18,90500.0,72.0,1,117600.0
46,Male,High School,Married,122300.07,111700.0,66.0,1,139600.0
34,Female,High School,Married,118360.04,0.0,54.0,1,177500.0
26,Male,Master,Divorced,127527.36,0.0,59.0,1,191300.0
32,Male,Bachelor,Divorced,109058.8,87900.0,72.0,1,114300.0
40,Male,PhD,Single,39229.92,0.0,53.0,1,58800.0
29,Male,High School,Single,33691.02,12000.0,39.0,0,12000.0
26,Male,Master,Married,78814.52,78500.0,69.0,1,98100.0
38,Female,High School,Divorced,13052.58,24300.0,46.0,1,25100.0
38,Female,High School,Married,22033.41,27700.0,57.0,1,31900.0
30,Female,Bachelor,Single,88480.31,186800.0,84.0,1,261500.0
30,Female,High School,Married,68042.97,89200.0,65.0,1,111500.0
38,Female,Bachelor,Single,48588.27,108200.0,78.0,1,140700.0
20,Male,High School,Married,202825.27,236900.0,73.0,1,308000.0
20,Female,Master,Married,64560.52,70700.0,74.0,1,91900.0
28,Female,Bachelor,Married,37991.08,32900.0,58.0,1,37800.0
33,Male,Master,Divorced,31122.76,41000.0,66.0,1,51200.0
39,Female,High School,Married,40863.51,0.0,40.0,0,0.0
52,Female,Bachelor,Single,29568.37,0.0,48.0,1,44400.0
45,Female,High School,Married,10547.26,7200.0,45.0,1,7900.0
34,Female,Bachelor,Married,22190.7,51800.0,72.0,1,67300.0
35,Male,Bachelor,Married,167349.99,214700.0,87.0,1,300600.0
24,Female,High School,Married,89300.8,70500.0,62.0,1,88100.0
35,Male,High School,Married,50975.95,120600.0,70.0,1,143000.0
32,Female,Bachelor,Divorced,95583.67,121300.0,77.0,1,157700.0
39,Female,Bachelor,Married,43031.38,0.0,50.0,1,64500.0
26,Female,High School,Widowed,49534.04,104600.0,63.0,1,98100.0
41,Male,Bachelor,Single,12740.85,17800.0,58.0,1,20500.0
52,Male,Bachelor,Married,162148.24,118800.0,82.0,1,166300.0
34,Male,Bachelor,Single,44953.64,80800.0,65.0,1,101000.0
40,Male,High School,Single,33178.32,81600.0,60.0,1,70900.0
43,Female,Bachelor,Married,26847.73,13000.0,55.0,1,14900.0
31,Female,Bachelor,Single,166294.62,208800.0,85.0,1,292300.0
38,Female,Bachelor,Single,14731.74,21100.0,58.0,1,24300.0
36,Female,Master,Single,114537.8,0.0,65.0,1,171800.0
37,Male,High School,Married,33279.58,26700.0,52.0,1,30700.0
27,Male,High School,Single,41683.36,0.0,34.0,0,0.0
36,Male,High School,Married,27359.02,52900.0,57.0,1,48000.0
41,Female,High School,Married,31748.19,56300.0,57.0,1,55600.0
51,Female,High School,Married,64990.97,54600.0,60.0,1,68200.0
46,Female,Bachelor,Single,82474.39,35100.0,67.0,1,43900.0
59,Male,Bachelor,Married,37548.12,77400.0,69.0,1,65400.0
27,Male,High School,Married,39951.19,71900.0,53.0,1,73700.0
45,Female,High School,Married,37947.87,84800.0,62.0,1,59500.0
38,Male,High School,Married,35631.55,0.0,40.0,1,53400.0
60,Female,Master,Single,50958.41,0.0,56.0,1,76400.0
27,Male,Master,Married,82482.71,53700.0,75.0,1,69800.0
26,Male,High School,Single,17287.34,30900.0,44.0,1,34000.0
29,Female,Bachelor,Married,76552.72,65000.0,66.0,1,81200.0
18,Male,High School,Single,80043.66,0.0,48.0,1,120100.0
30,Female,High School,Married,29169.1,54600.0,57.0,1,51100.0
27,Female,High School,Married,64679.15,136800.0,66.0,1,119300.0
37,Male,Bachelor,Widowed,138716.16,319500.0,83.0,1,447300.0
39,Female,High School,Divorced,14113.87,6700.0,34.0,0,6700.0
56,Female,High School,Widowed,113268.31,0.0,48.0,1,169900.0
46,Male,High School,Single,79957.47,0.0,46.0,1,119900.0
29,Female,High School,Married,78917.94,32800.0,49.0,1,36100.0
26,Female,Bachelor,Married,82430.97,190100.0,82.0,1,266100.0
41,Male,High School,Married,76351.27,183200.0,70.0,1,214100.0
21,Female,Master,Married,29169.73,21100.0,61.0,1,26400.0
56,Male,High School,Single,119430.2,116900.0,61.0,1,146100.0
48,Female,High School,Married,68750.74,65900.0,60.0,1,82400.0
30,Female,High School,Widowed,82601.8,0.0,51.0,1,123900.0
18,Male,High School,Married,29964.74,0.0,36.0,0,0.0
50,Male,High School,Married,79467.26,121200.0,65.0,1,124600.0
34,Male,High School,Divorced,117512.33,0.0,50.0,1,176300.0
49,Male,Master,Married,14062.3,0.0,46.0,1,21100.0
18,Female,Bachelor,Divorced,157712.93,125100.0,74.0,1,162600.0
29,Female,Master,Married,18142.9,24400.0,59.0,1,28100.0
36,Male,High School,Married,54370.28,65700.0,65.0,1,82100.0
36,Female,Bachelor,Married,41021.49,49200.0,67.0,1,61500.0
31,Female,High School,Married,80307.47,0.0,54.0,1,120500.0
42,Female,Bachelor,Married,19569.02,46500.0,65.0,1,38100.0
24,Female,PhD,Single,66165.8,114700.0,74.0,1,149100.0
34,Female,Bachelor,Married,119577.57,235800.0,81.0,1,330100.0
37,Male,High School,Single,83240.18,83900.0,69.0,1,104900.0
41,Male,High School,Married,17058.56,5100.0,38.0,0,5100.0
43,Female,High School,Married,21171.75,50700.0,55.0,1,37100.0
23,Male,High School,Single,56422.22,125700.0,64.0,1,126900.0
19,Female,High School,Married,21707.52,28400.0,46.0,1,31200.0
50,Female,High School,Married,14550.62,16700.0,50.0,1,19200.0
39,Female,High School,Married,30842.85,39400.0,57.0,1,45300.0
27,Male,High School,Single,27492.78,24500.0,46.0,1,27000.0
53,Male,High School,Married,44195.58,73000.0,57.0,1,69300.0
37,Male,Bachelor,Single,46787.14,114300.0,78.0,1,148600.0
48,Male,High School,Single,32887.23,14700.0,43.0,1,16200.0
36,Male,High School,Single,30406.08,61900.0,60.0,1,65000.0
58,Male,Bachelor,Single,52166.85,22400.0,58.0,1,25800.0
55,Male,Bachelor,Married,38404.6,84100.0,72.0,1,107100.0
33,Male,High School,Married,20779.85,12900.0,45.0,1,14200.0
46,Male,Master,Married,55960.62,77700.0,78.0,1,101000.0
43,Male,High School,Married,67394.48,95600.0,65.0,1,118100.0
51,Male,High School,Married,35298.92,59600.0,57.0,1,55400.0
25,Male,High School,Single,62572.0,102100.0,59.0,1,117400.0
43,Female,High School,Married,382738.39,706300.0,77.0,1,918200.0
47,Male,Bachelor,Married,281533.56,610100.0,92.0,1,784900.0
18,Female,High School,Single,89225.11,33800.0,53.0,1,38900.0
22,Female,High School,Married,13542.46,0.0,29.0,0,0.0
18,Male,Master,Married,48296.13,0.0,57.0,1,72400.0
33,Female,High School,Single,16899.61,34600.0,53.0,1,36100.0
43,Male,Bachelor,Single,40936.82,83700.0,70.0,1,108800.0
52,Male,High School,Married,124955.23,90000.0,66.0,1,112500.0
36,Male,High School,Married,53329.45,40500.0,60.0,1,50600.0
53,Male,High School,Married,78220.8,36900.0,53.0,1,42400.0
20,Male,Bachelor,Married,28230.36,0.0,46.0,1,42300.0
18,Male,Bachelor,Married,19236.85,26900.0,56.0,1,30900.0
35,Female,High School,Married,237710.73,274600.0,77.0,1,357000.0
40,Female,High School,Married,34817.63,0.0,40.0,1,52200.0
35,Male,Master,Married,42416.57,70700.0,70.0,1,91900.0
18,Male,Master,Married,54207.77,78600.0,74.0,1,102200.0
35,Male,Bachelor,Married,81931.25,47200.0,76.0,1,61400.0
21,Male,Bachelor,Single,28104.88,28300.0,61.0,1,35400.0
43,Female,Bachelor,Single,74729.92,177100.0,78.0,1,230200.0
40,Male,High School,Married,27605.39,49200.0,57.0,1,48400.0
25,Male,Bachelor,Divorced,50155.62,120000.0,72.0,1,156000.0
30,Female,Bachelor,Married,37272.54,48600.0,67.0,1,60800.0
24,Female,Bachelor,Married,71769.97,24700.0,59.0,1,28400.0
35,Male,High School,Married,14817.8,30300.0,55.0,1,26000.0
46,Female,Bachelor,Single,93301.42,47400.0,74.0,1,61600.0
25,Male,Bachelor,Married,66387.57,157600.0,76.0,1,204900.0
41,Male,Master,Married,103383.59,100700.0,79.0,1,130900.0
30,Male,Bachelor,Married,61176.22,107000.0,75.0,1,139100.0
27,Male,Master,Married,35482.55,76700.0,71.0,1,99700.0
34,Female,Master,Single,87270.86,114100.0,82.0,1,159700.0
24,Male,High School,Married,68009.04,84800.0,61.0,1,106000.0
29,Male,High School,Married,26480.01,0.0,36.0,0,0.0
22,Male,Bachelor,Single,87580.18,166600.0,75.0,1,216600.0
57,Male,Master,Married,22595.93,23600.0,67.0,1,29500.0
36,Female,High School,Married,73926.91,124300.0,65.0,1,129600.0
28,Male,Bachelor,Married,113615.29,95700.0,72.0,1,124400.0
38,Male,High School,Single,39422.73,75900.0,55.0,1,84300.0
34,Male,High School,Married,59905.04,109800.0,65.0,1,105000.0
33,Male,Bachelor,Widowed,15144.96,4800.0,45.0,1,5300.0
42,Male,Bachelor,Married,39719.58,0.0,50.0,1,59600.0
44,Male,Bachelor,Married,85401.84,41000.0,69.0,1,51200.0
30,Male,Master,Married,26198.73,9900.0,58.0,1,11400.0
29,Male,High School,Single,58333.16,25200.0,47.0,1,27700.0
32,Male,High School,Divorced,45194.61,0.0,44.0,1,67800.0
18,Female,Master,Single,20278.86,40300.0,57.0,1,46300.0
19,Female,Bachelor,Widowed,21365.54,0.0,36.0,1,18800.0
51,Female,High School,Single,13353.35,7100.0,43.0,0,7100.0
54,Female,Bachelor,Single,264602.12,109700.0,73.0,1,142600.0
33,Male,Master,Married,64303.04,34000.0,73.0,1,44200.0
42,Female,Bachelor,Married,126877.67,142300.0,81.0,1,199200.0
39,Male,Bachelor,Married,62679.39,60700.0,70.0,1,78900.0
69,Male,High School,Widowed,32945.12,0.0,34.0,0,0.0
48,Male,High School,Married,51920.26,87000.0,65.0,1,81400.0
34,Male,Master,Single,47595.6,106100.0,81.0,1,148500.0
25,Female,Bachelor,Married,38641.11,92200.0,68.0,1,79200.0
18,Male,High School,Married,41471.02,0.0,36.0,0,0.0
38,Male,Bachelor,Married,81458.68,0.0,64.0,1,122200.0
27,Male,Bachelor,Single,73198.19,34500.0,57.0,1,39700.0
20,Male,High School,Married,44282.66,43200.0,48.0,1,47500.0
28,Male,Bachelor,Married,90138.88,0.0,60.0,1,135200.0
24,Male,High School,Married,59379.4,52600.0,56.0,1,60500.0
54,Male,High School,Married,58950.73,0.0,48.0,1,88400.0
45,Female,Bachelor,Single,60735.28,69900.0,73.0,1,90900.0
35,Male,High School,Married,40399.76,0.0,40.0,0,0.0
52,Male,High School,Single,121634.69,296900.0,74.0,1,372200.0
36,Female,Master,Married,34122.92,82800.0,75.0,1,107600.0
26,Female,Bachelor,Married,36120.62,0.0,46.0,1,54200.0
52,Male,Bachelor,Married,166084.49,119000.0,82.0,1,166600.0
41,Male,High School,Single,36164.82,55800.0,55.0,1,64200.0
24,Female,High School,Divorced,124317.58,0.0,46.0,1,186500.0
33,Male,Bachelor,Married,37979.07,12400.0,55.0,1,14300.0
26,Male,High School,Single,68199.1,28600.0,47.0,1,31500.0
20,Male,Bachelor,Married,34153.25,60800.0,63.0,1,70000.0
46,Female,High School,Married,60081.86,45800.0,60.0,1,57200.0
57,Female,Bachelor,Married,22036.97,32700.0,64.0,1,38400.0
20,Female,High School,Divorced,122026.23,110800.0,58.0,1,127400.0
42,Male,High School,Married,28962.51,42100.0,57.0,1,48400.0
28,Male,PhD,Married,49515.26,0.0,59.0,1,74300.0
30,Male,PhD,Married,12383.63,22500.0,65.0,1,27700.0
29,Female,High School,Married,395795.82,0.0,56.0,1,593700.0
26,Female,Bachelor,Married,115183.53,0.0,60.0,1,172800.0
36,Male,Bachelor,Married,33917.63,12800.0,55.0,1,14700.0
26,Female,High School,Divorced,139439.94,94200.0,58.0,1,108300.0
38,Male,High School,Married,140402.71,0.0,54.0,1,210600.0
35,Male,High School,Married,47129.77,44400.0,60.0,1,55500.0
33,Female,Bachelor,Married,39743.63,74900.0,67.0,1,77400.0
26,Male,Bachelor,Married,77865.53,29200.0,59.0,1,33600.0
29,Male,Master,Married,44475.42,40200.0,61.0,1,50200.0
44,Male,Bachelor,Married,26247.9,57300.0,72.0,1,74500.0
41,Female,Master,Single,139841.22,165600.0,82.0,1,231800.0
25,Female,Master,Married,40488.1,30200.0,61.0,1,37800.0
37,Female,Bachelor,Married,101191.14,145800.0,81.0,1,204100.0
44,Female,High School,Married,161061.37,178100.0,77.0,1,231500.0
18,Male,High School,Married,114296.7,0.0,50.0,1,171400.0
41,Male,Bachelor,Single,57638.07,124900.0,78.0,1,162400.0
28,Female,Bachelor,Married,87551.8,190300.0,82.0,1,266400.0
42,Female,High School,Widowed,118248.58,144300.0,68.0,1,180400.0
27,Female,Master,Married,17010.85,27700.0,59.0,1,31900.0
18,Female,PhD,Married,64804.18,0.0,59.0,1,97200.0
18,Female,Bachelor,Divorced,48517.17,0.0,50.0,1,72800.0
36,Male,Bachelor,Married,43861.1,45300.0,67.0,1,56600.0
38,Male,Master,Married,54617.64,0.0,61.0,1,81900.0
26,Female,High School,Married,28156.97,0.0,36.0,0,0.0
43,Female,High School,Married,123952.19,52300.0,59.0,1,60100.0
18,Female,Master,Single,67434.12,31100.0,60.0,1,38900.0
35,Male,Bachelor,Married,51492.86,112000.0,80.0,1,156800.0
22,Male,High School,Single,73347.15,119200.0,59.0,1,137100.0
28,Female,Master,Married,33838.16,12200.0,54.0,1,14000.0
36,Female,High School,Married,58635.46,0.0,48.0,1,88000.0
26,Female,Bachelor,Divorced,76169.33,40700.0,62.0,1,50900.0
31,Male,Bachelor,Single,16168.96,34700.0,63.0,1,38400.0
47,Female,High School,Married,41335.77,56300.0,57.0,1,64700.0
29,Male,High School,Married,166986.43,157100.0,68.0,1,196400.0
45,Female,Master,Married,89104.8,147800.0,84.0,1,206900.0
23,Male,High School,Divorced,48030.11,0.0,40.0,0,0.0
41,Male,High School,Single,31319.11,46500.0,55.0,1,53500.0
51,Female,Bachelor,Married,67568.35,93100.0,75.0,1,121000.0
18,Male,High School,Single,55521.44,46000.0,54.0,1,52900.0
27,Male,Master,Married,43206.81,76400.0,66.0,1,95500.0
42,Male,High School,Single,24026.95,0.0,38.0,0,0.0
33,Female,Bachelor,Married,15142.07,32900.0,65.0,1,29500.0
40,Male,High School,Single,53333.58,25800.0,51.0,1,29700.0
29,Male,Bachelor,Married,75696.25,0.0,54.0,1,113500.0
36,Female,Bachelor,Single,38214.82,48300.0,65.0,1,60400.0
34,Female,High School,Married,42067.82,41500.0,52.0,1,47700.0
48,Male,PhD,Married,63403.68,150000.0,85.0,1,203300.0
38,Male,High School,Single,39827.54,29500.0,50.0,1,33900.0
39,Female,Bachelor,Single,34640.35,0.0,48.0,1,52000.0
31,Male,PhD,Single,81552.19,107700.0,84.0,1,150800.0
30,Female,Bachelor,Single,48842.05,0.0,56.0,1,73300.0
31,Male,Bachelor,Single,65855.14,32700.0,61.0,1,40900.0
40,Female,High School,Married,51775.23,118600.0,70.0,1,145200.0
31,Female,High School,Married,80566.0,182600.0,76.0,1,225900.0
39,Female,High School,Married,103740.42,174700.0,71.0,1,227100.0
58,Male,PhD,Single,90725.43,0.0,64.0,1,136100.0
45,Female,PhD,Single,86828.57,146000.0,84.0,1,204400.0
32,Male,High School,Married,66806.92,161800.0,70.0,1,187400.0
49,Female,High School,Married,396742.0,890100.0,82.0,1,995500.0
31,Male,High School,Single,15435.97,10300.0,43.0,1,11300.0
18,Female,High School,Married,35588.23,74600.0,58.0,1,65700.0
24,Male,High School,Single,156975.78,322600.0,76.0,1,419400.0
18,Female,Bachelor,Single,115271.85,267200.0,80.0,1,374100.0
32,Male,Master,Married,101957.08,0.0,67.0,1,152900.0
36,Male,Bachelor,Single,149501.66,0.0,62.0,1,224300.0
54,Male,Bachelor,Divorced,33745.8,50700.0,63.0,1,63400.0
39,Male,Bachelor,Married,164412.1,244000.0,87.0,1,341600.0
33,Male,Bachelor,Married,23036.58,24600.0,67.0,1,30800.0
45,Male,Bachelor,Married,139029.31,0.0,64.0,1,208500.0
18,Female,High School,Single,53359.02,65700.0,59.0,1,75600.0
38,Male,High School,Married,36198.3,39400.0,57.0,1,45300.0
44,Female,Bachelor,Married,79219.79,191100.0,80.0,1,246800.0
19,Male,Master,Divorced,28049.23,37000.0,62.0,1,46200.0
48,Female,Bachelor,Single,33081.14,67600.0,70.0,1,87900.0
39,Male,Master,Married,31664.7,19200.0,65.0,1,24000.0
31,Female,High School,Married,19058.45,0.0,33.0,0,0.0
42,Female,Bachelor,Married,71994.05,127900.0,75.0,1,166300.0
60,Male,Master,Married,50431.83,71800.0,75.0,1,93300.0
38,Female,Bachelor,Married,394884.58,237900.0,82.0,1,333100.0
38,Male,Master,Widowed,42983.76,24300.0,62.0,1,30400.0
30,Male,Bachelor,Single,142084.8,254000.0,79.0,1,330200.0
26,Male,High School,Single,351044.92,766300.0,76.0,1,996200.0
45,Male,High School,Married,10239.65,15800.0,50.0,1,16100.0
26,Male,Bachelor,Married,12417.9,0.0,39.0,1,10200.0
36,Female,Master,Single,39660.85,57300.0,68.0,1,71600.0
30,Male,High School,Single,99556.92,64200.0,64.0,1,80200.0
41,Female,Bachelor,Single,93845.4,0.0,62.0,1,140800.0
39,Male,Bachelor,Married,36161.47,76800.0,72.0,1,99800.0
47,Male,High School,Married,22787.56,49300.0,62.0,1,35700.0
30,Female,High School,Married,106480.25,208400.0,71.0,1,270900.0
33,Female,High School,Married,48599.19,97100.0,65.0,1,85200.0
25,Female,High School,Married,16411.26,12600.0,41.0,0,12600.0
31,Female,High School,Married,150924.08,81400.0,72.0,1,105800.0
40,Female,High School,Married,220328.02,143700.0,72.0,1,186800.0
44,Female,High School,Married,15625.09,26600.0,50.0,1,27400.0
25,Male,Bachelor,Single,22463.93,26400.0,61.0,1,33000.0
45,Male,Bachelor,Divorced,113819.43,38100.0,65.0,1,47600.0
50,Male,Bachelor,Married,53082.2,0.0,58.0,1,79600.0
40,Male,Bachelor,Married,216512.16,174600.0,82.0,1,244400.0
56,Male,Master,Divorced,110251.8,0.0,60.0,1,165400.0
27,Female,Master,Married,40522.91,46400.0,66.0,1,58000.0
22,Male,Master,Married,87738.78,67400.0,75.0,1,87600.0
18,Female,High School,Married,76772.35,85400.0,61.0,1,106800.0
52,Female,Master,Married,10867.07,25700.0,68.0,1,20500.0
43,Male,Bachelor,Married,17537.97,29200.0,60.0,1,34200.0
35,Male,High School,Married,78035.19,134300.0,65.0,1,136800.0
39,Male,High School,Married,24555.88,55100.0,62.0,1,43000.0
23,Female,Bachelor,Single,58244.52,32000.0,64.0,1,40000.0
62,Female,High School,Single,31852.77,16600.0,47.0,1,18300.0
37,Male,High School,Divorced,58982.58,128700.0,66.0,1,113500.0
37,Female,Bachelor,Married,33921.32,0.0,50.0,1,50900.0
43,Male,Bachelor,Single,101782.82,0.0,62.0,1,152700.0
41,Female,Master,Married,32229.24,24500.0,65.0,1,30600.0
38,Female,Bachelor,Single,155995.22,209800.0,85.0,1,293700.0
27,Male,Bachelor,Single,32601.46,37400.0,61.0,1,46800.0
41,Male,High School,Widowed,54469.57,28700.0,57.0,1,33000.0
56,Male,Bachelor,Divorced,40448.59,71900.0,60.0,1,77400.0
50,Male,High School,Single,125495.6,0.0,52.0,1,188200.0
53,Female,Master,Married,128258.32,66500.0,79.0,1,86400.0
30,Male,High School,Married,122186.12,132800.0,71.0,1,172600.0
25,Female,Bachelor,Married,58037.92,21000.0,59.0,1,24100.0
34,Male,High School,Married,35844.8,0.0,40.0,0,0.0
36,Female,Bachelor,Single,53451.33,46700.0,68.0,1,58400.0
48,Female,Master,Single,349230.53,732600.0,93.0,1,1098900.0
18,Female,High School,Married,66676.48,130300.0,61.0,1,123000.0
52,Male,Bachelor,Married,374389.25,797200.0,92.0,1,1043800.0
34,Male,Bachelor,Married,43594.49,20800.0,55.0,1,23900.0
31,Female,Master,Single,124467.57,73800.0,77.0,1,95900.0
24,Male,Bachelor,Single,52147.04,50500.0,64.0,1,63100.0
18,Male,High School,Married,135473.41,262500.0,67.0,1,249900.0
45,Male,High School,Married,57170.33,20300.0,53.0,1,23300.0
36,Female,Bachelor,Single,64193.53,40300.0,68.0,1,50400.0
21,Female,High School,Married,61984.93,86500.0,61.0,1,108100.0
21,Female,High School,Married,130542.49,0.0,50.0,1,195800.0
32,Male,High School,Single,33467.01,17700.0,50.0,1,20400.0
54,Male,Bachelor,Single,318034.36,318400.0,85.0,1,445800.0
33,Female,PhD,Single,10045.77,8300.0,58.0,1,9500.0
19,Male,Master,Divorced,13077.04,0.0,38.0,0,0.0
33,Male,Bachelor,Married,52661.44,0.0,58.0,1,79000.0
33,Female,Master,Married,153940.2,119800.0,85.0,1,167700.0
18,Male,High School,Married,41143.53,69000.0,53.0,1,75900.0
35,Male,Bachelor,Married,77659.04,173800.0,80.0,1,242000.0
33,Male,High School,Single,88859.87,86200.0,64.0,1,107800.0
43,Male,Bachelor,Married,23776.69,9700.0,55.0,1,11200.0
56,Male,PhD,Married,32689.35,0.0,52.0,1,49000.0
48,Female,Master,Single,20792.44,39000.0,61.0,1,47700.0
33,Male,Bachelor,Single,59358.98,80000.0,73.0,1,104000.0
23,Male,Bachelor,Married,81104.27,100700.0,77.0,1,130900.0
64,Female,Master,Married,34920.04,67800.0,67.0,1,58000.0
36,Female,High School,Single,395282.47,480800.0,75.0,1,625000.0
36,Male,Bachelor,Married,123391.98,0.0,64.0,1,185100.0
35,Female,High School,Divorced,63772.53,144000.0,66.0,1,122700.0
38,Female,Master,Single,52371.29,44900.0,71.0,1,58400.0
34,Male,High School,Married,25671.72,42100.0,57.0,1,45000.0
29,Male,High School,Married,83745.1,0.0,50.0,1,125600.0
29,Male,Bachelor,Single,269604.93,385300.0,81.0,1,539400.0
35,Female,High School,Married,145841.9,122800.0,66.0,1,153500.0
30,Male,High School,Married,19027.03,36700.0,50.0,1,33300.0
28,Male,Bachelor,Married,15258.92,12800.0,51.0,1,14700.0
37,Female,Master,Single,389832.48,922200.0,93.0,1,1383300.0
33,Male,High School,Married,43577.99,0.0,40.0,1,65400.0
52,Female,Master,Married,75605.32,0.0,61.0,1,113400.0
18,Female,Bachelor,Single,21942.49,0.0,37.0,0,0.0
48,Male,Bachelor,Single,90238.36,0.0,62.0,1,135400.0
49,Female,Bachelor,Divorced,10111.03,14900.0,56.0,1,17100.0
18,Male,High School,Married,48039.07,20200.0,49.0,1,22200.0
32,Male,High School,Married,21322.24,10500.0,38.0,1,11600.0
31,Male,High School,Single,35911.19,39000.0,55.0,1,44800.0
20,Female,High School,Married,86747.51,94800.0,67.0,1,118500.0
27,Female,High School,Single,11525.18,9000.0,39.0,1,9900.0
23,Male,High School,Single,22735.51,0.0,34.0,0,0.0
55,Male,Bachelor,Widowed,16519.39,22200.0,57.0,1,25500.0
46,Male,Bachelor,Single,12102.63,27700.0,63.0,1,25700.0
49,Female,Master,Married,369163.45,155500.0,78.0,1,202200.0
43,Female,High School,Married,63918.42,68100.0,65.0,1,85100.0
23,Female,High School,Married,159341.11,173800.0,73.0,1,225900.0
30,Female,Bachelor,Married,33878.09,13000.0,55.0,1,14900.0
41,Female,High School,Married,16344.05,28200.0,50.0,1,28600.0
22,Male,Bachelor,Married,75683.03,46400.0,66.0,1,58000.0
43,Male,Bachelor,Single,14025.42,14900.0,58.0,1,17100.0
33,Female,Bachelor,Single,87698.13,215600.0,84.0,1,301800.0
31,Male,High School,Married,14804.92,0.0,33.0,0,0.0
43,Male,High School,Married,62911.91,55100.0,60.0,1,68900.0
40,Female,High School,Single,153668.0,0.0,58.0,1,230500.0
32,Female,High School,Single,319975.41,476300.0,75.0,1,619200.0
48,Male,High School,Married,89810.17,0.0,54.0,1,134700.0
24,Female,Bachelor,Married,83260.39,157900.0,77.0,1,205300.0
42,Female,High School,Married,13415.09,20800.0,50.0,1,23500.0
42,Male,Bachelor,Single,49569.87,66400.0,73.0,1,86300.0
32,Male,High School,Married,203457.98,0.0,60.0,1,305200.0
39,Male,High School,Married,30317.0,23600.0,52.0,1,27100.0
22,Male,High School,Single,66473.37,145500.0,64.0,1,149600.0
46,Female,High School,Single,73670.58,140000.0,63.0,1,140900.0
33,Male,High School,Married,83597.67,62100.0,66.0,1,77600.0
30,Male,High School,Divorced,89529.32,63300.0,62.0,1,79100.0
47,Male,High School,Single,31400.47,49300.0,55.0,1,56700.0
28,Male,High School,Single,69551.12,0.0,42.0,0,0.0
20,Male,Bachelor,Single,17208.97,23400.0,54.0,1,26900.0
18,Female,Master,Married,70135.28,73100.0,74.0,1,95000.0
42,Male,High School,Widowed,11083.76,24100.0,52.0,1,20800.0
21,Female,High School,Married,100353.66,0.0,50.0,1,150500.0
55,Female,Bachelor,Married,169987.99,290400.0,87.0,1,406600.0
18,Male,Bachelor,Married,75401.28,76800.0,71.0,1,99800.0
54,Female,PhD,Single,18145.13,14100.0,58.0,1,16200.0
38,Female,High School,Married,163330.36,0.0,60.0,1,245000.0
34,Male,High School,Married,97572.75,232100.0,76.0,1,273600.0
30,Male,Bachelor,Single,63696.6,102500.0,73.0,1,133200.0
40,Female,Bachelor,Single,234268.37,0.0,68.0,1,351400.0
35,Female,High School,Married,17929.68,43400.0,55.0,1,31400.0
48,Male,Bachelor,Married,54672.07,116700.0,80.0,1,152400.0
37,Male,High School,Married,76145.62,170900.0,70.0,1,213500.0
37,Male,High School,Single,14654.81,19000.0,48.0,1,20900.0
32,Male,Bachelor,Single,64773.25,147200.0,78.0,1,191400.0
35,Male,High School,Single,81810.58,71200.0,64.0,1,89000.0
39,Male,Bachelor,Single,30007.84,61900.0,70.0,1,80500.0
18,Male,Bachelor,Married,56546.96,93200.0,71.0,1,121200.0
21,Male,Master,Single,20203.18,48400.0,62.0,1,54500.0
44,Male,High School,Married,75842.96,0.0,48.0,1,113800.0
37,Male,High School,Married,63175.3,36100.0,60.0,1,45100.0
33,Male,High School,Married,15982.73,0.0,33.0,0,0.0
36,Male,Bachelor,Married,60653.61,149800.0,80.0,1,189000.0
39,Female,Bachelor,Single,34677.81,21500.0,60.0,1,26900.0
30,Female,High School,Married,51241.31,26800.0,60.0,1,33500.0
27,Male,Bachelor,Married,42434.17,52900.0,63.0,1,66100.0
38,Male,Bachelor,Married,34743.1,65500.0,67.0,1,67700.0
25,Male,High School,Single,30861.19,49800.0,51.0,1,57300.0
40,Male,Bachelor,Married,141443.43,335000.0,86.0,1,440700.0
18,Male,High School,Married,25707.43,53500.0,58.0,1,47400.0
47,Male,Bachelor,Married,10941.67,17100.0,60.0,1,19100.0
41,Female,Bachelor,Married,16577.51,18100.0,60.0,1,22600.0
38,Male,High School,Single,10845.96,23200.0,53.0,1,23200.0
46,Male,Bachelor,Married,17930.43,0.0,43.0,1,26900.0
54,Female,Bachelor,Married,40405.56,89900.0,72.0,1,112700.0
47,Female,High School,Divorced,44732.45,72500.0,53.0,1,77000.0
18,Male,Bachelor,Single,39692.61,73700.0,61.0,1,92100.0
21,Male,High School,Married,21689.5,8700.0,34.0,0,8700.0
29,Male,Bachelor,Divorced,10266.19,25400.0,57.0,1,23100.0
36,Male,Master,Single,70148.14,137500.0,76.0,1,178800.0
41,Male,Bachelor,Married,52413.15,82800.0,75.0,1,107600.0
28,Male,High School,Single,56031.09,82400.0,59.0,1,94800.0
38,Male,High School,Single,78054.09,0.0,46.0,0,0.0
27,Female,High School,Married,27815.0,11200.0,41.0,0,11200.0
29,Female,Bachelor,Married,53091.52,58500.0,71.0,1,76000.0
20,Male,Bachelor,Single,123466.07,0.0,58.0,1,185200.0
25,Male,High School,Married,48746.46,33400.0,56.0,1,38400.0
21,Male,Master,Single,11757.93,12100.0,57.0,1,13900.0
25,Male,High School,Single,51590.27,91800.0,59.0,1,105600.0
47,Male,Bachelor,Married,55172.54,129500.0,80.0,1,153800.0
25,Female,Bachelor,Married,84181.57,208100.0,82.0,1,276100.0
64,Female,Bachelor,Single,58285.65,113800.0,70.0,1,147900.0
41,Female,Bachelor,Married,57324.06,51100.0,70.0,1,66400.0
38,Female,High School,Married,11511.86,0.0,33.0,0,0.0
26,Female,Master,Single,45724.73,44600.0,67.0,1,55800.0
43,Female,Bachelor,Married,104434.1,224000.0,86.0,1,313600.0
29,Female,Bachelor,Single,77533.71,0.0,52.0,1,116300.0
37,Male,Bachelor,Married,21638.16,9500.0,48.0,1,10400.0
64,Male,High School,Married,78471.63,108900.0,62.0,1,108600.0
34,Female,Bachelor,Divorced,166790.49,285500.0,83.0,1,399700.0
48,Female,Bachelor,Single,160807.11,53800.0,73.0,1,69900.0
28,Male,Bachelor,Married,28809.2,0.0,46.0,1,43200.0
35,Male,Bachelor,Married,77905.36,184700.0,80.0,1,242800.0
55,Male,Master,Married,78776.42,31800.0,66.0,1,39800.0
29,Female,High School,Married,56635.37,38300.0,56.0,1,44000.0
55,Male,Bachelor,Married,86429.41,45600.0,76.0,1,59300.0
43,Female,High School,Widowed,44952.79,50000.0,54.0,1,57500.0
29,Female,Bachelor,Widowed,140516.75,156400.0,74.0,1,203300.0
42,Female,High School,Married,118493.56,284700.0,76.0,1,332300.0
46,Male,High School,Married,30225.04,62300.0,62.0,1,47400.0
42,Male,High School,Married,16989.32,28900.0,50.0,1,29800.0
18,Male,High School,Married,45350.09,77700.0,61.0,1,83700.0
28,Male,High School,Married,29091.74,51400.0,53.0,1,53700.0
33,Male,Bachelor,Married,47205.19,31900.0,70.0,1,41500.0
35,Female,High School,Single,36356.14,39200.0,55.0,1,45100.0
42,Male,Bachelor,Married,35893.23,0.0,50.0,1,53800.0
37,Female,High School,Divorced,143194.32,0.0,50.0,1,214800.0
21,Female,High School,Single,51794.58,71400.0,59.0,1,82100.0
40,Male,High School,Married,21334.71,45700.0,55.0,1,37400.0
42,Female,High School,Married,69040.3,103500.0,65.0,1,121000.0
42,Female,High School,Married,70013.79,154300.0,70.0,1,196300.0
47,Male,PhD,Married,34517.96,67000.0,72.0,1,87100.0
45,Male,High School,Married,295370.88,438800.0,77.0,1,570400.0
41,Male,Bachelor,Married,43583.84,49200.0,67.0,1,61500.0
35,Male,High School,Married,144182.18,0.0,54.0,1,216300.0
18,Female,Master,Married,33157.88,0.0,49.0,1,49700.0
40,Male,High School,Married,79490.03,197700.0,70.0,1,222900.0
38,Female,Master,Married,56315.81,92500.0,78.0,1,120200.0
38,Male,High School,Widowed,222242.21,189800.0,69.0,1,237200.0
21,Male,High School,Single,32101.89,77600.0,56.0,1,72200.0
24,Male,Bachelor,Married,22360.77,0.0,46.0,1,33500.0
47,Female,Bachelor,Married,116416.53,263100.0,86.0,1,324600.0
35,Male,High School,Married,15040.89,20800.0,50.0,1,23900.0
43,Male,High School,Divorced,142082.89,263000.0,67.0,1,273300.0
36,Female,Bachelor,Single,16518.44,12300.0,53.0,1,14100.0
36,Female,High School,Married,61533.08,94200.0,65.0,1,107900.0
46,Male,Bachelor,Married,60446.84,0.0,58.0,1,90700.0
30,Male,Bachelor,Married,22030.33,18100.0,62.0,1,22600.0
37,Male,Bachelor,Married,169300.15,111100.0,82.0,1,155500.0
30,Male,High School,Single,55407.32,0.0,46.0,1,83100.0
31,Female,Bachelor,Married,30234.07,0.0,50.0,1,45400.0
32,Female,High School,Married,22465.86,19700.0,52.0,1,22700.0
38,Female,High School,Married,21482.12,35400.0,50.0,1,37700.0
30,Male,Bachelor,Married,67255.76,60300.0,70.0,1,78400.0
49,Female,Master,Married,22535.27,32600.0,70.0,1,42400.0
26,Male,High School,Single,27777.46,50200.0,51.0,1,57700.0
33,Female,High School,Married,169133.63,73100.0,65.0,1,91400.0
31,Male,Bachelor,Single,30641.14,0.0,48.0,1,46000.0
51,Male,High School,Single,152046.46,165300.0,75.0,1,214900.0
38,Female,Bachelor,Married,315047.16,452700.0,87.0,1,633800.0
47,Male,PhD,Married,132474.45,0.0,69.0,1,198700.0
19,Female,PhD,Married,19998.63,47800.0,66.0,1,47100.0
38,Female,High School,Married,93631.89,67200.0,66.0,1,84000.0
45,Male,Bachelor,Married,42985.74,72200.0,67.0,1,74900.0
36,Female,Master,Single,38515.27,81800.0,73.0,1,106300.0
47,Male,High School,Widowed,370017.03,459900.0,74.0,1,597900.0
30,Male,Bachelor,Divorced,22389.45,23200.0,63.0,1,29000.0
51,Female,High School,Married,48815.76,26700.0,60.0,1,33400.0
61,Female,High School,Single,26735.21,0.0,35.0,0,0.0
32,Male,PhD,Married,35651.9,0.0,55.0,1,53500.0
31,Male,Bachelor,Single,49158.94,0.0,56.0,1,73700.0
51,Male,High School,Married,173839.23,0.0,60.0,1,260800.0
53,Female,Bachelor,Single,39217.66,0.0,48.0,1,58800.0
30,Female,Bachelor,Married,40574.71,0.0,50.0,1,60900.0
31,Male,Master,Single,17006.2,15500.0,56.0,1,17800.0
32,Female,High School,Single,36511.81,0.0,38.0,0,0.0
21,Male,High School,Single,27084.33,63600.0,56.0,1,60900.0
25,Male,High School,Single,20920.5,42000.0,49.0,1,46200.0
24,Female,Bachelor,Married,74201.3,147300.0,71.0,1,191500.0
27,Male,High School,Married,15012.88,20800.0,46.0,1,22900.0
35,Male,High School,Married,84675.24,141200.0,71.0,1,183600.0
38,Female,PhD,Married,41867.9,85000.0,77.0,1,110500.0
53,Male,Master,Single,90048.53,79800.0,77.0,1,103700.0
25,Male,Bachelor,Married,43271.26,40700.0,58.0,1,46800.0
46,Female,Master,Married,14361.13,32200.0,68.0,1,27000.0
33,Female,Master,Divorced,127993.22,0.0,63.0,1,192000.0
35,Female,Bachelor,Married,23962.21,43000.0,67.0,1,46700.0
43,Male,Bachelor,Married,168981.94,392300.0,92.0,1,526500.0
23,Male,Master,Married,34401.71,0.0,49.0,1,51600.0
40,Female,Bachelor,Married,85756.69,0.0,64.0,1,128600.0
37,Male,High School,Divorced,39958.76,95500.0,58.0,1,76900.0
41,Male,High School,Married,85409.16,51600.0,66.0,1,64500.0
39,Male,High School,Single,43809.95,36500.0,50.0,1,42000.0
63,Male,Master,Married,84865.7,100500.0,81.0,1,140700.0
28,Male,Bachelor,Single,54442.59,0.0,52.0,1,81700.0
30,Female,Master,Married,23612.59,11700.0,58.0,1,13500.0
29,Female,Bachelor,Married,72911.39,57600.0,66.0,1,72000.0
29,Male,High School,Married,51977.53,70100.0,61.0,1,87600.0
28,Female,Bachelor,Married,83839.8,0.0,60.0,1,125800.0
49,Female,High School,Single,87635.53,94300.0,69.0,1,117900.0
51,Female,High School,Widowed,11455.32,18900.0,47.0,1,19300.0
29,Male,Bachelor,Single,55612.77,111200.0,69.0,1,139000.0
26,Male,Bachelor,Single,146270.26,205100.0,75.0,1,266600.0
41,Male,Bachelor,Married,77636.61,99900.0,75.0,1,129900.0
29,Male,High School,Divorced,68054.05,70100.0,57.0,1,80600.0
42,Male,Bachelor,Married,61606.46,68400.0,75.0,1,88900.0
38,Male,High School,Married,58771.12,87400.0,65.0,1,103000.0
19,Male,Bachelor,Married,326512.99,382500.0,83.0,1,535500.0
53,Male,High School,Single,18934.74,0.0,31.0,0,0.0
55,Male,Bachelor,Married,13466.03,22500.0,60.0,1,23500.0
29,Male,High School,Married,251719.08,627400.0,78.0,1,743100.0
31,Female,High School,Divorced,32581.55,30800.0,48.0,1,33900.0
39,Male,Bachelor,Single,65259.76,36800.0,68.0,1,46000.0
39,Female,Bachelor,Married,82919.46,0.0,64.0,1,124400.0
43,Female,Bachelor,Married,64660.93,105700.0,75.0,1,137400.0
58,Female,Bachelor,Married,89028.42,135800.0,78.0,1,176500.0
34,Female,Master,Married,58993.35,31600.0,73.0,1,41100.0
27,Female,Master,Married,76176.94,91600.0,74.0,1,119100.0
20,Male,High School,Single,79152.13,172500.0,64.0,1,178100.0
27,Female,High School,Married,146736.36,198300.0,67.0,1,247900.0
35,Female,Bachelor,Married,14404.57,0.0,43.0,1,21600.0
55,Female,High School,Married,27920.55,11200.0,45.0,1,12300.0
30,Male,High School,Married,35898.49,0.0,40.0,1,53800.0
38,Male,High School,Married,74638.4,0.0,48.0,1,112000.0
35,Female,High School,Married,27925.31,45400.0,57.0,1,48900.0
49,Female,Bachelor,Married,29739.25,0.0,50.0,1,44600.0
63,Female,High School,Single,20344.76,45700.0,50.0,1,34300.0
30,Male,High School,Married,162946.13,115300.0,72.0,1,149900.0
30,Male,Master,Single,26226.96,48900.0,68.0,1,61100.0
47,Male,Master,Married,43467.18,20000.0,58.0,1,23000.0
43,Male,Master,Married,73261.48,108800.0,78.0,1,141400.0
56,Male,High School,Single,15961.06,15300.0,40.0,0,15300.0
42,Male,High School,Married,26619.88,65200.0,62.0,1,46700.0
32,Male,High School,Single,77858.78,177500.0,68.0,1,166400.0
42,Male,High School,Divorced,86435.78,109700.0,67.0,1,137100.0
48,Male,High School,Single,47922.68,104400.0,68.0,1,91700.0
45,Female,Master,Widowed,68433.51,0.0,58.0,1,102700.0
41,Female,PhD,Married,42174.04,60900.0,72.0,1,79200.0
47,Female,Bachelor,Single,175727.06,0.0,68.0,1,263600.0
48,Male,Bachelor,Single,23659.21,42700.0,65.0,1,50300.0
51,Female,Bachelor,Single,80597.47,0.0,62.0,1,120900.0
43,Male,Bachelor,Single,115326.56,170400.0,79.0,1,221500.0
34,Female,Master,Single,34454.6,32400.0,63.0,1,40500.0
37,Female,Bachelor,Married,40025.85,61600.0,67.0,1,77000.0
49,Female,High School,Single,69531.05,0.0,46.0,1,104300.0
27,Female,High School,Married,24531.38,48200.0,53.0,1,45300.0
40,Male,Bachelor,Married,143148.14,356300.0,86.0,1,446000.0
31,Male,High School,Married,24709.65,10200.0,45.0,1,11200.0
36,Female,Master,Single,29991.21,0.0,51.0,1,45000.0
50,Male,Bachelor,Divorced,140240.79,301200.0,82.0,1,421700.0
38,Male,Bachelor,Married,44802.54,16800.0,55.0,1,19300.0
36,Female,High School,Married,155423.73,246600.0,77.0,1,320600.0
21,Male,Bachelor,Single,28975.96,65600.0,66.0,1,72400.0
44,Female,High School,Married,168889.71,261600.0,77.0,1,340100.0
43,Female,Bachelor,Married,27201.38,43400.0,67.0,1,53000.0
59,Male,High School,Divorced,30831.81,76800.0,55.0,1,53100.0
32,Male,PhD,Married,74115.96,168600.0,85.0,1,236000.0
38,Male,Bachelor,Married,31442.91,53300.0,67.0,1,61200.0
38,Male,Bachelor,Married,38780.27,0.0,50.0,1,58200.0
53,Male,Master,Married,36963.97,26700.0,65.0,1,33400.0
34,Male,PhD,Single,75027.8,161800.0,83.0,1,226500.0
39,Male,High School,Married,127823.74,0.0,54.0,1,191700.0
42,Male,Bachelor,Single,94961.69,0.0,62.0,1,142400.0
38,Female,High School,Married,84271.83,35700.0,59.0,1,41100.0
31,Female,Bachelor,Single,10888.27,0.0,41.0,1,16300.0
38,Female,High School,Married,32672.79,68300.0,62.0,1,57300.0
47,Male,Bachelor,Married,28944.63,70700.0,72.0,1,80700.0
24,Male,Bachelor,Married,13555.97,25400.0,56.0,1,27800.0
37,Female,Bachelor,Married,55198.09,36700.0,70.0,1,47700.0
28,Male,Bachelor,Married,57224.37,0.0,54.0,1,85800.0
49,Male,Bachelor,Divorced,175980.72,366400.0,88.0,1,513000.0
19,Female,High School,Married,177484.76,384700.0,78.0,1,500100.0
29,Male,Master,Married,70691.61,49400.0,69.0,1,61800.0
40,Male,Bachelor,Married,295424.48,424200.0,87.0,1,593900.0
53,Female,Bachelor,Single,47176.43,79200.0,73.0,1,103000.0
35,Female,PhD,Married,162336.19,290800.0,92.0,1,436200.0
29,Male,High School,Married,12046.62,21800.0,46.0,1,22200.0
56,Male,Bachelor,Single,11711.0,3900.0,43.0,1,4300.0
20,Female,Bachelor,Single,64083.19,0.0,52.0,1,96100.0
18,Female,High School,Married,14170.49,22300.0,46.0,1,24500.0
40,Male,High School,Single,11159.64,0.0,31.0,0,0.0
30,Female,Bachelor,Single,25402.49,50400.0,65.0,1,60300.0
24,Female,High School,Married,89655.17,0.0,50.0,1,134500.0
43,Male,Bachelor,Married,156134.31,103600.0,82.0,1,145000.0
38,Female,Bachelor,Married,35766.82,41900.0,67.0,1,52400.0
29,Female,Bachelor,Single,246795.63,379800.0,81.0,1,531700.0
21,Male,Bachelor,Single,128559.61,0.0,58.0,1,192800.0
45,Female,Master,Married,36443.62,35300.0,65.0,1,44100.0
43,Male,High School,Married,80292.58,154300.0,71.0,1,200600.0
34,Female,Bachelor,Married,388210.01,122200.0,75.0,1,158900.0
56,Female,Bachelor,Married,101041.24,181100.0,78.0,1,235400.0
24,Male,High School,Divorced,26407.76,63100.0,54.0,1,53500.0
19,Female,PhD,Single,35054.15,22100.0,61.0,1,27600.0
28,Female,Master,Married,174464.4,380800.0,91.0,1,571200.0
35,Male,High School,Married,65364.39,46300.0,60.0,1,57900.0
38,Male,Bachelor,Married,36580.77,44800.0,67.0,1,56000.0
33,Male,Bachelor,Widowed,28755.69,0.0,47.0,1,43100.0
39,Female,High School,Married,81528.24,165600.0,76.0,1,215300.0
22,Female,Master,Married,35921.01,39200.0,66.0,1,49000.0
51,Female,Bachelor,Married,62181.38,66400.0,75.0,1,86300.0
35,Male,Bachelor,Single,69417.96,70000.0,73.0,1,91000.0
48,Male,High School,Single,37979.42,0.0,38.0,1,29100.0
39,Male,High School,Married,26910.79,0.0,40.0,0,0.0
41,Male,High School,Single,120730.06,126700.0,69.0,1,158400.0
42,Male,Bachelor,Married,56272.97,72000.0,75.0,1,93600.0
40,Male,Bachelor,Widowed,88207.18,67600.0,73.0,1,87900.0
43,Male,High School,Married,46933.57,80000.0,65.0,1,82300.0
50,Female,High School,Married,23298.15,49700.0,62.0,1,36500.0
38,Female,Bachelor,Single,61008.13,56700.0,68.0,1,70900.0
43,Female,Bachelor,Married,69211.21,53200.0,70.0,1,69200.0
35,Male,Bachelor,Single,13946.77,18000.0,58.0,1,20700.0
51,Female,Bachelor,Married,20283.19,36600.0,60.0,1,35300.0
28,Female,High School,Single,52622.26,62900.0,59.0,1,72300.0
55,Female,High School,Married,30386.4,19000.0,52.0,1,21800.0
35,Male,High School,Married,287349.17,200200.0,72.0,1,260300.0
20,Male,Bachelor,Married,12425.98,11600.0,51.0,1,13300.0
37,Male,High School,Single,28672.08,61200.0,60.0,1,61300.0
28,Male,Bachelor,Single,175266.88,248900.0,81.0,1,348500.0
45,Female,Bachelor,Married,68410.22,109000.0,75.0,1,141700.0
28,Female,PhD,Married,84134.99,62500.0,77.0,1,81200.0
31,Male,PhD,Married,57121.48,0.0,63.0,1,85700.0
18,Male,Master,Married,17348.43,37200.0,64.0,1,38400.0
31,Female,Bachelor,Married,158692.04,117500.0,82.0,1,164500.0
18,Male,Bachelor,Single,31696.5,13600.0,49.0,1,15000.0
18,Female,Bachelor,Married,17496.56,30800.0,56.0,1,35400.0
44,Female,Master,Married,41854.05,0.0,53.0,1,62800.0
44,Male,Master,Single,51335.33,92700.0,76.0,1,120500.0
40,Female,High School,Widowed,30159.06,37500.0,54.0,1,43100.0
25,Male,High School,Married,19886.84,34600.0,46.0,1,36700.0
35,Female,Bachelor,Single,12770.76,31800.0,63.0,1,30300.0
35,Female,Bachelor,Single,34790.63,0.0,48.0,1,52200.0
23,Female,Bachelor,Married,15256.19,22300.0,56.0,1,25600.0
52,Male,Master,Married,37292.63,55500.0,70.0,1,72200.0
45,Male,Bachelor,Widowed,37364.12,49800.0,64.0,1,62200.0
33,Male,High School,Married,35305.07,0.0,40.0,1,53000.0
36,Male,PhD,Married,43775.95,0.0,55.0,1,65700.0
38,Female,High School,Single,52889.68,0.0,46.0,1,79300.0
18,Male,High School,Single,41207.0,32800.0,46.0,1,36100.0
33,Female,Bachelor,Married,67023.81,74200.0,75.0,1,96500.0
28,Male,High School,Married,149563.09,0.0,50.0,1,224300.0
24,Male,High School,Married,240224.31,0.0,56.0,1,360300.0
32,Female,High School,Married,49257.59,22200.0,53.0,1,25500.0
55,Male,High School,Married,39887.24,28500.0,52.0,1,32800.0
43,Female,Bachelor,Married,56328.77,112900.0,80.0,1,158100.0
29,Male,High School,Single,62563.19,45200.0,54.0,1,52000.0
42,Female,Bachelor,Married,23093.06,41100.0,67.0,1,45000.0
51,Female,High School,Married,74259.18,184700.0,70.0,1,186300.0
46,Female,Bachelor,Married,331238.7,566300.0,87.0,1,792800.0
36,Male,High School,Married,85574.67,115900.0,71.0,1,150700.0
28,Male,High School,Single,42493.47,90600.0,56.0,1,95600.0
43,Female,High School,Married,153462.21,306600.0,77.0,1,398600.0
40,Female,High School,Married,29408.97,54800.0,57.0,1,51500.0
45,Male,Bachelor,Single,30616.4,17100.0,60.0,1,21400.0
42,Male,Bachelor,Married,62176.58,105100.0,75.0,1,136600.0
47,Male,PhD,Married,50833.45,0.0,63.0,1,76300.0
30,Male,Master,Married,43787.6,18600.0,58.0,1,21400.0
50,Female,Bachelor,Married,81817.4,31500.0,69.0,1,39400.0
38,Male,High School,Married,25341.2,0.0,40.0,0,0.0
58,Male,Bachelor,Single,87590.87,109600.0,76.0,1,142500.0
28,Female,High School,Married,20118.69,47900.0,51.0,1,37100.0
55,Male,Bachelor,Married,86348.4,40100.0,69.0,1,50100.0
38,Female,High School,Married,28569.82,53900.0,57.0,1,50100.0
28,Female,Master,Single,29718.11,0.0,47.0,1,44600.0
30,Male,Master,Married,32808.28,29800.0,65.0,1,37200.0
32,Female,High School,Married,229324.15,228700.0,72.0,1,297300.0
40,Male,Bachelor,Married,65944.02,23100.0,63.0,1,28900.0
41,Male,Bachelor,Widowed,45414.08,0.0,55.0,1,68100.0
29,Male,High School,Married,84489.15,44000.0,62.0,1,55000.0
35,Male,Master,Married,215704.69,81200.0,78.0,1,105600.0
59,Male,High School,Married,33519.5,44600.0,54.0,1,51300.0
55,Male,High School,Single,86797.19,0.0,52.0,1,130200.0
40,Female,Bachelor,Married,81944.21,142600.0,81.0,1,199600.0
36,Female,High School,Married,79925.61,0.0,48.0,1,119900.0
37,Female,High School,Married,144490.11,205100.0,71.0,1,266600.0
42,Female,Bachelor,Married,64632.31,120100.0,75.0,1,156100.0
24,Male,Bachelor,Married,130143.36,110700.0,72.0,1,143900.0
33,Male,Bachelor,Married,24000.21,0.0,50.0,1,36000.0
18,Male,Bachelor,Married,23490.08,55200.0,68.0,1,48200.0
40,Male,High School,Married,41399.09,46400.0,57.0,1,53400.0
43,Female,Bachelor,Married,126778.69,63200.0,69.0,1,79000.0
30,Male,High School,Single,23242.37,49300.0,60.0,1,49700.0
53,Male,PhD,Married,74837.44,0.0,63.0,1,112300.0
22,Male,High School,Married,37715.96,60400.0,53.0,1,69500.0
19,Male,High School,Married,110469.63,65400.0,62.0,1,81800.0
38,Male,Master,Single,31446.55,61800.0,68.0,1,77200.0
47,Male,PhD,Married,70804.08,53000.0,75.0,1,68900.0
54,Female,Bachelor,Married,71832.68,28200.0,63.0,1,35200.0
30,Male,High School,Single,33755.66,22100.0,50.0,1,25400.0
47,Female,Bachelor,Married,61388.84,113000.0,75.0,1,146900.0
35,Male,High School,Married,10825.84,22100.0,55.0,1,19000.0
34,Male,Bachelor,Married,92005.53,77500.0,76.0,1,100800.0
45,Female,High School,Married,32569.3,32300.0,52.0,1,37100.0
43,Female,High School,Single,54132.42,35600.0,58.0,1,40900.0
18,Male,Bachelor,Married,43585.24,56500.0,63.0,1,70600.0
52,Female,High School,Married,36729.59,28800.0,52.0,1,33100.0
51,Male,Bachelor,Married,35466.69,87400.0,72.0,1,98900.0
29,Male,Bachelor,Married,63294.83,125800.0,71.0,1,163500.0
40,Female,Bachelor,Married,59828.64,96500.0,75.0,1,125400.0
41,Female,High School,Single,26135.58,0.0,38.0,0,0.0
38,Male,Master,Married,95412.88,63700.0,79.0,1,82800.0
29,Male,High School,Married,36593.45,70800.0,53.0,1,67500.0
28,Female,High School,Married,39921.61,42400.0,53.0,1,48800.0
35,Male,Bachelor,Single,20293.15,0.0,41.0,0,0.0
48,Male,High School,Married,18691.69,42000.0,55.0,1,29300.0
41,Male,High School,Married,42629.87,0.0,40.0,0,0.0
31,Female,High School,Married,21793.68,43400.0,50.0,1,38200.0
44,Male,Master,Married,88275.06,0.0,67.0,1,132400.0
18,Female,Master,Married,143300.73,277700.0,80.0,1,388800.0
48,Female,Bachelor,Single,55089.0,0.0,56.0,1,82600.0
18,Male,High School,Married,49785.99,0.0,44.0,1,74700.0
32,Female,High School,Married,44860.27,71500.0,57.0,1,78600.0
23,Female,High School,Married,29092.98,0.0,36.0,1,21500.0
21,Male,High School,Married,22781.33,8400.0,41.0,0,8400.0
48,Male,High School,Single,62597.07,134200.0,68.0,1,119700.0
30,Female,Bachelor,Married,78664.49,117100.0,75.0,1,152200.0
39,Female,Bachelor,Married,42488.4,14300.0,55.0,1,16400.0
35,Male,High School,Married,32983.97,29700.0,52.0,1,34200.0
41,Female,Bachelor,Single,58231.3,105000.0,73.0,1,136500.0
36,Female,Bachelor,Married,80028.19,189400.0,86.0,1,249400.0
21,Female,Bachelor,Single,33586.67,72400.0,66.0,1,84000.0
46,Female,High School,Married,23978.68,30700.0,57.0,1,35300.0
30,Male,Master,Single,84948.74,78900.0,77.0,1,102600.0
18,Male,Bachelor,Widowed,74511.32,73200.0,63.0,1,91500.0
31,Female,High School,Widowed,93313.09,178600.0,68.0,1,175500.0
52,Male,Bachelor,Married,22208.3,0.0,50.0,1,33300.0
45,Female,High School,Widowed,48947.47,54000.0,62.0,1,67500.0
32,Male,Bachelor,Married,40904.97,68300.0,67.0,1,79700.0
32,Male,Bachelor,Single,66658.85,129300.0,73.0,1,168100.0
32,Male,Bachelor,Divorced,29711.93,64200.0,68.0,1,63500.0
58,Female,Bachelor,Single,12991.52,22200.0,55.0,1,25500.0
40,Female,Bachelor,Single,67808.61,0.0,56.0,1,101700.0
40,Male,High School,Married,48736.81,0.0,48.0,1,73100.0
47,Male,High School,Single,72773.12,133700.0,63.0,1,139200.0
38,Male,High School,Single,62123.73,73600.0,63.0,1,92000.0
33,Female,High School,Divorced,41744.12,97800.0,58.0,1,80300.0
33,Male,High School,Widowed,78949.21,61700.0,57.0,1,71000.0
35,Female,Bachelor,Married,10220.39,0.0,43.0,1,15300.0
35,Male,High School,Married,52492.41,123300.0,70.0,1,147200.0
44,Male,Bachelor,Divorced,66331.55,119500.0,71.0,1,155400.0
36,Female,Bachelor,Single,74640.61,152000.0,78.0,1,197600.0
44,Male,High School,Divorced,18581.51,0.0,29.0,0,0.0
35,Male,Bachelor,Married,40773.6,40000.0,62.0,1,50000.0
36,Male,PhD,Married,23132.03,0.0,55.0,1,34700.0
18,Male,High School,Married,22425.11,52900.0,58.0,1,41400.0
46,Male,Master,Widowed,312111.26,119400.0,75.0,1,155200.0
39,Male,Bachelor,Married,155144.43,211900.0,87.0,1,296700.0
46,Female,Bachelor,Married,80401.33,81200.0,81.0,1,113700.0
18,Female,High School,Married,25581.46,0.0,36.0,0,0.0
58,Female,Bachelor,Married,177186.24,438800.0,89.0,1,494000.0
34,Male,Bachelor,Married,55324.31,22200.0,63.0,1,27800.0
48,Female,Bachelor,Single,13003.96,25900.0,58.0,1,27600.0
24,Female,Bachelor,Married,51943.01,18400.0,59.0,1,21200.0
42,Male,Bachelor,Single,46946.13,41100.0,68.0,1,51400.0
24,Female,High School,Married,19716.69,36500.0,46.0,0,36500.0
29,Female,High School,Single,10067.72,9100.0,39.0,0,9100.0
57,Male,High School,Widowed,65870.09,108300.0,59.0,1,110900.0
33,Female,Master,Married,11103.61,26900.0,68.0,1,23400.0
38,Male,High School,Single,10537.54,0.0,31.0,0,0.0
45,Male,High School,Divorced,43497.11,93100.0,58.0,1,74900.0
41,Male,High School,Single,164285.98,119200.0,70.0,1,155000.0
37,Female,Master,Married,62769.43,56400.0,73.0,1,73300.0
40,Male,Bachelor,Married,65636.72,133400.0,80.0,1,186800.0
62,Female,PhD,Married,84065.07,160300.0,83.0,1,224400.0
35,Female,Bachelor,Married,80857.66,0.0,64.0,1,121300.0
38,Female,Master,Married,76122.68,94700.0,78.0,1,123100.0
47,Male,High School,Divorced,16438.78,0.0,29.0,0,0.0
48,Female,High School,Single,72352.01,105400.0,63.0,1,131800.0
49,Female,High School,Single,14720.3,0.0,31.0,0,0.0
43,Male,Bachelor,Married,68764.37,35800.0,70.0,1,46500.0
23,Female,Bachelor,Married,138572.8,174200.0,77.0,1,226500.0
53,Male,High School,Married,20378.08,50600.0,55.0,1,32000.0
23,Female,High School,Single,54839.43,57700.0,59.0,1,66400.0
39,Male,Bachelor,Married,12959.46,23700.0,60.0,1,25200.0
27,Male,High School,Married,226406.27,319900.0,73.0,1,415900.0
35,Male,Bachelor,Single,71062.55,145600.0,78.0,1,189300.0
39,Male,High School,Single,332934.7,648000.0,75.0,1,842400.0
39,Female,Bachelor,Married,55732.61,0.0,58.0,1,83600.0
40,Female,Bachelor,Single,37570.12,65100.0,65.0,1,81400.0
53,Female,Bachelor,Married,146528.2,349500.0,86.0,1,408500.0
40,Male,High School,Married,59448.52,23300.0,53.0,1,26800.0
33,Female,High School,Married,55341.85,66100.0,65.0,1,82600.0
46,Male,Bachelor,Married,42281.54,75500.0,67.0,1,73700.0
49,Female,Bachelor,Married,35102.38,47600.0,67.0,1,59500.0
22,Male,Bachelor,Married,76675.46,180200.0,76.0,1,234300.0
42,Male,Bachelor,Divorced,43282.79,0.0,46.0,1,64900.0
43,Female,High School,Married,108485.78,147200.0,71.0,1,191400.0
32,Male,Master,Married,14206.65,31000.0,68.0,1,29900.0
51,Male,Bachelor,Single,64550.25,126900.0,73.0,1,165000.0
34,Female,Bachelor,Married,110960.51,226400.0,86.0,1,317000.0
37,Male,Master,Married,20085.05,0.0,46.0,1,30100.0
34,Male,High School,Single,23918.27,25000.0,55.0,1,28700.0
36,Male,Bachelor,Single,12869.91,0.0,41.0,1,19300.0
23,Male,PhD,Single,53596.54,39800.0,69.0,1,49800.0
20,Male,High School,Single,43928.01,75200.0,51.0,1,86500.0
53,Female,High School,Married,318017.92,645600.0,82.0,1,798000.0
26,Male,Bachelor,Divorced,77229.68,35400.0,55.0,1,40700.0
25,Female,High School,Married,49878.95,80700.0,61.0,1,92000.0
18,Male,Master,Married,107460.95,0.0,63.0,1,161200.0
28,Male,High School,Married,40627.43,35800.0,48.0,1,39400.0
21,Female,Bachelor,Married,70547.89,175600.0,76.0,1,228300.0
54,Female,High School,Married,47030.47,65800.0,65.0,1,73800.0
47,Female,High School,Married,16788.04,37800.0,55.0,1,26300.0
28,Female,Master,Single,132784.69,0.0,61.0,1,199200.0
60,Male,Bachelor,Married,51916.22,101100.0,72.0,1,127700.0
46,Male,High School,Married,143364.67,68000.0,59.0,1,78200.0
32,Female,High School,Single,218239.88,98200.0,63.0,1,122800.0
18,Male,Bachelor,Single,81515.25,58900.0,70.0,1,76600.0
61,Male,Master,Single,145664.04,280000.0,79.0,1,364000.0
20,Male,Bachelor,Married,84209.03,210000.0,82.0,1,276200.0
18,Female,Bachelor,Married,273426.58,0.0,66.0,1,410100.0
47,Male,High School,Single,33774.18,41700.0,55.0,1,48000.0
62,Male,Master,Single,19127.01,32800.0,58.0,1,37700.0
51,Male,Bachelor,Single,34564.35,46500.0,65.0,1,58100.0
42,Female,Bachelor,Divorced,16863.81,0.0,39.0,0,0.0
42,Male,Bachelor,Married,34726.8,57500.0,67.0,1,67600.0
45,Male,Bachelor,Single,15895.79,23300.0,58.0,1,26800.0
44,Female,Bachelor,Married,40531.03,60100.0,67.0,1,75100.0
39,Female,Bachelor,Single,15822.54,0.0,41.0,0,0.0
37,Female,Master,Married,85535.75,48400.0,79.0,1,62900.0
35,Female,Bachelor,Single,40598.18,56800.0,65.0,1,71000.0
27,Male,Bachelor,Widowed,76159.8,83000.0,68.0,1,103800.0
32,Male,Master,Widowed,20783.9,0.0,43.0,1,31200.0
18,Male,High School,Married,69169.2,80100.0,61.0,1,100100.0
34,Female,High School,Married,19862.09,37000.0,50.0,1,34800.0
25,Male,Bachelor,Married,12901.88,8900.0,51.0,1,10200.0
23,Female,Master,Widowed,23678.44,56200.0,68.0,1,56300.0
37,Female,High School,Married,151650.06,202400.0,77.0,1,263100.0
51,Male,High School,Single,58572.46,61400.0,63.0,1,76800.0
46,Male,High School,Single,319613.03,110800.0,63.0,1,138500.0
18,Male,High School,Single,48482.75,52400.0,59.0,1,60300.0
25,Male,High School,Married,43979.9,73700.0,53.0,1,81100.0
46,Male,Bachelor,Single,293325.23,602500.0,90.0,1,903800.0
25,Female,Master,Married,22219.1,42400.0,66.0,1,49200.0
33,Male,Bachelor,Married,15712.92,24500.0,60.0,1,30600.0
42,Male,High School,Married,161074.88,0.0,60.0,1,241600.0
25,Male,Master,Married,41900.04,61000.0,66.0,1,76200.0
37,Female,Bachelor,Married,65756.76,158900.0,80.0,1,204900.0
21,Female,High School,Married,11511.24,27900.0,51.0,1,21200.0
29,Female,High School,Married,20874.04,0.0,29.0,0,0.0
39,Female,Bachelor,Single,89152.67,59500.0,74.0,1,77400.0
18,Male,Bachelor,Single,10758.33,25300.0,59.0,1,26900.0
40,Male,Bachelor,Married,97026.1,167400.0,81.0,1,234400.0
35,Male,High School,Married,70451.75,95200.0,65.0,1,119000.0
42,Male,Bachelor,Married,34279.71,0.0,50.0,1,51400.0
38,Female,High School,Married,71489.46,96400.0,65.0,1,120500.0
51,Male,Bachelor,Single,59270.07,80100.0,73.0,1,104100.0
37,Male,Bachelor,Single,47265.44,59000.0,73.0,1,76700.0
31,Female,High School,Divorced,35348.08,80300.0,58.0,1,68000.0
37,Female,High School,Single,103630.1,0.0,52.0,1,155400.0
41,Female,High School,Married,120713.32,0.0,54.0,1,181100.0
36,Male,High School,Married,35396.33,28400.0,52.0,1,32700.0
36,Female,High School,Single,108763.79,64100.0,64.0,1,80100.0
28,Male,Bachelor,Single,69410.82,105500.0,69.0,1,131900.0
28,Male,Bachelor,Married,154324.64,156600.0,83.0,1,219200.0
20,Female,Bachelor,Married,23512.95,36900.0,63.0,1,46100.0
55,Female,Bachelor,Single,72876.26,0.0,56.0,1,109300.0
22,Male,Bachelor,Single,33716.99,81000.0,66.0,1,84300.0
28,Male,Master,Single,49384.95,48000.0,67.0,1,60000.0
28,Male,High School,Single,76785.54,0.0,42.0,1,115200.0
45,Male,Bachelor,Single,58990.04,24900.0,61.0,1,31100.0
32,Female,High School,Married,53203.36,0.0,48.0,1,79800.0
49,Male,High School,Single,57710.49,81600.0,63.0,1,102000.0
28,Female,Bachelor,Married,69579.01,113100.0,71.0,1,147000.0
39,Female,Bachelor,Single,142205.06,73400.0,74.0,1,95400.0
26,Female,Bachelor,Married,105268.64,88400.0,72.0,1,114900.0
59,Male,High School,Married,43542.64,0.0,37.0,0,0.0
22,Male,High School,Married,252367.59,0.0,56.0,1,378600.0
39,Male,Master,Single,57073.08,51000.0,71.0,1,66300.0
42,Male,High School,Single,26294.62,40800.0,55.0,1,46900.0
40,Male,High School,Married,11446.33,0.0,33.0,0,0.0
33,Female,High School,Married,396058.02,534800.0,77.0,1,695200.0
34,Male,PhD,Single,75362.58,0.0,61.0,1,113000.0
36,Female,High School,Single,40101.71,48200.0,55.0,1,55400.0
34,Male,Bachelor,Married,63066.91,53600.0,70.0,1,69700.0
46,Female,Bachelor,Single,31536.05,37900.0,65.0,1,47400.0
60,Female,Bachelor,Married,397116.18,838800.0,89.0,1,976900.0
29,Male,Master,Widowed,54031.06,83000.0,71.0,1,107900.0
20,Female,Bachelor,Single,59711.96,146200.0,74.0,1,190100.0
35,Female,PhD,Married,53782.27,0.0,63.0,1,80700.0
64,Female,Bachelor,Married,28500.35,0.0,47.0,1,42800.0
27,Female,High School,Married,37262.21,75300.0,58.0,1,68700.0
54,Male,High School,Married,58901.26,75000.0,65.0,1,92400.0
54,Male,Master,Single,168797.07,349000.0,93.0,1,523500.0
29,Male,Bachelor,Married,10583.81,17900.0,56.0,1,20600.0
42,Male,Bachelor,Single,121924.91,0.0,62.0,1,182900.0
53,Female,Bachelor,Divorced,41796.26,21300.0,58.0,1,24500.0
31,Female,Bachelor,Married,36291.7,50700.0,67.0,1,63400.0
33,Male,High School,Single,19251.53,30500.0,48.0,1,33600.0
29,Female,High School,Single,29443.86,31500.0,51.0,1,36200.0
24,Female,Bachelor,Married,30494.01,51400.0,63.0,1,62500.0
28,Male,High School,Married,20658.75,13000.0,41.0,0,13000.0
22,Male,High School,Married,39240.3,81400.0,58.0,1,72400.0
36,Male,Bachelor,Single,62291.73,73600.0,73.0,1,95700.0
27,Female,High School,Married,54691.12,103800.0,61.0,1,100900.0
38,Female,High School,Married,49783.05,108400.0,70.0,1,139600.0
18,Male,Master,Single,41822.04,34500.0,59.0,1,39700.0
39,Male,Bachelor,Married,18371.78,27600.0,60.0,1,34500.0
45,Female,High School,Divorced,72330.4,41600.0,56.0,1,47800.0
18,Female,Bachelor,Married,39861.52,0.0,46.0,1,59800.0
40,Female,Bachelor,Married,86174.52,33400.0,69.0,1,41800.0
49,Female,High School,Married,79271.52,189500.0,70.0,1,198900.0
22,Male,High School,Married,127859.34,51000.0,55.0,1,58600.0
54,Male,High School,Married,12117.64,0.0,33.0,0,0.0
40,Male,Master,Married,38417.96,16400.0,58.0,1,18900.0
28,Female,Bachelor,Married,27674.59,51800.0,63.0,1,56700.0
35,Male,Bachelor,Single,19391.36,0.0,41.0,1,29100.0
42,Female,Master,Divorced,60242.88,45700.0,69.0,1,57100.0
36,Male,High School,Married,11881.26,19300.0,50.0,1,20800.0
41,Female,High School,Single,56459.12,58500.0,63.0,1,73100.0
25,Male,High School,Married,13199.66,8400.0,41.0,1,9200.0
37,Male,High School,Married,124092.11,239200.0,71.0,1,311000.0
20,Female,Bachelor,Married,13087.48,14900.0,56.0,1,17100.0
34,Male,Bachelor,Widowed,55150.09,73500.0,72.0,1,95600.0
26,Female,High School,Single,31010.22,11900.0,39.0,0,11900.0
27,Female,High School,Divorced,20417.2,31400.0,42.0,1,34500.0
49,Male,High School,Single,48170.51,68900.0,63.0,1,86100.0
48,Female,Master,Married,58330.81,113600.0,78.0,1,147700.0
42,Female,Bachelor,Married,70303.88,95000.0,75.0,1,123500.0
23,Male,Bachelor,Single,42113.05,90800.0,66.0,1,105300.0
32,Female,High School,Married,242509.0,258400.0,77.0,1,335900.0
49,Male,High School,Married,30021.08,58400.0,57.0,1,47100.0
37,Male,High School,Single,40352.87,33600.0,50.0,1,38600.0
61,Female,PhD,Single,261953.89,0.0,70.0,1,392900.0
40,Male,Bachelor,Married,367341.84,394600.0,87.0,1,552400.0
38,Male,Bachelor,Married,65487.19,125700.0,75.0,1,163400.0
32,Male,Bachelor,Divorced,35089.22,0.0,46.0,1,52600.0
37,Male,Bachelor,Single,34900.26,0.0,48.0,1,52400.0
34,Female,High School,Divorced,50368.78,103900.0,66.0,1,96900.0
43,Female,High School,Married,60972.41,57100.0,60.0,1,71400.0
46,Female,Bachelor,Single,12899.03,20800.0,58.0,1,23900.0
27,Female,High School,Widowed,75735.96,109600.0,58.0,1,126000.0
21,Male,High School,Single,21203.76,0.0,27.0,0,0.0
18,Male,Bachelor,Married,109117.77,222000.0,82.0,1,310800.0
41,Male,Master,Married,49106.73,104500.0,83.0,1,146300.0
23,Female,Master,Married,291449.96,0.0,69.0,1,437200.0
18,Male,High School,Married,62587.66,44800.0,56.0,1,51500.0
40,Male,High School,Married,46607.3,22600.0,53.0,1,26000.0
63,Female,Bachelor,Single,21059.46,39000.0,55.0,1,39500.0
35,Female,Master,Married,87306.78,117700.0,84.0,1,164800.0
45,Male,Master,Divorced,20204.95,12700.0,54.0,1,14600.0
36,Male,Master,Married,115246.76,157100.0,84.0,1,219900.0
34,Female,Bachelor,Widowed,24815.84,61200.0,69.0,1,51900.0
46,Female,High School,Married,143324.5,0.0,54.0,1,215000.0
32,Male,High School,Married,28474.81,63200.0,62.0,1,49900.0
38,Male,High School,Married,26639.51,0.0,40.0,0,0.0
39,Female,Bachelor,Single,36750.01,84000.0,70.0,1,109200.0
28,Female,High School,Divorced,78767.03,120300.0,57.0,1,138300.0
46,Female,Bachelor,Married,68727.72,102300.0,75.0,1,133000.0
34,Male,Bachelor,Married,13839.93,8300.0,55.0,1,9500.0
27,Female,High School,Married,16150.25,21100.0,46.0,1,23200.0
41,Male,Master,Married,35793.93,48900.0,70.0,1,63600.0
26,Male,Bachelor,Married,23193.43,0.0,46.0,1,34800.0
36,Female,Master,Married,129943.24,134900.0,84.0,1,188900.0
35,Male,Master,Divorced,71924.88,160600.0,79.0,1,208800.0
47,Female,High School,Married,24978.15,9300.0,45.0,1,10200.0
41,Male,High School,Married,15386.04,22300.0,50.0,1,25600.0
35,Female,High School,Single,14160.74,0.0,31.0,0,0.0
44,Male,Bachelor,Divorced,84054.82,204200.0,82.0,1,285900.0
51,Female,Bachelor,Single,134044.74,234300.0,79.0,1,304600.0
42,Male,Master,Single,64182.4,24900.0,64.0,1,31100.0
36,Female,High School,Single,55974.67,105300.0,63.0,1,119600.0
21,Female,Bachelor,Married,44021.83,83800.0,63.0,1,90200.0
24,Male,PhD,Single,391455.41,580000.0,86.0,1,812000.0
32,Male,Bachelor,Married,14401.06,16300.0,60.0,1,20400.0
29,Male,High School,Married,173613.62,220000.0,73.0,1,286000.0
33,Female,Bachelor,Married,17423.21,41500.0,65.0,1,33900.0
36,Male,High School,Single,39964.08,0.0,38.0,1,34200.0
41,Male,High School,Single,49043.09,45400.0,58.0,1,52200.0
35,Male,High School,Married,10255.72,0.0,33.0,0,0.0
41,Female,High School,Married,33823.79,65600.0,57.0,1,59300.0
36,Male,Bachelor,Single,23745.89,35000.0,65.0,1,43800.0
18,Male,High School,Widowed,85126.51,145400.0,64.0,1,168600.0
25,Female,Bachelor,Single,81906.86,194700.0,80.0,1,272600.0
34,Female,High School,Single,18578.0,44100.0,53.0,1,39700.0
22,Male,High School,Married,10376.76,22100.0,51.0,1,19100.0
42,Female,High School,Single,65625.05,57900.0,58.0,1,66600.0
52,Female,High School,Single,48514.09,100100.0,68.0,1,92800.0
49,Male,High School,Married,86788.91,187800.0,76.0,1,217800.0
33,Male,Bachelor,Single,314776.09,95000.0,73.0,1,123500.0
52,Female,PhD,Single,25600.24,30700.0,70.0,1,39900.0
37,Male,High School,Married,34894.01,0.0,40.0,0,0.0
32,Male,High School,Married,50333.98,108600.0,70.0,1,141200.0
29,Male,High School,Single,103110.91,55400.0,60.0,1,69200.0
32,Female,Master,Married,48643.02,81200.0,78.0,1,105600.0
31,Female,Bachelor,Single,84227.82,119600.0,79.0,1,155500.0
37,Female,Bachelor,Married,69555.62,0.0,58.0,1,104300.0
37,Male,High School,Married,29541.79,0.0,40.0,0,0.0
36,Female,High School,Divorced,10008.13,4700.0,34.0,0,4700.0
40,Female,High School,Married,32856.57,0.0,40.0,0,0.0
49,Male,Master,Married,68074.8,110500.0,78.0,1,143600.0
46,Female,High School,Single,29741.02,52700.0,55.0,1,56900.0
19,Male,Bachelor,Married,133589.23,251700.0,77.0,1,327200.0
18,Female,Bachelor,Single,11208.67,0.0,37.0,0,0.0
46,Male,Bachelor,Married,21064.74,40600.0,60.0,1,36700.0
20,Male,High School,Married,13100.09,11300.0,41.0,0,11300.0
33,Female,Bachelor,Widowed,87682.42,0.0,61.0,1,131500.0
23,Female,High School,Divorced,67179.55,0.0,40.0,1,100800.0
18,Male,PhD,Married,83552.62,101200.0,82.0,1,141700.0
41,Male,High School,Single,35275.72,51900.0,55.0,1,59700.0
44,Male,High School,Married,82998.71,0.0,54.0,1,124500.0
29,Female,High School,Married,45456.22,26100.0,56.0,1,30000.0
18,Male,Master,Single,53391.36,38200.0,67.0,1,47800.0
29,Male,High School,Married,30139.81,66700.0,58.0,1,55600.0
40,Male,Bachelor,Single,13553.61,22000.0,58.0,1,25300.0
19,Female,High School,Single,175205.74,91400.0,66.0,1,114200.0
38,Male,High School,Single,62760.18,120000.0,63.0,1,134100.0
35,Male,Bachelor,Widowed,177490.15,231400.0,84.0,1,324000.0
42,Male,High School,Single,36973.34,0.0,38.0,0,0.0
37,Male,Bachelor,Single,41217.67,63300.0,65.0,1,79100.0
25,Female,Bachelor,Widowed,31058.67,35600.0,60.0,1,44500.0
49,Female,Master,Married,26371.76,0.0,53.0,1,39600.0
34,Female,High School,Married,47270.59,116100.0,70.0,1,132600.0
35,Male,Bachelor,Married,74538.23,0.0,58.0,1,111800.0
25,Female,Master,Married,44351.39,63300.0,66.0,1,79100.0
31,Male,Bachelor,Single,24719.91,40700.0,65.0,1,50900.0
26,Male,High School,Married,39750.35,79600.0,58.0,1,73300.0
34,Female,Bachelor,Married,122815.13,99000.0,76.0,1,128700.0
54,Male,Master,Married,44849.65,26800.0,65.0,1,33500.0
20,Male,High School,Married,42010.83,65800.0,53.0,1,75700.0
18,Female,Master,Married,55384.52,107500.0,74.0,1,139800.0
52,Male,Bachelor,Married,79459.04,97700.0,75.0,1,127000.0
33,Female,High School,Married,156080.69,113400.0,72.0,1,147400.0
28,Female,High School,Single,19160.96,32600.0,44.0,1,35900.0
47,Male,High School,Married,10993.88,19700.0,50.0,1,17200.0
29,Male,High School,Married,40616.58,82700.0,58.0,1,74900.0
56,Male,Master,Married,28012.95,44500.0,67.0,1,52700.0
43,Male,Bachelor,Married,35579.72,39300.0,67.0,1,49100.0
30,Male,Bachelor,Married,24654.27,0.0,50.0,1,37000.0
59,Female,Bachelor,Divorced,140231.22,55200.0,62.0,1,69000.0
29,Male,High School,Single,171577.61,202800.0,71.0,1,263600.0
44,Male,High School,Married,105945.77,0.0,54.0,1,158900.0
39,Male,Master,Single,83476.89,163300.0,82.0,1,228600.0
50,Female,Bachelor,Single,15225.35,36100.0,63.0,1,32400.0
53,Female,Bachelor,Married,13867.97,4700.0,48.0,1,5200.0
36,Male,PhD,Single,47569.41,32800.0,73.0,1,42600.0
27,Female,High School,Single,68782.97,120700.0,59.0,1,138800.0
41,Male,Master,Married,53997.22,80600.0,78.0,1,104800.0
28,Male,Master,Married,87304.52,164100.0,80.0,1,229700.0
58,Male,High School,Single,111432.81,128700.0,66.0,1,160900.0
37,Male,High School,Single,71405.35,76800.0,63.0,1,96000.0
31,Female,PhD,Single,34846.35,0.0,53.0,1,52300.0
38,Male,High School,Single,14041.87,16800.0,48.0,1,18500.0
21,Female,High School,Single,41597.48,36200.0,46.0,1,39800.0
25,Female,Bachelor,Divorced,53245.99,51300.0,62.0,1,64100.0
49,Female,Bachelor,Single,40792.36,31900.0,60.0,1,39900.0
28,Male,Bachelor,Married,12489.75,4100.0,44.0,1,4500.0
24,Male,Master,Divorced,188601.7,0.0,65.0,1,282900.0
41,Male,Master,Married,43708.58,83800.0,70.0,1,108900.0
49,Male,Master,Single,36657.86,74900.0,73.0,1,97400.0
43,Female,High School,Married,36501.01,0.0,40.0,1,54800.0
46,Male,Bachelor,Divorced,113854.07,0.0,60.0,1,170800.0
27,Male,High School,Married,102525.33,105500.0,67.0,1,131900.0
20,Male,High School,Married,76772.73,174100.0,66.0,1,141600.0
52,Male,Bachelor,Single,68343.26,61400.0,68.0,1,76800.0
32,Female,High School,Married,249940.02,0.0,60.0,1,374900.0
33,Female,Master,Single,29286.11,42200.0,68.0,1,52800.0
50,Female,High School,Married,42452.91,62300.0,57.0,1,66600.0
42,Male,Bachelor,Married,20676.02,0.0,43.0,1,31000.0
41,Female,High School,Married,28316.42,0.0,40.0,1,42500.0
59,Female,High School,Married,40265.51,85300.0,59.0,1,63100.0
28,Male,Bachelor,Single,110401.34,240300.0,80.0,1,336400.0
46,Male,High School,Married,40583.04,55700.0,57.0,1,63600.0
36,Female,Bachelor,Married,101365.52,233000.0,86.0,1,315900.0
38,Female,Master,Married,79116.98,0.0,61.0,1,118700.0
52,Female,Bachelor,Single,16668.21,9000.0,53.0,1,10400.0
41,Male,High School,Married,205876.31,174700.0,72.0,1,227100.0
41,Male,High School,Married,72708.9,38200.0,60.0,1,47800.0
47,Female,High School,Married,53658.38,85000.0,65.0,1,84100.0
31,Female,Bachelor,Married,12329.44,0.0,43.0,1,18500.0
26,Male,Bachelor,Single,65130.65,0.0,52.0,1,97700.0
24,Female,High School,Married,21571.39,48900.0,51.0,1,39800.0
18,Male,Bachelor,Married,42521.31,87100.0,68.0,1,87200.0
58,Female,High School,Married,19917.78,44400.0,52.0,1,31200.0
23,Female,Bachelor,Married,41576.18,89500.0,68.0,1,85200.0
33,Female,Bachelor,Single,67377.99,46200.0,68.0,1,57800.0
32,Male,High School,Single,61862.5,31000.0,58.0,1,35600.0
39,Male,Bachelor,Married,20607.84,0.0,43.0,1,30900.0
44,Female,Bachelor,Married,48639.23,51200.0,75.0,1,66600.0
45,Female,Bachelor,Married,89824.27,150700.0,81.0,1,211000.0
29,Male,Bachelor,Married,16635.71,0.0,39.0,0,0.0
34,Female,Master,Married,34430.61,75300.0,75.0,1,97900.0
39,Male,Bachelor,Single,58137.61,38100.0,68.0,1,47600.0
33,Male,High School,Married,52666.23,0.0,48.0,1,79000.0
53,Male,High School,Married,37646.75,0.0,40.0,1,56500.0
41,Male,High School,Married,14340.54,32400.0,55.0,1,25100.0
44,Male,High School,Divorced,28956.23,21700.0,48.0,1,23900.0
43,Female,PhD,Married,52305.41,34100.0,75.0,1,44300.0
48,Male,High School,Married,138161.64,0.0,54.0,1,207200.0
37,Male,Master,Widowed,71473.69,0.0,58.0,1,107200.0
21,Female,High School,Single,15316.8,0.0,27.0,0,0.0
40,Female,High School,Single,45541.53,0.0,46.0,1,68300.0
28,Female,PhD,Married,288168.12,638200.0,93.0,1,957300.0
30,Male,High School,Single,114476.74,159600.0,69.0,1,199500.0
42,Female,Bachelor,Single,210501.27,297200.0,85.0,1,416100.0
49,Male,Master,Widowed,70990.68,55000.0,70.0,1,71500.0
36,Male,Master,Widowed,37438.39,0.0,50.0,1,56200.0
39,Male,Master,Married,136689.21,224400.0,84.0,1,314200.0
54,Male,Master,Married,145286.5,0.0,67.0,1,217900.0
38,Male,Bachelor,Single,17278.68,10800.0,53.0,1,12400.0
64,Female,High School,Married,50590.81,0.0,45.0,1,70000.0
42,Male,Bachelor,Single,109422.82,44100.0,67.0,1,55100.0
18,Female,PhD,Married,90853.72,0.0,65.0,1,136300.0
44,Male,Bachelor,Married,89185.64,0.0,64.0,1,133800.0
40,Male,High School,Married,54505.17,42900.0,60.0,1,53600.0
50,Male,Bachelor,Single,81661.7,0.0,62.0,1,122500.0
43,Female,Bachelor,Single,80155.56,0.0,62.0,1,120200.0
34,Female,High School,Married,38215.26,29800.0,52.0,1,34300.0
22,Female,Bachelor,Married,32344.21,0.0,46.0,1,48500.0
33,Female,Bachelor,Married,71273.97,61100.0,70.0,1,79400.0
26,Female,Bachelor,Single,53385.09,112000.0,74.0,1,145600.0
29,Female,High School,Married,49774.57,73100.0,61.0,1,91400.0
42,Female,High School,Single,30090.51,0.0,38.0,0,0.0
54,Male,Bachelor,Married,82151.34,0.0,64.0,1,123200.0
40,Male,Bachelor,Single,70381.18,0.0,56.0,1,105600.0
22,Male,High School,Married,158747.58,207900.0,73.0,1,270300.0
40,Male,High School,Married,85064.61,0.0,54.0,1,127600.0
49,Male,High School,Married,70224.14,0.0,48.0,1,105300.0
29,Male,Bachelor,Married,30447.47,58900.0,63.0,1,62400.0
34,Male,PhD,Single,20268.14,25800.0,63.0,1,32200.0
36,Male,Bachelor,Married,27281.5,25700.0,62.0,1,32100.0
27,Female,Master,Married,92228.88,192100.0,85.0,1,268900.0
43,Male,Bachelor,Married,47280.3,57300.0,75.0,1,74500.0
34,Male,Bachelor,Married,71200.68,91400.0,75.0,1,118800.0
40,Female,High School,Married,85155.18,41000.0,59.0,1,47100.0
26,Male,Bachelor,Widowed,16771.32,18600.0,53.0,1,21400.0
31,Male,High School,Married,14910.33,31500.0,55.0,1,26100.0
43,Male,Bachelor,Married,35272.58,0.0,50.0,1,52900.0
31,Male,High School,Married,37435.37,22100.0,52.0,1,25400.0
54,Male,High School,Married,39445.48,52500.0,57.0,1,60400.0
31,Male,High School,Married,256406.63,0.0,60.0,1,384600.0
38,Male,Bachelor,Married,62410.2,50500.0,70.0,1,65600.0
46,Female,High School,Married,46063.79,97400.0,70.0,1,115600.0
20,Female,High School,Married,74233.25,0.0,44.0,1,111300.0
18,Female,Master,Married,39864.83,43300.0,66.0,1,54100.0
19,Male,Bachelor,Single,292399.16,712700.0,86.0,1,997800.0
49,Male,High School,Single,262841.07,495800.0,75.0,1,644500.0
29,Female,High School,Single,59991.83,0.0,42.0,1,90000.0
64,Male,High School,Married,36835.88,26800.0,49.0,1,29500.0
29,Female,Bachelor,Married,119767.47,0.0,60.0,1,179700.0
38,Male,Bachelor,Married,17188.95,0.0,43.0,1,25800.0
52,Female,High School,Widowed,86713.52,33000.0,56.0,1,38000.0
58,Male,Master,Single,59877.73,74300.0,73.0,1,96600.0
58,Male,High School,Married,10819.71,0.0,30.0,0,0.0
49,Female,High School,Married,168660.99,338300.0,82.0,1,423200.0
47,Female,PhD,Single,240181.34,198000.0,85.0,1,277200.0
42,Male,High School,Married,178970.99,234000.0,77.0,1,304200.0
44,Female,Master,Single,41322.81,19600.0,56.0,1,22500.0
29,Male,Bachelor,Single,31818.6,18200.0,56.0,1,20900.0
26,Male,High School,Married,318203.11,651300.0,78.0,1,846700.0
35,Female,Bachelor,Married,13330.47,19400.0,60.0,1,24200.0
34,Female,Bachelor,Married,48787.7,56100.0,75.0,1,72900.0
31,Female,Master,Single,68661.18,60800.0,71.0,1,79000.0
43,Male,High School,Single,31767.43,76900.0,60.0,1,67900.0
46,Male,High School,Single,177292.63,235800.0,75.0,1,306500.0
36,Female,High School,Single,17169.44,26400.0,48.0,1,29000.0
52,Male,Bachelor,Married,78621.63,193900.0,80.0,1,219200.0
23,Male,High School,Divorced,25110.61,49100.0,49.0,1,50800.0
33,Male,High School,Widowed,38644.31,43700.0,54.0,1,50300.0
28,Male,PhD,Married,23295.64,0.0,51.0,1,34900.0
18,Male,High School,Married,72587.66,84900.0,61.0,1,106100.0
35,Male,High School,Married,364480.4,553400.0,77.0,1,719400.0
34,Female,Bachelor,Divorced,133475.85,230000.0,77.0,1,299000.0
52,Female,Bachelor,Married,54678.69,133700.0,80.0,1,152400.0
42,Male,High School,Married,64966.58,124100.0,65.0,1,113900.0
24,Male,High School,Married,165700.89,303800.0,73.0,1,394900.0
56,Male,High School,Married,77147.67,39600.0,57.0,1,45500.0
49,Male,High School,Married,72244.96,72400.0,65.0,1,90500.0
42,Female,Bachelor,Married,152445.2,139900.0,82.0,1,195900.0
33,Female,Bachelor,Married,82538.83,43000.0,76.0,1,55900.0
25,Female,Bachelor,Married,11822.36,26200.0,61.0,1,24200.0
31,Female,Bachelor,Single,82886.58,173200.0,84.0,1,242500.0
47,Male,Bachelor,Single,19679.04,40100.0,63.0,1,41800.0
56,Male,Bachelor,Married,132973.92,0.0,61.0,1,199500.0
52,Female,Master,Married,63129.6,102200.0,78.0,1,132900.0
30,Female,Bachelor,Married,173930.27,254000.0,87.0,1,355600.0
23,Male,Bachelor,Married,19833.01,0.0,39.0,0,0.0
37,Male,High School,Single,397506.53,807700.0,80.0,1,1130800.0
18,Female,High School,Married,73878.92,37400.0,56.0,1,43000.0
39,Male,Master,Single,92837.37,0.0,65.0,1,139300.0
34,Female,High School,Married,51924.83,47700.0,60.0,1,59600.0
30,Female,Bachelor,Married,40867.21,54600.0,67.0,1,68200.0
18,Male,Bachelor,Married,36696.82,58300.0,63.0,1,72900.0
41,Female,Bachelor,Divorced,12376.57,0.0,39.0,1,10600.0
30,Female,Bachelor,Divorced,45537.24,24700.0,66.0,1,30900.0
23,Female,High School,Married,13154.64,18600.0,46.0,1,20500.0
18,Male,High School,Married,51190.35,22100.0,49.0,1,24300.0
35,Male,Master,Married,84430.39,92900.0,84.0,1,130100.0
55,Female,High School,Married,42304.07,16800.0,45.0,1,18500.0
54,Male,Bachelor,Married,41373.68,0.0,50.0,1,62100.0
30,Male,High School,Single,24175.95,13100.0,50.0,1,15100.0
29,Male,High School,Single,102153.95,131000.0,65.0,1,163800.0
41,Female,High School,Married,51098.44,41800.0,60.0,1,52200.0
25,Male,Bachelor,Single,27943.57,11700.0,49.0,1,12900.0
39,Male,High School,Married,48279.82,46200.0,60.0,1,57800.0
44,Male,High School,Single,89170.44,201900.0,74.0,1,262500.0
49,Female,High School,Married,20261.87,0.0,33.0,0,0.0
34,Female,High School,Married,23591.32,52900.0,62.0,1,41300.0
33,Male,High School,Married,51465.33,59800.0,65.0,1,74800.0
26,Female,High School,Widowed,28033.29,62600.0,55.0,1,55500.0
26,Male,Bachelor,Divorced,39825.33,95300.0,64.0,1,89600.0
33,Female,High School,Married,38424.25,92500.0,62.0,1,67300.0
40,Female,High School,Widowed,36501.52,20900.0,49.0,1,23000.0
46,Female,PhD,Married,42980.47,90800.0,77.0,1,118000.0
27,Male,High School,Married,46632.92,48500.0,61.0,1,60600.0
52,Female,Master,Single,52258.01,0.0,59.0,1,78400.0
33,Female,High School,Married,107083.49,186600.0,71.0,1,242600.0
35,Male,High School,Single,95368.29,187600.0,69.0,1,203800.0
27,Male,High School,Married,145645.89,332000.0,72.0,1,429900.0
18,Male,Bachelor,Married,26823.09,64600.0,68.0,1,55000.0
45,Male,Bachelor,Married,66718.64,0.0,58.0,1,100100.0
44,Male,High School,Single,75844.52,62800.0,58.0,1,72200.0
32,Female,Bachelor,Married,143587.33,203700.0,81.0,1,285200.0
36,Male,Bachelor,Married,58056.01,0.0,58.0,1,87100.0
41,Female,High School,Single,31526.06,69500.0,60.0,1,67400.0
18,Male,Bachelor,Married,60292.06,83800.0,71.0,1,108900.0
30,Male,Bachelor,Married,20229.56,44200.0,65.0,1,39400.0
44,Male,High School,Widowed,127793.91,312200.0,73.0,1,384600.0
22,Male,High School,Married,47775.1,0.0,44.0,1,71700.0
39,Male,Bachelor,Single,72871.14,0.0,56.0,1,109300.0
21,Female,PhD,Married,26546.68,20500.0,63.0,1,25600.0
41,Female,High School,Married,60238.39,102900.0,65.0,1,105600.0
35,Female,Master,Married,59746.45,0.0,61.0,1,89600.0
18,Female,High School,Divorced,48259.09,93900.0,57.0,1,97700.0
48,Male,Master,Divorced,175585.19,0.0,69.0,1,263400.0
27,Male,Bachelor,Married,69617.92,162500.0,76.0,1,211200.0
27,Male,Master,Married,52031.24,0.0,57.0,1,78000.0
38,Female,Bachelor,Single,140018.02,0.0,62.0,1,210000.0
48,Male,High School,Married,32386.23,33100.0,57.0,1,38100.0
24,Male,High School,Divorced,60519.09,131800.0,62.0,1,122600.0
36,Female,Bachelor,Married,66261.21,126000.0,75.0,1,163800.0
40,Female,High School,Married,37401.24,13900.0,45.0,1,15300.0
43,Female,Bachelor,Single,26589.01,17000.0,60.0,1,21200.0
37,Female,Master,Single,16454.57,38600.0,66.0,1,42200.0
31,Female,High School,Married,81584.55,113500.0,71.0,1,147600.0
26,Male,Bachelor,Married,27117.31,0.0,46.0,1,40700.0
36,Female,High School,Single,16186.37,8200.0,43.0,0,8200.0
24,Female,Bachelor,Single,44211.87,69400.0,61.0,1,86800.0
18,Male,High School,Married,81022.77,175100.0,72.0,1,227600.0
40,Male,High School,Single,17116.21,39100.0,53.0,1,36600.0
45,Male,Master,Single,344804.98,445200.0,88.0,1,623300.0
18,Male,Bachelor,Single,68653.4,109200.0,69.0,1,136500.0
24,Female,Bachelor,Married,44691.08,85200.0,63.0,1,91600.0
42,Male,Bachelor,Married,52613.09,62000.0,75.0,1,80600.0
58,Male,Bachelor,Divorced,18634.95,17600.0,48.0,1,19400.0
36,Female,Bachelor,Married,90535.88,0.0,64.0,1,135800.0
27,Male,High School,Married,24890.99,0.0,36.0,0,0.0
33,Male,High School,Single,18661.75,45900.0,53.0,1,39900.0
51,Female,High School,Married,79170.64,175500.0,70.0,1,198700.0
28,Male,High School,Married,22906.15,24300.0,53.0,1,27900.0
27,Female,High School,Single,60023.62,127600.0,64.0,1,135100.0
30,Male,High School,Married,100637.16,199500.0,71.0,1,259400.0
25,Male,Bachelor,Single,85056.48,0.0,58.0,1,127600.0
37,Male,High School,Married,32439.3,12500.0,45.0,1,13800.0
53,Male,Bachelor,Married,129828.14,204300.0,81.0,1,286000.0
39,Female,Bachelor,Married,40948.97,75400.0,67.0,1,79700.0
33,Female,Master,Divorced,76291.6,0.0,57.0,1,114400.0
32,Female,High School,Divorced,86503.17,178700.0,72.0,1,232300.0
18,Male,Bachelor,Married,21263.92,19300.0,51.0,1,22200.0
45,Female,Bachelor,Married,59093.73,0.0,58.0,1,88600.0
35,Female,Master,Single,74177.03,154400.0,81.0,1,216200.0
34,Male,High School,Married,138761.05,199100.0,71.0,1,258800.0
70,Female,High School,Single,35703.73,50100.0,52.0,1,57600.0
39,Male,High School,Single,36382.13,46200.0,55.0,1,53100.0
27,Male,High School,Married,47700.86,0.0,44.0,1,71600.0
31,Female,Bachelor,Married,85277.96,182000.0,86.0,1,254800.0
48,Female,Master,Married,51312.51,72100.0,78.0,1,93700.0
37,Male,High School,Married,15093.19,9000.0,45.0,1,9900.0
20,Male,High School,Married,28717.82,66400.0,58.0,1,53000.0
46,Female,High School,Married,16644.98,35900.0,55.0,1,26100.0
28,Female,High School,Married,88266.98,108600.0,67.0,1,135800.0
56,Male,Master,Married,127118.22,256800.0,86.0,1,359500.0
47,Male,Master,Divorced,17238.22,11500.0,54.0,1,13200.0
31,Male,High School,Single,51351.46,125200.0,68.0,1,109800.0
50,Female,High School,Divorced,65835.83,32100.0,49.0,1,35300.0
36,Male,Master,Single,43063.04,0.0,51.0,1,64600.0
45,Male,High School,Married,86958.59,217000.0,76.0,1,218200.0
41,Male,Bachelor,Widowed,69589.33,65300.0,67.0,1,81600.0
26,Female,Master,Married,79586.53,166000.0,79.0,1,215800.0
28,Female,Bachelor,Married,90289.59,208600.0,82.0,1,292000.0
47,Female,High School,Married,68917.75,165100.0,70.0,1,172900.0
32,Male,High School,Single,18789.63,0.0,31.0,0,0.0
31,Male,Master,Single,252570.8,420300.0,88.0,1,588400.0
25,Female,High School,Single,20813.87,11000.0,39.0,0,11000.0
40,Female,High School,Single,80083.25,0.0,52.0,1,120100.0
58,Female,Bachelor,Divorced,79636.38,93000.0,68.0,1,116200.0
24,Female,Master,Married,45955.51,16000.0,62.0,1,20000.0
36,Female,Bachelor,Married,53274.69,49400.0,70.0,1,64200.0
51,Female,High School,Married,18563.28,0.0,33.0,0,0.0
35,Female,Bachelor,Single,34919.58,33800.0,60.0,1,42200.0
40,Female,High School,Single,71030.9,26600.0,51.0,1,30600.0
24,Male,High School,Married,45666.46,0.0,44.0,1,68500.0
40,Male,Bachelor,Married,277251.88,576200.0,92.0,1,863900.0
33,Female,High School,Single,80389.59,0.0,52.0,1,120600.0
46,Male,High School,Married,37261.84,79700.0,62.0,1,58400.0
49,Female,High School,Widowed,16869.14,34600.0,52.0,1,28400.0
64,Male,Bachelor,Married,76346.91,127200.0,72.0,1,165400.0
42,Male,Bachelor,Single,166588.53,66300.0,73.0,1,86200.0
39,Male,Bachelor,Married,83228.9,197800.0,86.0,1,259300.0
38,Male,Bachelor,Married,65521.08,34100.0,70.0,1,44300.0
32,Male,Bachelor,Married,117701.57,221600.0,81.0,1,310200.0
39,Male,Bachelor,Married,30426.7,0.0,50.0,1,45600.0
32,Female,High School,Divorced,33991.71,81000.0,58.0,1,65400.0
37,Male,High School,Married,49021.51,116900.0,70.0,1,137500.0
50,Male,Bachelor,Married,17091.91,0.0,43.0,1,25600.0
24,Male,High School,Married,65396.61,0.0,44.0,1,98100.0
48,Female,High School,Married,39455.44,47500.0,57.0,1,54600.0
50,Female,High School,Married,28300.66,66700.0,62.0,1,44400.0
34,Female,Bachelor,Single,23525.04,44500.0,65.0,1,55600.0
18,Male,Bachelor,Married,85255.64,196600.0,82.0,1,275200.0
29,Male,Bachelor,Single,10816.92,0.0,37.0,0,0.0
50,Female,Bachelor,Married,43327.45,19500.0,55.0,1,22400.0
35,Female,Master,Married,33442.36,11900.0,58.0,1,13700.0
25,Male,High School,Married,10675.4,0.0,29.0,0,0.0
30,Male,Bachelor,Married,50662.97,108900.0,80.0,1,152500.0
45,Male,High School,Married,34257.93,76000.0,62.0,1,53700.0
42,Male,High School,Single,22363.11,51800.0,60.0,1,47800.0
33,Female,Master,Married,86180.89,103300.0,84.0,1,144600.0
31,Male,High School,Single,19555.18,25900.0,48.0,1,28500.0
31,Male,High School,Married,135409.66,97400.0,66.0,1,121800.0
25,Male,Bachelor,Single,86681.05,0.0,58.0,1,130000.0
53,Female,High School,Married,27974.24,18000.0,52.0,1,20700.0
32,Female,Bachelor,Married,41628.43,69100.0,67.0,1,81100.0
49,Female,High School,Married,162461.3,54500.0,65.0,1,68100.0
52,Male,High School,Single,71181.88,88400.0,63.0,1,110500.0
46,Female,Bachelor,Married,59347.9,146400.0,80.0,1,165500.0
31,Male,Bachelor,Married,70124.91,174500.0,80.0,1,218500.0
40,Male,High School,Married,88074.85,176300.0,76.0,1,229200.0
35,Male,Bachelor,Single,23945.2,22900.0,60.0,1,28600.0
26,Female,Bachelor,Married,26623.18,19600.0,58.0,1,22500.0
39,Male,Bachelor,Married,73975.15,0.0,58.0,1,111000.0
23,Female,High School,Single,151058.32,184400.0,71.0,1,239700.0
49,Male,High School,Married,25782.83,33900.0,57.0,1,39000.0
30,Male,High School,Married,81283.19,38800.0,59.0,1,44600.0
38,Male,High School,Single,384266.22,848900.0,80.0,1,1188500.0
39,Male,High School,Married,23832.25,41200.0,57.0,1,41800.0
33,Male,High School,Married,44407.75,0.0,40.0,0,0.0
42,Male,Bachelor,Married,28467.88,62100.0,72.0,1,80700.0
30,Male,Bachelor,Single,13706.32,16500.0,58.0,1,19000.0
45,Male,High School,Married,47020.49,101800.0,70.0,1,118000.0
21,Male,Bachelor,Single,33440.36,46500.0,61.0,1,58100.0
37,Male,Bachelor,Married,21457.1,36400.0,60.0,1,41800.0
57,Male,High School,Divorced,52244.31,28200.0,53.0,1,32400.0
24,Male,Bachelor,Widowed,70958.78,61600.0,63.0,1,77000.0
28,Male,High School,Married,114700.67,199000.0,67.0,1,211600.0
41,Female,Bachelor,Married,91677.6,110300.0,81.0,1,154400.0
37,Male,High School,Married,178843.04,0.0,60.0,1,268300.0
39,Male,High School,Single,18594.12,11900.0,43.0,1,13100.0
41,Female,High School,Single,38915.65,72300.0,55.0,1,83100.0
42,Female,Bachelor,Married,17955.5,32400.0,60.0,1,35000.0
48,Female,Bachelor,Married,25305.98,0.0,50.0,1,38000.0
40,Female,High School,Married,12480.33,0.0,33.0,0,0.0
33,Male,High School,Married,62355.04,0.0,48.0,1,93500.0
43,Male,Bachelor,Married,89796.02,218700.0,86.0,1,279800.0
56,Female,Master,Married,37469.2,47000.0,67.0,1,58800.0
34,Female,Bachelor,Single,64907.11,130400.0,78.0,1,169500.0
25,Female,PhD,Married,15816.72,30400.0,61.0,1,37300.0
48,Female,High School,Married,43210.73,29400.0,52.0,1,33800.0
34,Male,High School,Married,26518.01,53500.0,62.0,1,46500.0
18,Male,Bachelor,Married,250592.22,540200.0,88.0,1,756300.0
45,Female,High School,Married,123378.66,47300.0,59.0,1,54400.0
30,Female,High School,Divorced,20771.55,30200.0,46.0,1,33200.0
35,Female,High School,Married,159910.7,135600.0,72.0,1,176300.0
39,Female,High School,Married,35588.06,83800.0,62.0,1,62400.0
38,Male,High School,Married,59162.73,28700.0,53.0,1,33000.0
43,Male,Master,Married,54099.1,94600.0,78.0,1,123000.0
31,Female,High School,Married,59884.0,103500.0,65.0,1,105000.0
41,Male,High School,Single,43377.41,24500.0,50.0,1,28200.0
33,Male,High School,Married,20922.71,41500.0,50.0,1,36700.0
44,Male,Bachelor,Single,31704.96,28400.0,60.0,1,35500.0
42,Male,Bachelor,Single,59648.94,108700.0,73.0,1,141300.0
25,Male,High School,Married,84806.6,72100.0,62.0,1,90100.0
47,Female,High School,Married,65080.39,75700.0,65.0,1,94600.0
30,Male,Bachelor,Married,10464.4,0.0,43.0,0,0.0
44,Male,High School,Single,256062.78,417000.0,75.0,1,542100.0
40,Female,PhD,Single,313604.93,523300.0,90.0,1,785000.0
56,Male,Bachelor,Married,21335.09,0.0,40.0,0,0.0
33,Female,High School,Married,31765.62,20000.0,52.0,1,23000.0
32,Male,Master,Married,55805.62,0.0,61.0,1,83700.0
35,Female,High School,Widowed,30843.45,25500.0,49.0,1,28100.0
32,Male,High School,Married,47567.65,59000.0,65.0,1,73800.0
44,Male,High School,Married,42673.26,105300.0,62.0,1,74800.0
18,Female,Bachelor,Married,46504.03,0.0,54.0,1,69800.0
24,Female,High School,Single,22022.36,0.0,34.0,0,0.0
24,Male,High School,Single,36125.07,28200.0,46.0,1,31000.0
46,Female,High School,Single,51929.64,80500.0,63.0,1,99300.0
54,Male,Bachelor,Single,245136.78,120600.0,73.0,1,156800.0
34,Female,High School,Single,67094.28,91000.0,63.0,1,113800.0
34,Male,High School,Married,19505.41,0.0,33.0,0,0.0
36,Male,Bachelor,Married,30912.74,76900.0,72.0,1,96300.0
48,Male,Bachelor,Married,44013.47,16300.0,55.0,1,18700.0
25,Male,Bachelor,Divorced,65393.85,0.0,50.0,1,98100.0
38,Male,High School,Widowed,43159.75,101700.0,59.0,1,81200.0
46,Male,Bachelor,Divorced,65354.86,112700.0,71.0,1,146500.0
41,Male,Bachelor,Married,136453.43,0.0,64.0,1,204700.0
38,Male,High School,Married,21496.92,13300.0,45.0,1,14600.0
47,Male,Master,Married,75370.56,135900.0,78.0,1,176700.0
18,Female,Bachelor,Married,51721.75,0.0,54.0,1,77600.0
43,Female,Bachelor,Married,143869.82,0.0,64.0,1,215800.0
28,Female,Master,Divorced,229548.76,109200.0,70.0,1,142000.0
18,Female,Bachelor,Married,29122.35,0.0,46.0,1,43700.0
41,Female,High School,Married,41277.45,0.0,40.0,1,61900.0
51,Female,Master,Widowed,37689.34,33100.0,62.0,1,41400.0
34,Male,High School,Divorced,28598.21,33200.0,53.0,1,38200.0
46,Male,Bachelor,Married,22107.84,38800.0,67.0,1,38500.0
53,Male,High School,Married,137806.32,212800.0,71.0,1,276600.0
50,Male,High School,Married,13002.05,0.0,33.0,0,0.0
54,Female,Bachelor,Married,22651.18,0.0,50.0,1,34000.0
44,Male,High School,Married,47847.66,88100.0,65.0,1,83900.0
36,Male,Bachelor,Single,75296.26,71900.0,68.0,1,89900.0
18,Female,Bachelor,Married,63642.8,115000.0,71.0,1,149500.0
33,Male,High School,Married,13149.73,27000.0,55.0,1,23000.0
26,Male,Bachelor,Married,84586.51,35700.0,65.0,1,44600.0
59,Female,Bachelor,Single,40976.98,0.0,45.0,1,61500.0
34,Female,Bachelor,Single,282561.66,114700.0,73.0,1,149100.0
37,Female,Bachelor,Divorced,240629.24,471700.0,83.0,1,660400.0
42,Female,High School,Married,16086.11,27700.0,50.0,1,28200.0
36,Male,High School,Married,78881.72,78800.0,60.0,1,98500.0
54,Male,High School,Married,90966.98,123000.0,71.0,1,159900.0
29,Male,High School,Married,36089.02,83700.0,58.0,1,66600.0
38,Female,Bachelor,Married,76955.74,167600.0,80.0,1,234600.0
27,Male,High School,Married,40786.3,0.0,36.0,0,0.0
21,Male,PhD,Married,12599.38,0.0,44.0,1,18900.0
29,Female,Bachelor,Married,108309.4,83700.0,72.0,1,108800.0
35,Female,High School,Divorced,54707.69,67200.0,61.0,1,84000.0
31,Female,High School,Married,173828.87,302800.0,77.0,1,393600.0
28,Male,Bachelor,Married,51343.95,66400.0,71.0,1,86300.0
20,Male,Bachelor,Widowed,39586.83,75000.0,60.0,1,87100.0
35,Male,PhD,Married,44695.26,92800.0,77.0,1,120600.0
19,Female,High School,Married,175165.72,175900.0,73.0,1,228700.0
44,Male,High School,Single,14918.7,26100.0,48.0,1,28700.0
36,Female,Master,Married,41305.08,61800.0,70.0,1,80300.0
19,Female,High School,Married,37413.24,19700.0,48.0,1,21700.0
32,Male,Bachelor,Single,41974.65,39300.0,60.0,1,49100.0
27,Male,High School,Married,11933.97,6800.0,41.0,1,7500.0
39,Female,Bachelor,Widowed,158844.32,328500.0,89.0,1,459900.0
50,Female,High School,Single,35490.81,65300.0,55.0,1,67900.0
18,Female,Bachelor,Single,138609.85,286500.0,80.0,1,401100.0
37,Male,Bachelor,Single,38764.7,66300.0,65.0,1,82900.0
34,Male,Master,Married,57287.72,0.0,61.0,1,85900.0
43,Female,High School,Married,48356.62,65100.0,65.0,1,81400.0
38,Female,High School,Married,67595.44,70300.0,65.0,1,87900.0
27,Male,High School,Married,58596.02,0.0,44.0,0,0.0
32,Male,Master,Single,56538.25,74900.0,76.0,1,97400.0
27,Female,Bachelor,Married,89933.51,0.0,60.0,1,134900.0
47,Male,Bachelor,Single,12374.33,24000.0,58.0,1,26300.0
36,Female,High School,Single,55600.95,58000.0,63.0,1,72500.0
56,Male,Bachelor,Single,60024.72,47500.0,65.0,1,59400.0
35,Female,High School,Married,33431.05,68200.0,62.0,1,58600.0
28,Female,High School,Married,84110.0,108000.0,67.0,1,135000.0
19,Male,Bachelor,Single,52937.73,39500.0,64.0,1,49400.0
18,Female,High School,Single,72718.42,129400.0,59.0,1,148800.0
18,Female,Bachelor,Single,14422.29,30200.0,59.0,1,34700.0
38,Female,Bachelor,Single,40329.04,0.0,48.0,1,60500.0
41,Male,Master,Single,72084.58,58600.0,71.0,1,76200.0
18,Female,Bachelor,Single,40287.14,0.0,44.0,1,60400.0
45,Female,High School,Widowed,83479.09,184500.0,73.0,1,224800.0
30,Male,Bachelor,Married,380668.64,489200.0,87.0,1,684900.0
37,Female,High School,Married,179610.9,404800.0,82.0,1,503700.0
53,Male,High School,Married,145697.78,0.0,54.0,1,218500.0
45,Male,Bachelor,Married,17650.43,24500.0,60.0,1,30600.0
33,Male,Master,Married,51326.04,0.0,61.0,1,77000.0
26,Male,High School,Married,24417.19,24000.0,48.0,1,26400.0
18,Female,High School,Married,33215.4,24400.0,48.0,1,26800.0
28,Female,Bachelor,Divorced,76215.97,48100.0,62.0,1,60100.0
33,Male,High School,Single,56168.88,130200.0,68.0,1,120100.0
25,Female,Bachelor,Single,59722.31,115700.0,69.0,1,144600.0
34,Male,High School,Single,153011.51,361000.0,80.0,1,505400.0
36,Male,High School,Married,54524.75,0.0,48.0,1,81800.0
33,Male,Bachelor,Married,136923.4,157400.0,81.0,1,220400.0
28,Male,Master,Divorced,138476.0,327300.0,81.0,1,458200.0
37,Male,Bachelor,Married,86262.86,137500.0,81.0,1,192500.0
40,Female,Bachelor,Married,31252.29,73700.0,72.0,1,95800.0
24,Male,High School,Married,26842.58,20600.0,48.0,1,22700.0
51,Male,Master,Married,25999.57,29100.0,70.0,1,37800.0
34,Male,High School,Married,28742.55,32300.0,57.0,1,37100.0
36,Male,Master,Married,57551.42,18000.0,66.0,1,22500.0
43,Female,Bachelor,Married,19002.37,0.0,43.0,1,28500.0
38,Male,High School,Single,143435.0,326400.0,74.0,1,424300.0
46,Female,High School,Married,75709.23,175600.0,70.0,1,190000.0
39,Male,Bachelor,Married,73363.29,150600.0,80.0,1,210800.0
29,Female,High School,Married,33068.64,28400.0,48.0,1,31200.0
39,Male,Master,Married,21139.31,24200.0,63.0,1,30200.0
23,Female,High School,Married,40800.65,42000.0,53.0,1,48300.0
37,Male,High School,Single,12529.88,16100.0,48.0,1,17700.0
35,Female,High School,Married,128129.68,166900.0,71.0,1,217000.0
33,Female,High School,Single,57955.52,130900.0,68.0,1,123900.0
34,Female,Bachelor,Married,39150.78,0.0,50.0,1,58700.0
18,Male,Bachelor,Single,14133.47,27800.0,54.0,1,32000.0
29,Female,Bachelor,Married,73809.66,115400.0,71.0,1,150000.0
37,Female,High School,Married,58149.61,105400.0,65.0,1,101900.0
37,Male,Master,Married,52724.12,119500.0,83.0,1,167300.0
24,Male,High School,Divorced,22211.35,52700.0,54.0,1,45000.0
49,Male,Master,Married,398817.0,128800.0,78.0,1,167400.0
26,Male,High School,Married,54878.0,119500.0,66.0,1,101200.0
46,Female,Bachelor,Married,41141.63,0.0,50.0,1,61700.0
40,Female,Bachelor,Single,40907.93,26300.0,60.0,1,32900.0
28,Male,High School,Married,12831.55,29500.0,51.0,1,23700.0
55,Female,High School,Married,63703.58,151000.0,70.0,1,159800.0
22,Male,Bachelor,Married,82625.01,96700.0,77.0,1,125700.0
46,Female,High School,Married,37865.58,16500.0,45.0,1,18200.0
47,Female,Bachelor,Married,123289.03,0.0,64.0,1,184900.0
28,Female,Bachelor,Married,87711.28,189600.0,82.0,1,265400.0
51,Female,Bachelor,Married,120810.75,92000.0,76.0,1,119600.0
33,Male,PhD,Married,54543.02,134300.0,85.0,1,188000.0
39,Male,High School,Divorced,11760.65,23800.0,51.0,1,22600.0
38,Male,High School,Married,18415.82,23600.0,50.0,1,27100.0
34,Male,High School,Single,92610.44,0.0,52.0,1,138900.0
44,Female,Bachelor,Married,41454.34,43400.0,67.0,1,54200.0
44,Male,Master,Married,28997.09,56100.0,70.0,1,72900.0
18,Female,PhD,Single,123282.63,0.0,63.0,1,184900.0
50,Female,Master,Married,356402.89,718800.0,95.0,1,1073100.0
18,Male,Master,Married,163275.95,241800.0,86.0,1,338500.0
47,Male,PhD,Married,63000.41,26100.0,68.0,1,32600.0
48,Male,High School,Married,16645.9,37100.0,55.0,1,26100.0
23,Female,Master,Married,18150.52,23500.0,59.0,1,27000.0
31,Female,Bachelor,Single,75987.29,144500.0,73.0,1,187800.0
23,Male,High School,Married,34283.27,29200.0,48.0,1,32100.0
33,Male,High School,Married,20129.27,0.0,33.0,0,0.0
32,Male,High School,Married,82864.82,91500.0,71.0,1,119000.0
44,Female,Bachelor,Single,41522.44,43900.0,65.0,1,54900.0
50,Male,Bachelor,Single,57069.82,0.0,56.0,1,85600.0
51,Male,High School,Single,56560.75,56900.0,63.0,1,71100.0
29,Female,Bachelor,Married,11677.86,7100.0,51.0,1,8200.0
33,Female,High School,Single,82187.97,0.0,52.0,1,123300.0
18,Female,Bachelor,Single,47729.71,0.0,52.0,1,71600.0
27,Male,Bachelor,Single,25112.03,11600.0,49.0,1,12800.0
46,Female,PhD,Married,173358.91,187000.0,92.0,1,280500.0
53,Male,High School,Single,24877.61,53200.0,60.0,1,47600.0
22,Male,Master,Single,24789.5,7700.0,52.0,1,8900.0
29,Female,High School,Married,85909.92,173200.0,72.0,1,225200.0
35,Male,High School,Married,29132.39,0.0,40.0,0,0.0
39,Male,Bachelor,Married,84664.06,65200.0,76.0,1,84800.0
27,Female,Bachelor,Married,61994.55,39200.0,66.0,1,49000.0
40,Male,PhD,Single,61813.78,132100.0,83.0,1,184900.0
30,Female,Bachelor,Single,102166.43,95200.0,74.0,1,123800.0
35,Male,Master,Single,172676.04,232200.0,88.0,1,325100.0
42,Male,High School,Married,347571.14,0.0,60.0,1,521400.0
36,Female,High School,Single,55154.22,121800.0,68.0,1,117900.0
31,Female,Bachelor,Widowed,38739.35,23900.0,59.0,1,27500.0
34,Male,High School,Married,24384.93,60100.0,62.0,1,42700.0
35,Female,PhD,Married,34047.65,11600.0,60.0,1,14500.0
31,Male,Bachelor,Married,27848.14,20600.0,62.0,1,25800.0
33,Female,Bachelor,Married,83276.3,111700.0,81.0,1,156400.0
53,Male,Bachelor,Married,68000.81,46500.0,70.0,1,60400.0
42,Female,Bachelor,Married,43187.87,36600.0,62.0,1,45800.0
32,Male,High School,Married,142664.81,352700.0,76.0,1,400100.0
43,Female,Bachelor,Single,67678.96,111500.0,73.0,1,145000.0
32,Female,Bachelor,Married,18327.22,7300.0,48.0,1,8000.0
48,Male,PhD,Married,19407.66,26200.0,65.0,1,32800.0
40,Female,High School,Married,10183.09,16100.0,50.0,1,17800.0
34,Male,Bachelor,Widowed,34012.52,0.0,47.0,1,51000.0
40,Male,High School,Single,159814.57,360100.0,80.0,1,504100.0
18,Female,High School,Divorced,63337.28,131900.0,62.0,1,128300.0
23,Male,Bachelor,Married,23037.75,27400.0,63.0,1,34200.0
22,Male,High School,Married,22403.73,44000.0,53.0,1,41300.0
37,Male,Bachelor,Married,80723.28,118200.0,81.0,1,165500.0
55,Female,Bachelor,Married,107826.81,225300.0,86.0,1,300600.0
60,Male,High School,Married,26023.09,35800.0,54.0,1,36000.0
43,Male,Bachelor,Married,58030.23,31600.0,70.0,1,41100.0
41,Female,High School,Single,99195.14,97500.0,64.0,1,121900.0
18,Female,Master,Married,47397.89,79300.0,74.0,1,103100.0
30,Female,High School,Divorced,168503.27,405900.0,78.0,1,518700.0
27,Female,High School,Single,28964.02,0.0,34.0,0,0.0
29,Female,Bachelor,Single,71207.64,152900.0,74.0,1,198800.0
34,Male,PhD,Married,20293.61,30500.0,65.0,1,38100.0
30,Male,Master,Married,88985.69,63300.0,79.0,1,82300.0
18,Female,High School,Married,37835.28,0.0,36.0,0,0.0
44,Female,High School,Married,87757.38,94200.0,71.0,1,122500.0
24,Female,Bachelor,Married,15082.26,30000.0,56.0,1,30900.0
38,Male,Bachelor,Married,80529.49,0.0,64.0,1,120800.0
58,Male,High School,Married,87192.12,82100.0,63.0,1,102600.0
25,Female,High School,Widowed,94784.34,53500.0,59.0,1,61500.0
18,Female,High School,Divorced,59285.18,0.0,40.0,1,88900.0
32,Female,High School,Married,78311.41,72900.0,60.0,1,91100.0
48,Male,Bachelor,Single,59187.15,99600.0,73.0,1,129500.0
57,Male,High School,Married,22391.74,32500.0,54.0,1,35100.0
22,Female,High School,Married,81316.14,202000.0,72.0,1,240000.0
41,Female,High School,Married,52412.53,0.0,48.0,1,78600.0
30,Male,High School,Divorced,29379.98,34300.0,53.0,1,39400.0
34,Male,High School,Married,380326.63,785300.0,82.0,1,1066600.0
65,Female,Bachelor,Married,26803.78,32000.0,64.0,1,40000.0
19,Female,Master,Single,20737.12,18500.0,52.0,1,21300.0
38,Male,High School,Married,31718.58,10500.0,45.0,1,11600.0
41,Male,Bachelor,Married,21017.58,0.0,43.0,1,31500.0
47,Male,Master,Married,42167.6,38600.0,65.0,1,48200.0
37,Male,High School,Married,14982.93,20300.0,50.0,1,23300.0
39,Female,High School,Single,43203.07,28700.0,50.0,1,33000.0
31,Female,High School,Married,73472.44,0.0,48.0,1,110200.0
38,Female,Bachelor,Married,15707.38,0.0,43.0,1,23600.0
32,Female,Bachelor,Single,68881.08,65100.0,68.0,1,81400.0
42,Male,High School,Married,10759.61,9300.0,45.0,1,10200.0
31,Male,Master,Married,162683.19,0.0,73.0,1,244000.0
40,Male,Bachelor,Married,116321.99,61600.0,76.0,1,80100.0
35,Male,High School,Married,57157.59,0.0,48.0,1,85700.0
48,Male,Bachelor,Married,77192.93,54800.0,70.0,1,71200.0
35,Female,High School,Married,61686.36,0.0,48.0,1,92500.0
18,Female,Bachelor,Single,33825.75,83100.0,66.0,1,84600.0
49,Female,High School,Married,31696.2,45400.0,57.0,1,49700.0
26,Female,Bachelor,Single,67708.59,0.0,52.0,1,101600.0
28,Female,High School,Single,27109.98,0.0,34.0,0,0.0
29,Female,Bachelor,Single,169644.22,0.0,64.0,1,254500.0
51,Male,High School,Single,314238.86,710300.0,80.0,1,961600.0
18,Female,Bachelor,Single,27375.29,0.0,44.0,1,41100.0
70,Male,High School,Married,49119.26,90500.0,62.0,1,68000.0
47,Male,High School,Single,69096.07,36000.0,58.0,1,41400.0
38,Male,High School,Single,132130.75,143500.0,69.0,1,179400.0
35,Female,High School,Widowed,86962.05,32000.0,56.0,1,36800.0
39,Female,Bachelor,Married,55381.51,36900.0,70.0,1,48000.0
41,Female,PhD,Married,84672.24,80800.0,81.0,1,113100.0
43,Female,Bachelor,Single,39629.37,0.0,48.0,1,59400.0
42,Male,Master,Married,284831.01,110900.0,78.0,1,144200.0
36,Female,High School,Married,20485.27,0.0,33.0,0,0.0
33,Female,High School,Married,20342.55,40600.0,50.0,1,35700.0
34,Female,Bachelor,Married,38431.7,54400.0,67.0,1,68000.0
33,Male,PhD,Married,24335.67,38700.0,72.0,1,50300.0
48,Male,Bachelor,Divorced,52208.6,0.0,54.0,1,78300.0
42,Female,High School,Married,17099.21,29600.0,50.0,1,30000.0
18,Male,High School,Single,56043.87,110200.0,59.0,1,126100.0
43,Female,High School,Married,34676.85,13400.0,45.0,1,14700.0
38,Male,High School,Single,34898.05,71600.0,60.0,1,74600.0
35,Female,Bachelor,Married,35503.17,43600.0,67.0,1,54500.0
31,Male,High School,Married,141285.74,48500.0,59.0,1,55800.0
48,Female,Master,Married,62066.64,0.0,61.0,1,93100.0
46,Male,Master,Married,26835.63,0.0,53.0,1,40300.0
27,Female,Master,Married,68334.43,111200.0,74.0,1,144600.0
40,Male,Master,Married,134564.81,303500.0,89.0,1,424900.0
25,Female,High School,Single,28329.45,20600.0,46.0,1,22700.0
20,Female,PhD,Married,47303.25,0.0,59.0,1,71000.0
29,Male,High School,Married,108501.24,0.0,50.0,1,162800.0
45,Female,Master,Single,16609.38,6300.0,49.0,1,6900.0
46,Male,High School,Married,69102.87,0.0,48.0,1,103700.0
41,Male,High School,Married,25073.71,39300.0,57.0,1,43900.0
43,Male,High School,Married,144544.7,57600.0,59.0,1,66200.0
41,Female,High School,Married,15071.79,11400.0,45.0,1,12500.0
28,Male,Master,Married,323807.47,303400.0,81.0,1,424800.0
40,Male,Bachelor,Widowed,84960.23,61900.0,73.0,1,80500.0
44,Female,Bachelor,Divorced,29096.59,50400.0,63.0,1,62200.0
44,Female,Bachelor,Single,60628.83,89100.0,73.0,1,115800.0
49,Male,Bachelor,Married,150913.29,0.0,70.0,1,226400.0
43,Female,High School,Married,21389.87,26800.0,50.0,1,30800.0
39,Female,Bachelor,Single,133751.05,324400.0,84.0,1,454200.0
47,Male,Bachelor,Married,25893.59,0.0,50.0,1,38800.0
35,Female,Bachelor,Married,21220.06,15100.0,55.0,1,17400.0
26,Male,PhD,Married,15637.33,23200.0,61.0,1,29000.0
34,Female,Bachelor,Married,131462.95,322200.0,86.0,1,409600.0
27,Male,High School,Single,298757.85,575400.0,71.0,1,748000.0
28,Female,Master,Married,112725.4,237300.0,85.0,1,332200.0
34,Male,Master,Married,40047.95,76600.0,70.0,1,99600.0
27,Female,PhD,Single,321029.59,0.0,69.0,1,481500.0
32,Male,Bachelor,Married,43962.02,41600.0,62.0,1,52000.0
18,Male,High School,Married,12446.66,18500.0,46.0,1,20400.0
38,Male,High School,Married,36240.09,15800.0,45.0,1,17400.0
36,Female,High School,Widowed,293659.5,345700.0,74.0,1,449400.0
27,Male,Bachelor,Married,85263.92,0.0,60.0,1,127900.0
43,Male,High School,Married,22698.44,0.0,40.0,1,34000.0
46,Male,Bachelor,Single,79236.04,40900.0,68.0,1,51100.0
18,Female,Master,Single,36330.37,73800.0,69.0,1,92200.0
27,Male,Master,Married,17290.59,26900.0,59.0,1,30900.0
27,Female,High School,Married,42132.39,47200.0,53.0,1,54300.0
25,Male,High School,Married,17077.58,10400.0,41.0,1,11400.0
45,Male,Master,Married,38466.22,0.0,53.0,1,57700.0
33,Male,Bachelor,Married,74056.83,158900.0,80.0,1,222500.0
33,Female,Bachelor,Married,23598.61,51100.0,72.0,1,66400.0
18,Male,Master,Married,50077.35,29300.0,69.0,1,36600.0
42,Male,High School,Married,60232.37,0.0,48.0,1,90300.0
22,Male,High School,Single,75406.57,75800.0,59.0,1,87200.0
36,Female,Bachelor,Divorced,10317.39,0.0,39.0,0,0.0
39,Male,Bachelor,Married,39769.7,44400.0,67.0,1,55500.0
50,Female,High School,Single,26669.22,33000.0,55.0,1,38000.0
21,Male,Bachelor,Married,34868.95,55400.0,63.0,1,69200.0
18,Male,Master,Divorced,54052.06,81600.0,70.0,1,106100.0
38,Male,High School,Married,52918.56,35400.0,60.0,1,44200.0
55,Female,PhD,Married,29686.4,27100.0,67.0,1,33900.0
49,Female,Bachelor,Widowed,86467.89,167100.0,78.0,1,217200.0
38,Male,Master,Single,27470.43,21200.0,63.0,1,26500.0
30,Female,High School,Married,47183.53,86100.0,65.0,1,82700.0
44,Male,High School,Single,84700.99,0.0,52.0,1,127100.0
25,Female,High School,Married,64751.88,126700.0,61.0,1,119500.0
41,Male,High School,Divorced,36284.3,70000.0,53.0,1,69800.0
41,Male,High School,Married,84860.03,73900.0,66.0,1,92400.0
47,Female,Master,Married,79004.23,97000.0,78.0,1,126100.0
66,Female,High School,Married,40319.62,53700.0,54.0,1,55800.0
40,Male,PhD,Divorced,133208.41,317700.0,87.0,1,444800.0
30,Female,Bachelor,Married,18248.1,0.0,43.0,1,27400.0
35,Male,High School,Single,44166.63,104400.0,60.0,1,94400.0
18,Female,Bachelor,Married,85040.51,188900.0,82.0,1,264500.0
28,Male,PhD,Married,145118.47,287800.0,82.0,1,402900.0
31,Female,Bachelor,Single,23963.57,43400.0,65.0,1,54200.0
30,Male,High School,Divorced,89086.57,123900.0,67.0,1,154900.0
37,Male,Master,Married,12705.84,0.0,46.0,1,19100.0
26,Male,High School,Divorced,30297.43,41500.0,49.0,1,45700.0
48,Male,Bachelor,Married,25228.11,8900.0,55.0,1,10200.0
36,Male,Bachelor,Single,104995.2,144500.0,79.0,1,187800.0
35,Male,High School,Single,19549.34,33000.0,48.0,1,36300.0
32,Female,High School,Divorced,11539.21,13700.0,46.0,1,15100.0
37,Male,Master,Single,26355.63,15200.0,63.0,1,19000.0
45,Female,Master,Married,25944.29,47500.0,70.0,1,61800.0
26,Female,Bachelor,Single,30514.29,0.0,44.0,0,0.0
28,Female,High School,Married,37977.78,0.0,36.0,0,0.0
32,Female,High School,Single,321644.13,506700.0,75.0,1,658700.0
21,Female,High School,Single,77611.3,95600.0,59.0,1,109900.0
26,Female,Bachelor,Married,18721.74,0.0,39.0,0,0.0
30,Male,High School,Married,10036.01,9900.0,45.0,1,10900.0
45,Female,High School,Married,18214.48,28700.0,50.0,1,28600.0
38,Female,Bachelor,Married,37745.17,39000.0,67.0,1,48800.0
38,Male,Bachelor,Married,95590.06,0.0,64.0,1,143400.0
45,Male,Master,Married,128440.91,170400.0,84.0,1,238600.0
34,Male,Bachelor,Married,23808.88,19100.0,62.0,1,23900.0
40,Male,Bachelor,Divorced,53587.35,48000.0,66.0,1,60000.0
34,Male,High School,Married,67038.79,0.0,48.0,1,100600.0
38,Female,Bachelor,Married,45540.54,30600.0,70.0,1,39800.0
29,Male,Bachelor,Married,24185.0,22700.0,58.0,1,26100.0
18,Female,Bachelor,Married,23953.19,45300.0,63.0,1,49100.0
34,Male,High School,Married,24864.51,0.0,40.0,0,0.0
51,Female,Bachelor,Widowed,23145.0,7100.0,52.0,1,8200.0
46,Male,Master,Single,145086.93,0.0,65.0,1,217600.0
46,Male,Bachelor,Widowed,53036.85,126700.0,77.0,1,158700.0
49,Male,Bachelor,Single,41839.87,16900.0,53.0,1,19400.0
36,Male,Bachelor,Married,20617.6,46900.0,65.0,1,40200.0
38,Male,High School,Married,76096.52,117200.0,65.0,1,133400.0
29,Female,Bachelor,Single,47923.02,24800.0,64.0,1,31000.0
32,Female,Master,Single,170244.34,362100.0,93.0,1,543200.0
42,Female,High School,Married,63840.79,0.0,48.0,1,95800.0
49,Male,High School,Married,106300.31,151800.0,71.0,1,197300.0
34,Male,Bachelor,Single,39911.91,0.0,48.0,1,59900.0
31,Female,High School,Married,121202.4,0.0,54.0,1,181800.0
36,Male,Bachelor,Married,33639.67,0.0,50.0,1,50500.0
42,Male,High School,Single,39089.93,34800.0,50.0,1,40000.0
20,Male,Bachelor,Married,24325.77,52700.0,68.0,1,49900.0
18,Male,Bachelor,Single,25899.74,28000.0,61.0,1,35000.0
29,Male,High School,Married,44276.88,64700.0,53.0,1,74400.0
22,Male,High School,Married,77109.51,98700.0,61.0,1,123400.0
30,Male,High School,Married,55400.66,38600.0,60.0,1,48200.0
34,Female,High School,Married,35197.08,42000.0,57.0,1,48300.0
31,Male,Bachelor,Single,26323.72,0.0,48.0,1,39500.0
51,Male,High School,Married,83945.82,53000.0,66.0,1,66200.0
39,Female,Bachelor,Married,15383.38,32800.0,65.0,1,30000.0
39,Female,Bachelor,Married,81309.19,189800.0,86.0,1,253400.0
42,Male,High School,Married,44354.07,15400.0,45.0,1,16900.0
23,Female,High School,Widowed,178278.74,179400.0,70.0,1,233200.0
47,Male,High School,Married,25165.17,59300.0,62.0,1,39500.0
35,Male,Bachelor,Married,43730.54,82300.0,67.0,1,85200.0
43,Female,High School,Married,57163.02,18700.0,53.0,1,21500.0
24,Female,High School,Single,61183.0,32900.0,54.0,1,37800.0
18,Male,High School,Single,23448.83,45100.0,51.0,1,51900.0
44,Female,PhD,Married,148103.77,266000.0,86.0,1,372400.0
40,Female,Bachelor,Married,73985.28,164700.0,80.0,1,230500.0
26,Male,Master,Married,39871.9,78400.0,66.0,1,88300.0
26,Male,High School,Single,87581.7,0.0,48.0,1,131400.0
48,Male,High School,Married,15138.0,22600.0,50.0,1,23700.0
22,Female,High School,Married,269635.52,237000.0,68.0,1,296200.0
54,Male,Master,Married,36699.64,21600.0,65.0,1,27000.0
26,Female,High School,Married,75033.47,23300.0,49.0,1,25600.0
43,Male,Bachelor,Single,65035.91,37400.0,68.0,1,46800.0
32,Male,High School,Married,43144.55,69800.0,57.0,1,75600.0
42,Female,Bachelor,Married,47347.79,0.0,58.0,1,71000.0
30,Female,High School,Married,39397.24,80500.0,62.0,1,69100.0
34,Male,Bachelor,Married,54357.43,55600.0,75.0,1,72300.0
36,Male,PhD,Married,33392.58,36200.0,72.0,1,47100.0
24,Female,High School,Single,41584.34,68900.0,51.0,1,79200.0
44,Male,Bachelor,Single,59832.26,141400.0,78.0,1,183800.0
30,Male,Bachelor,Divorced,170971.62,273600.0,83.0,1,383000.0
33,Female,Bachelor,Single,65280.75,52700.0,68.0,1,65900.0
25,Male,High School,Single,18433.03,21400.0,44.0,1,23500.0
18,Male,High School,Married,77520.64,180700.0,66.0,1,143000.0
33,Male,Bachelor,Married,56736.61,117200.0,80.0,1,164100.0
62,Female,High School,Married,85529.59,32100.0,56.0,1,36900.0
44,Male,Master,Married,24866.06,0.0,53.0,1,37300.0
35,Female,Bachelor,Single,71553.2,116500.0,73.0,1,151400.0
33,Male,Bachelor,Single,43367.19,83400.0,65.0,1,103000.0
36,Male,High School,Single,10371.92,5900.0,43.0,0,5900.0
42,Male,Bachelor,Married,137812.6,0.0,64.0,1,206700.0
23,Male,Bachelor,Married,56089.7,0.0,54.0,1,84100.0
48,Female,Bachelor,Single,53660.55,30400.0,68.0,1,38000.0
43,Male,High School,Married,27376.63,34700.0,57.0,1,39900.0
43,Female,Master,Married,85620.92,26300.0,72.0,1,34200.0
40,Male,High School,Single,31786.86,58400.0,55.0,1,67200.0
36,Male,High School,Married,55615.31,26100.0,53.0,1,30000.0
43,Male,PhD,Married,43333.82,26900.0,67.0,1,33600.0
42,Female,Bachelor,Married,29397.2,60100.0,72.0,1,78100.0
32,Female,High School,Married,155111.99,187700.0,77.0,1,244000.0
29,Female,Master,Married,16446.07,0.0,42.0,1,24700.0
37,Male,High School,Single,75562.46,0.0,46.0,1,113300.0
53,Female,High School,Married,12192.11,7700.0,45.0,1,8500.0
22,Male,Bachelor,Single,75533.73,50800.0,64.0,1,63500.0
19,Female,High School,Married,20869.86,36500.0,46.0,1,38500.0
37,Female,Master,Married,49540.73,40800.0,73.0,1,53000.0
36,Male,Master,Married,29510.2,37500.0,70.0,1,48800.0
37,Male,High School,Married,177534.4,374100.0,82.0,1,497900.0
38,Female,Master,Single,27179.52,24500.0,63.0,1,30600.0
33,Female,High School,Single,10714.68,11300.0,48.0,1,12400.0
52,Male,Bachelor,Single,47477.65,47000.0,68.0,1,58800.0
18,Female,Master,Married,28331.88,55000.0,66.0,1,62700.0
26,Female,Master,Widowed,134538.59,0.0,60.0,1,201800.0
34,Male,High School,Married,28183.03,0.0,40.0,1,42300.0
18,Male,High School,Single,28460.77,43300.0,51.0,1,49800.0
34,Female,High School,Married,82414.15,117400.0,71.0,1,152600.0
54,Male,Bachelor,Married,159024.62,144100.0,82.0,1,201700.0
36,Male,Bachelor,Divorced,58988.08,96800.0,71.0,1,125800.0
38,Female,High School,Married,60519.94,65300.0,65.0,1,81600.0
22,Female,High School,Married,88635.29,115900.0,67.0,1,144900.0
29,Female,Master,Married,175514.01,198400.0,86.0,1,277800.0
31,Male,High School,Single,177578.93,359800.0,80.0,1,503700.0
32,Female,High School,Married,174527.99,259800.0,77.0,1,337700.0
50,Female,Master,Married,36446.0,0.0,53.0,1,54700.0
42,Male,High School,Married,29091.5,0.0,40.0,0,0.0
23,Female,Bachelor,Married,44298.41,100100.0,68.0,1,90800.0
38,Female,High School,Married,156853.64,245000.0,77.0,1,318500.0
41,Female,High School,Married,154012.15,0.0,60.0,1,231000.0
48,Female,Bachelor,Single,80892.87,142500.0,79.0,1,185200.0
53,Male,Bachelor,Married,17181.62,9700.0,55.0,1,11200.0
24,Male,Bachelor,Married,35414.98,17900.0,58.0,1,20600.0
27,Male,High School,Married,61259.93,121400.0,61.0,1,113000.0
22,Female,Bachelor,Married,25466.96,46000.0,63.0,1,52200.0
33,Female,Bachelor,Divorced,64733.68,0.0,54.0,1,97100.0
41,Male,High School,Married,68281.87,85000.0,65.0,1,106200.0
46,Male,PhD,Married,42189.63,74000.0,72.0,1,96200.0
35,Male,Master,Divorced,126144.04,192000.0,80.0,1,268800.0
32,Female,Master,Divorced,42309.43,31500.0,61.0,1,39400.0
37,Male,Bachelor,Married,118576.6,263900.0,86.0,1,369500.0
26,Female,High School,Single,87510.48,161600.0,65.0,1,196900.0
58,Male,Bachelor,Divorced,10467.23,18100.0,53.0,1,20000.0
18,Male,Bachelor,Widowed,137279.92,185100.0,74.0,1,240600.0
38,Male,High School,Single,59471.62,0.0,46.0,1,89200.0
58,Female,Bachelor,Married,116497.18,0.0,61.0,1,174700.0
36,Female,High School,Married,48572.66,89200.0,65.0,1,85100.0
33,Female,High School,Single,75657.98,186300.0,68.0,1,161700.0
32,Female,High School,Single,125329.39,200500.0,69.0,1,250600.0
34,Male,PhD,Married,21388.64,34300.0,65.0,1,42900.0
51,Male,Bachelor,Widowed,18549.08,38000.0,62.0,1,34700.0
18,Female,High School,Single,15314.69,5400.0,32.0,0,5400.0
52,Female,Bachelor,Divorced,146456.8,81200.0,72.0,1,105600.0
20,Male,High School,Married,47970.05,103600.0,66.0,1,88500.0
33,Female,Bachelor,Married,35550.18,0.0,50.0,1,53300.0
31,Male,Master,Married,17993.8,44300.0,68.0,1,37800.0
42,Male,Bachelor,Married,24441.78,29200.0,67.0,1,36500.0
18,Male,Bachelor,Married,151418.7,0.0,66.0,1,227100.0
41,Female,Bachelor,Divorced,132660.67,233500.0,77.0,1,303600.0
58,Male,Bachelor,Married,133165.55,0.0,61.0,1,199700.0
21,Male,Bachelor,Single,77560.99,72400.0,64.0,1,90500.0
38,Male,Bachelor,Single,15397.68,33800.0,63.0,1,36600.0
28,Male,Bachelor,Married,55545.63,114800.0,76.0,1,149200.0
40,Male,PhD,Divorced,58422.77,0.0,59.0,1,87600.0
36,Male,Bachelor,Married,78225.8,85200.0,75.0,1,110800.0
28,Male,Bachelor,Married,48194.8,81900.0,71.0,1,106500.0
41,Female,Master,Single,82837.15,0.0,65.0,1,124300.0
55,Male,High School,Married,16986.44,21300.0,50.0,1,24500.0
33,Male,High School,Married,155427.38,218600.0,77.0,1,284200.0
43,Male,Bachelor,Divorced,29904.82,39300.0,63.0,1,49100.0
21,Male,Bachelor,Married,55023.39,0.0,54.0,1,82500.0
25,Female,Master,Married,40505.24,45600.0,66.0,1,57000.0
41,Male,High School,Married,24350.8,38300.0,57.0,1,42700.0
52,Female,High School,Single,104926.86,114000.0,69.0,1,142500.0
39,Female,Master,Single,28553.18,45600.0,68.0,1,57000.0
32,Female,High School,Single,30078.12,43400.0,55.0,1,49900.0
35,Male,High School,Married,26684.08,28700.0,57.0,1,33000.0
22,Male,High School,Married,86068.33,0.0,50.0,1,129100.0
42,Female,Bachelor,Single,46223.06,18200.0,61.0,1,22800.0
45,Female,Bachelor,Married,40479.72,36100.0,62.0,1,45100.0
31,Female,Master,Married,63498.14,0.0,61.0,1,95200.0
30,Male,High School,Married,165250.2,381400.0,82.0,1,463400.0
38,Male,Master,Single,40307.2,18500.0,56.0,1,21300.0
31,Female,High School,Married,50446.68,79900.0,65.0,1,88400.0
35,Female,High School,Married,74988.68,50600.0,60.0,1,63200.0
59,Male,Bachelor,Single,30704.27,0.0,45.0,1,46100.0
33,Male,High School,Married,81945.57,180800.0,76.0,1,229800.0
32,Male,High School,Single,41573.43,0.0,38.0,0,0.0
28,Female,High School,Divorced,107014.16,96800.0,58.0,1,111300.0
44,Female,High School,Divorced,15743.78,34500.0,51.0,1,30300.0
34,Female,Master,Married,71748.17,81100.0,78.0,1,105400.0
28,Female,High School,Married,34513.75,13900.0,41.0,1,15300.0
50,Male,PhD,Married,112659.38,0.0,69.0,1,169000.0
51,Female,Master,Married,57262.1,99100.0,78.0,1,128800.0
29,Female,High School,Married,167237.24,126000.0,68.0,1,157500.0
18,Female,Bachelor,Single,92943.02,145900.0,75.0,1,189700.0
47,Female,Bachelor,Single,28034.35,0.0,48.0,1,42100.0
28,Male,Bachelor,Single,110076.72,83500.0,70.0,1,108600.0
44,Female,Master,Married,61680.06,110200.0,78.0,1,143300.0
18,Female,Bachelor,Married,18233.23,40400.0,61.0,1,37400.0
45,Female,High School,Married,16387.13,31900.0,50.0,1,25700.0
22,Male,Bachelor,Single,138656.66,59300.0,63.0,1,74100.0
44,Female,Master,Single,77907.95,181600.0,81.0,1,254200.0
36,Male,Bachelor,Married,81547.23,53200.0,76.0,1,69200.0
25,Male,Master,Single,104388.7,198400.0,78.0,1,257900.0
31,Male,Bachelor,Married,99722.75,0.0,64.0,1,149600.0
43,Female,High School,Single,13614.63,17600.0,48.0,1,19400.0
37,Male,PhD,Married,41033.73,63200.0,72.0,1,82200.0
42,Male,Master,Married,138756.92,70900.0,79.0,1,92200.0
57,Female,High School,Divorced,102854.32,0.0,47.0,1,154300.0
18,Female,High School,Married,52368.2,23200.0,49.0,1,25500.0
53,Female,Bachelor,Single,20779.23,47800.0,63.0,1,44200.0
37,Male,Bachelor,Married,61513.59,52200.0,70.0,1,67900.0
26,Female,High School,Single,56487.57,65600.0,59.0,1,75400.0
21,Male,High School,Married,37956.03,74700.0,53.0,1,70000.0
33,Male,Bachelor,Single,83735.3,187100.0,84.0,1,261900.0
46,Male,High School,Single,32175.43,58900.0,55.0,1,61500.0
34,Female,High School,Married,80600.95,45700.0,66.0,1,57100.0
52,Male,Bachelor,Single,31890.85,34300.0,65.0,1,42900.0
20,Male,Master,Married,18297.09,30000.0,59.0,1,34500.0
35,Male,Bachelor,Married,70866.8,175000.0,80.0,1,220800.0
22,Male,Bachelor,Married,42572.28,0.0,46.0,1,63900.0
39,Female,Bachelor,Married,13900.62,13400.0,55.0,1,15400.0
45,Female,Bachelor,Married,39719.64,36400.0,62.0,1,45500.0
31,Male,High School,Married,75777.18,0.0,48.0,1,113700.0
18,Male,High School,Single,20065.89,13600.0,39.0,1,15000.0
38,Male,High School,Married,17290.49,29700.0,50.0,1,30300.0
40,Female,Master,Married,131412.44,284700.0,89.0,1,398600.0
40,Male,Bachelor,Widowed,10593.45,23100.0,62.0,1,22100.0
49,Male,Bachelor,Married,41313.06,0.0,50.0,1,62000.0
24,Male,Master,Married,20919.21,42800.0,64.0,1,46300.0
43,Male,Master,Married,130468.79,303100.0,89.0,1,424300.0
49,Male,Master,Single,55001.81,111200.0,81.0,1,155700.0
18,Male,High School,Single,17765.87,0.0,27.0,0,0.0
39,Male,Bachelor,Married,50476.52,72500.0,75.0,1,94200.0
30,Male,Bachelor,Married,46838.11,0.0,58.0,1,70300.0
35,Female,Bachelor,Single,116109.54,182000.0,79.0,1,236600.0
39,Male,High School,Married,75596.08,90500.0,65.0,1,113100.0
30,Male,Bachelor,Single,19770.44,27400.0,58.0,1,31500.0
28,Female,High School,Married,52058.47,90600.0,61.0,1,96000.0
36,Female,Master,Married,43761.43,67000.0,70.0,1,87100.0
24,Male,Bachelor,Single,69843.44,123700.0,69.0,1,154600.0
24,Female,High School,Single,86636.62,213100.0,70.0,1,277000.0
43,Male,High School,Single,51740.52,45200.0,58.0,1,52000.0
23,Female,Bachelor,Single,32533.44,81000.0,66.0,1,81300.0
43,Female,Bachelor,Married,31908.61,13400.0,55.0,1,15400.0
41,Male,Bachelor,Divorced,31468.93,51500.0,63.0,1,64400.0
18,Male,Bachelor,Married,384773.41,906100.0,88.0,1,1262100.0
28,Male,Master,Married,20192.94,10600.0,54.0,1,12200.0
49,Female,High School,Widowed,161484.98,400200.0,79.0,1,434800.0
25,Female,Bachelor,Married,13433.49,31200.0,61.0,1,27500.0
30,Female,Bachelor,Single,14068.5,30700.0,63.0,1,33400.0
41,Male,Master,Divorced,27963.96,0.0,49.0,1,41900.0
44,Male,High School,Married,80706.75,62200.0,66.0,1,77800.0
33,Female,High School,Divorced,62677.19,31100.0,49.0,1,34200.0
29,Male,High School,Married,89040.92,0.0,50.0,1,133600.0
51,Male,Master,Married,61394.23,97800.0,78.0,1,127100.0
55,Male,Bachelor,Married,25905.07,47800.0,67.0,1,45100.0
46,Female,High School,Married,86843.44,68200.0,66.0,1,85200.0
36,Female,High School,Married,80221.97,110400.0,71.0,1,143500.0
27,Female,High School,Married,71245.67,104200.0,61.0,1,130200.0
26,Male,Bachelor,Married,83629.74,190100.0,82.0,1,266100.0
41,Female,Bachelor,Married,43837.25,25300.0,62.0,1,31600.0
40,Female,Bachelor,Married,167523.41,344300.0,92.0,1,516400.0
51,Male,High School,Married,378994.21,756700.0,77.0,1,951000.0
43,Male,High School,Married,57205.73,102900.0,65.0,1,100300.0
19,Male,Bachelor,Single,33749.53,28500.0,56.0,1,32800.0
47,Female,High School,Single,80788.16,33400.0,57.0,1,38400.0
25,Male,Master,Single,16312.24,33000.0,62.0,1,41200.0
31,Male,High School,Married,36762.31,56300.0,57.0,1,64400.0
38,Male,High School,Married,383025.83,0.0,60.0,1,574500.0
57,Female,Bachelor,Married,58290.49,126800.0,77.0,1,162500.0
70,Male,Master,Married,69273.27,40900.0,70.0,1,53200.0
42,Male,High School,Single,303978.55,229100.0,70.0,1,297800.0
33,Male,Bachelor,Single,122358.34,150000.0,79.0,1,195000.0
41,Male,Bachelor,Divorced,61572.28,66400.0,71.0,1,86300.0
45,Male,High School,Married,39687.9,94800.0,62.0,1,62200.0
32,Male,High School,Single,21154.18,21200.0,48.0,1,23300.0
55,Female,Master,Married,147036.11,335000.0,89.0,1,442700.0
38,Female,High School,Married,133914.95,196900.0,71.0,1,256000.0
41,Female,Bachelor,Married,78766.18,0.0,58.0,1,118100.0
43,Male,PhD,Single,21973.71,39100.0,63.0,1,48900.0
40,Female,High School,Married,48708.07,94700.0,65.0,1,85400.0
45,Male,High School,Married,36986.4,0.0,40.0,1,55500.0
29,Male,High School,Married,34790.49,42600.0,53.0,1,49000.0
29,Female,High School,Single,144922.19,90700.0,60.0,1,113400.0
23,Female,High School,Single,22524.85,0.0,34.0,0,0.0
40,Male,Bachelor,Married,88005.32,159500.0,81.0,1,223300.0
44,Female,Bachelor,Married,23964.18,33300.0,67.0,1,41600.0
41,Female,Bachelor,Single,117672.63,43600.0,67.0,1,54500.0
54,Female,Master,Married,58423.4,0.0,61.0,1,87600.0
35,Female,High School,Married,18797.36,34200.0,50.0,1,32900.0
43,Female,High School,Married,37431.55,0.0,40.0,0,0.0
23,Male,High School,Married,23419.68,44100.0,53.0,1,43200.0
31,Male,High School,Married,51736.9,110900.0,70.0,1,144200.0
43,Female,High School,Married,59345.32,70800.0,65.0,1,88500.0
45,Male,Bachelor,Single,38194.39,74900.0,65.0,1,81200.0
32,Male,Master,Single,43372.41,40700.0,63.0,1,50900.0
35,Male,Master,Married,13785.69,7800.0,58.0,1,9000.0
19,Male,High School,Widowed,34088.2,0.0,33.0,0,0.0
32,Female,Bachelor,Single,61767.47,19100.0,61.0,1,23900.0
45,Female,Bachelor,Married,70981.07,0.0,58.0,1,106500.0
42,Male,High School,Single,36443.41,18800.0,50.0,1,21600.0
41,Female,High School,Married,136646.54,220300.0,71.0,1,286400.0
36,Female,PhD,Single,62506.01,0.0,61.0,1,93800.0
36,Male,Bachelor,Married,84590.23,37000.0,69.0,1,46200.0
28,Female,PhD,Married,81086.29,0.0,65.0,1,121600.0
43,Male,Bachelor,Single,179856.5,374300.0,90.0,1,561400.0
40,Male,High School,Married,127142.36,260300.0,76.0,1,338400.0
41,Male,High School,Single,46743.46,31900.0,58.0,1,36700.0
30,Female,PhD,Single,74311.68,23200.0,66.0,1,29000.0
18,Male,High School,Single,80254.21,0.0,48.0,1,120400.0
48,Female,High School,Widowed,43546.04,30600.0,49.0,1,33700.0
30,Female,Bachelor,Single,22238.37,22300.0,65.0,1,27900.0
26,Male,High School,Widowed,20554.98,18600.0,38.0,0,18600.0
43,Male,High School,Single,33884.98,79600.0,60.0,1,72400.0
31,Male,Bachelor,Single,61866.8,137900.0,78.0,1,179300.0
47,Male,High School,Married,109974.32,142700.0,71.0,1,185500.0
42,Female,High School,Married,81635.57,166800.0,76.0,1,216800.0
43,Male,High School,Married,122736.63,238100.0,71.0,1,309500.0
20,Female,Bachelor,Married,35904.81,47900.0,63.0,1,59900.0
49,Male,High School,Single,136050.0,69600.0,64.0,1,87000.0
38,Female,High School,Married,28052.56,56200.0,62.0,1,49200.0
31,Female,Bachelor,Married,160900.42,288200.0,87.0,1,403500.0
37,Female,High School,Single,58417.82,37600.0,58.0,1,43200.0
18,Female,High School,Divorced,353209.41,483900.0,69.0,1,604900.0
40,Male,Bachelor,Married,126858.7,259900.0,86.0,1,363900.0
24,Male,High School,Single,22691.96,45200.0,51.0,1,51100.0
21,Female,High School,Married,19209.13,46800.0,51.0,1,35400.0
19,Female,Bachelor,Married,170934.69,225500.0,83.0,1,315700.0
48,Male,Bachelor,Married,50390.43,0.0,58.0,1,75600.0
29,Male,Bachelor,Married,142671.14,45100.0,65.0,1,56400.0
52,Male,Bachelor,Divorced,23650.42,40500.0,63.0,1,45200.0
30,Female,Bachelor,Married,19958.65,18200.0,55.0,1,20900.0
18,Male,Bachelor,Married,21855.51,14100.0,51.0,1,16200.0
23,Male,High School,Single,67274.66,129400.0,59.0,1,148800.0
49,Female,High School,Married,13760.77,0.0,33.0,0,0.0
34,Male,Bachelor,Married,83058.72,0.0,64.0,1,124600.0
29,Male,High School,Divorced,33977.92,72300.0,54.0,1,68800.0
37,Male,Bachelor,Single,65206.16,96700.0,73.0,1,125700.0
41,Male,High School,Single,110502.68,140000.0,69.0,1,175000.0
48,Male,High School,Single,36168.41,60300.0,55.0,1,69200.0
51,Male,Master,Married,35945.3,89600.0,75.0,1,108200.0
32,Male,High School,Single,56827.55,32900.0,58.0,1,37800.0
21,Female,Bachelor,Married,109026.91,97800.0,72.0,1,127100.0
31,Female,High School,Divorced,32087.02,0.0,36.0,0,0.0
38,Male,High School,Married,65286.72,162500.0,70.0,1,183100.0
25,Male,High School,Single,208250.46,318000.0,71.0,1,413400.0
25,Female,High School,Married,57422.64,0.0,44.0,1,86100.0
39,Male,PhD,Widowed,104431.69,0.0,66.0,1,156600.0
35,Male,Master,Single,171130.08,288800.0,88.0,1,404300.0
36,Male,Bachelor,Married,96690.42,140800.0,81.0,1,197100.0
27,Female,Master,Married,84544.15,204900.0,85.0,1,286900.0
33,Male,Bachelor,Widowed,68754.79,40800.0,67.0,1,51000.0
25,Female,High School,Single,17983.86,19000.0,44.0,1,20900.0
45,Female,High School,Single,43234.74,72500.0,55.0,1,82700.0
47,Female,Bachelor,Married,30403.89,9400.0,55.0,1,10800.0
18,Male,High School,Married,18431.42,40600.0,51.0,1,34000.0
25,Female,High School,Married,18060.36,35700.0,46.0,1,33300.0
19,Male,Bachelor,Single,44731.98,0.0,44.0,0,0.0
28,Male,High School,Married,10552.58,10300.0,41.0,1,11300.0
35,Male,High School,Married,32475.03,31600.0,52.0,1,36300.0
20,Male,High School,Married,21874.66,48000.0,51.0,1,40400.0
25,Female,Bachelor,Married,29541.14,29700.0,63.0,1,37100.0
24,Male,High School,Widowed,176909.76,161800.0,65.0,1,202200.0
38,Male,Bachelor,Married,163504.71,315100.0,87.0,1,441100.0
36,Male,High School,Married,120539.09,0.0,54.0,1,180800.0
28,Female,Bachelor,Married,46309.76,50500.0,71.0,1,65600.0
37,Male,High School,Single,28447.92,44600.0,55.0,1,51300.0
29,Female,PhD,Married,50567.44,117500.0,81.0,1,164500.0
33,Female,Bachelor,Single,64280.61,83000.0,73.0,1,107900.0
54,Female,Bachelor,Single,87278.51,27100.0,67.0,1,33900.0
50,Male,Bachelor,Married,136135.57,260600.0,81.0,1,364800.0
21,Female,Bachelor,Married,15370.1,38400.0,61.0,1,31500.0
45,Male,High School,Married,54709.09,0.0,48.0,1,82100.0
44,Female,Bachelor,Married,72964.63,120000.0,75.0,1,156000.0
23,Female,Bachelor,Divorced,130983.64,154100.0,73.0,1,200300.0
45,Male,Bachelor,Married,19272.59,29700.0,60.0,1,33600.0
52,Female,High School,Married,33870.81,0.0,40.0,0,0.0
23,Male,High School,Single,84895.93,166200.0,65.0,1,191000.0
25,Male,High School,Widowed,160471.29,81100.0,65.0,1,101400.0
47,Male,High School,Single,11740.78,5800.0,36.0,0,5800.0
38,Female,Master,Married,51120.07,76100.0,78.0,1,98900.0
42,Female,High School,Divorced,22560.07,22700.0,53.0,1,26100.0
39,Female,High School,Married,14428.12,0.0,33.0,0,0.0
40,Female,Bachelor,Married,23256.23,16800.0,62.0,1,21000.0
21,Male,Bachelor,Married,65247.82,130900.0,76.0,1,170200.0
47,Female,Bachelor,Divorced,111721.85,273100.0,82.0,1,341900.0
48,Male,High School,Married,67420.72,68700.0,65.0,1,85900.0
33,Female,High School,Married,52123.61,120900.0,70.0,1,146200.0
35,Female,High School,Single,34631.37,0.0,38.0,0,0.0
19,Male,High School,Married,44227.97,67200.0,53.0,1,77300.0
41,Male,High School,Married,73675.45,22200.0,53.0,1,25500.0
42,Male,High School,Married,16772.67,14800.0,45.0,1,16300.0
35,Female,Master,Married,19456.55,8100.0,51.0,1,9300.0
48,Male,High School,Single,45250.52,16500.0,51.0,1,19000.0
32,Male,High School,Married,242141.88,603000.0,82.0,1,679100.0
42,Female,PhD,Married,21843.73,43300.0,65.0,1,48900.0
24,Male,Bachelor,Married,80217.86,83400.0,77.0,1,108400.0
35,Male,High School,Married,24076.15,43300.0,57.0,1,42200.0
34,Female,High School,Married,13917.52,0.0,33.0,0,0.0
38,Male,PhD,Married,129587.78,0.0,69.0,1,194400.0
31,Female,High School,Married,87056.28,73800.0,66.0,1,92200.0
34,Male,Bachelor,Married,17034.24,24300.0,60.0,1,30400.0
45,Male,Master,Married,96950.31,0.0,67.0,1,145400.0
31,Male,High School,Single,67908.3,129100.0,63.0,1,145200.0
18,Male,Bachelor,Married,58022.42,91200.0,71.0,1,118600.0
55,Female,PhD,Single,29790.13,49800.0,70.0,1,64700.0
51,Female,Bachelor,Married,24628.19,46700.0,67.0,1,42900.0
21,Male,High School,Single,65644.01,74800.0,59.0,1,86000.0
43,Male,Master,Married,37398.15,24100.0,65.0,1,30100.0
30,Male,Bachelor,Married,39469.67,27800.0,62.0,1,34800.0
38,Male,Bachelor,Single,76292.41,145700.0,73.0,1,189400.0
39,Male,Bachelor,Widowed,17926.16,44600.0,62.0,1,37500.0
33,Female,High School,Single,41991.99,54100.0,55.0,1,62200.0
27,Male,High School,Single,59956.7,40700.0,54.0,1,46800.0
28,Male,High School,Married,54656.73,24800.0,49.0,1,27300.0
25,Male,High School,Married,49024.73,66600.0,61.0,1,83200.0
26,Male,High School,Single,104913.57,0.0,48.0,1,157400.0
35,Female,High School,Divorced,212866.16,345800.0,73.0,1,449500.0
28,Male,High School,Married,172124.73,162000.0,68.0,1,202500.0
43,Male,Master,Single,53123.26,85400.0,76.0,1,111000.0
52,Male,Bachelor,Married,49227.5,73600.0,75.0,1,95700.0
29,Female,Bachelor,Married,14803.03,11500.0,51.0,1,13200.0
38,Male,Bachelor,Single,52632.48,63200.0,73.0,1,82200.0
41,Female,High School,Married,50875.57,113300.0,70.0,1,142700.0
41,Male,Bachelor,Married,30335.41,59300.0,67.0,1,59100.0
36,Female,Bachelor,Married,43145.83,0.0,50.0,1,64700.0
44,Female,Bachelor,Married,46369.53,104900.0,80.0,1,144500.0
41,Male,High School,Married,108694.51,0.0,54.0,1,163000.0
22,Female,Bachelor,Single,40957.22,90000.0,66.0,1,102400.0
45,Female,Bachelor,Married,27640.42,45700.0,67.0,1,48200.0
45,Male,Bachelor,Married,64849.13,156700.0,80.0,1,180800.0
27,Male,High School,Married,24266.47,17700.0,48.0,1,19500.0
36,Female,Bachelor,Widowed,161565.68,170700.0,84.0,1,239000.0
43,Female,Bachelor,Married,78140.75,92300.0,75.0,1,120000.0
33,Female,Bachelor,Married,24945.46,8800.0,55.0,1,10100.0
47,Female,Bachelor,Married,87658.32,118800.0,81.0,1,166300.0
62,Female,High School,Married,35584.33,0.0,37.0,0,0.0
27,Female,High School,Single,80917.1,169400.0,70.0,1,220200.0
20,Female,High School,Married,19165.59,0.0,29.0,0,0.0
39,Male,High School,Married,33938.68,31300.0,52.0,1,36000.0
43,Female,High School,Married,39192.31,95900.0,62.0,1,68700.0
33,Male,High School,Married,111401.79,48100.0,59.0,1,55300.0
51,Male,High School,Single,45956.88,59700.0,63.0,1,74600.0
21,Female,Bachelor,Married,120786.85,271900.0,82.0,1,380700.0
43,Male,Bachelor,Married,51862.62,95100.0,75.0,1,123600.0
29,Male,High School,Single,89148.63,0.0,48.0,1,133700.0
54,Male,High School,Widowed,43243.38,105700.0,59.0,1,72800.0
57,Female,Master,Married,51486.2,100700.0,75.0,1,130900.0
27,Female,Bachelor,Married,14127.88,19400.0,56.0,1,22300.0
29,Male,High School,Single,135838.51,227200.0,65.0,1,284000.0
45,Male,Bachelor,Single,62942.8,128800.0,78.0,1,167400.0
31,Male,High School,Married,153001.68,144500.0,72.0,1,187800.0
35,Male,Bachelor,Married,67658.33,0.0,58.0,1,101500.0
36,Male,PhD,Married,35001.05,61900.0,72.0,1,80500.0
18,Male,High School,Married,37585.71,33700.0,48.0,1,37100.0
35,Male,Master,Married,46065.04,80400.0,78.0,1,104500.0
28,Male,High School,Married,22285.79,13800.0,48.0,1,15200.0
30,Male,Bachelor,Married,12137.49,14800.0,60.0,1,18500.0
51,Female,Bachelor,Married,18619.66,9800.0,55.0,1,11300.0
22,Female,Bachelor,Divorced,27529.69,59400.0,64.0,1,61900.0
44,Female,High School,Married,21042.12,20300.0,45.0,1,22300.0
32,Female,Bachelor,Single,97064.75,226900.0,84.0,1,317700.0
32,Male,Bachelor,Divorced,71095.89,144600.0,76.0,1,188000.0
44,Female,Bachelor,Single,22587.58,22400.0,60.0,1,28000.0
39,Male,High School,Widowed,88742.64,144500.0,68.0,1,166900.0
42,Female,High School,Married,12564.04,15900.0,50.0,1,18300.0
46,Female,Bachelor,Married,71443.67,148100.0,80.0,1,199200.0
32,Female,Master,Married,87887.49,159100.0,84.0,1,222700.0
29,Female,High School,Single,10364.38,18000.0,44.0,1,19800.0
24,Female,Bachelor,Single,33792.9,64100.0,61.0,1,80100.0
26,Female,High School,Married,68702.1,84300.0,61.0,1,105400.0
68,Male,High School,Married,30084.16,36400.0,54.0,1,41600.0
49,Female,High School,Married,324001.6,347600.0,77.0,1,451900.0
21,Male,Bachelor,Divorced,138827.7,90600.0,68.0,1,113200.0
21,Female,PhD,Single,56211.36,61700.0,74.0,1,80200.0
41,Male,Bachelor,Married,18463.72,0.0,43.0,1,27700.0
42,Male,High School,Married,32721.93,32400.0,52.0,1,37300.0
42,Female,Bachelor,Single,32817.14,23800.0,60.0,1,29800.0
33,Male,High School,Married,21423.04,51500.0,55.0,1,37500.0
34,Female,High School,Married,297707.1,470500.0,77.0,1,611600.0
39,Male,High School,Single,19415.89,7200.0,36.0,0,7200.0
36,Female,High School,Married,41949.9,84700.0,62.0,1,73500.0
18,Female,Bachelor,Married,142265.68,253800.0,77.0,1,329900.0
33,Female,Bachelor,Single,19436.49,22500.0,58.0,1,25900.0
26,Male,Master,Married,58929.42,108100.0,74.0,1,140500.0
37,Male,High School,Married,220023.73,508600.0,82.0,1,617000.0
68,Female,High School,Married,37997.39,29400.0,49.0,1,32300.0
40,Male,High School,Married,86678.67,126800.0,71.0,1,164800.0
32,Male,High School,Married,10509.96,21000.0,50.0,1,18400.0
46,Female,PhD,Married,79337.6,38300.0,68.0,1,47900.0
41,Male,High School,Married,22653.17,44300.0,57.0,1,39700.0
40,Male,Master,Single,65637.11,130000.0,76.0,1,169000.0
42,Male,High School,Married,37575.36,0.0,40.0,1,56400.0
58,Male,High School,Married,31322.0,63500.0,59.0,1,49100.0
23,Female,High School,Married,58542.78,103900.0,61.0,1,108000.0
41,Male,Master,Single,12242.04,0.0,44.0,1,18400.0
25,Female,High School,Married,178008.45,110700.0,68.0,1,138400.0
42,Male,PhD,Married,70664.22,170800.0,85.0,1,239100.0
25,Male,High School,Married,50753.0,0.0,44.0,1,76100.0
31,Female,High School,Married,23107.45,43100.0,57.0,1,40500.0
32,Male,Bachelor,Single,111905.17,166700.0,79.0,1,216700.0
46,Female,High School,Single,69238.13,134000.0,63.0,1,132400.0
46,Female,High School,Married,39295.79,25000.0,52.0,1,28700.0
22,Male,Bachelor,Divorced,178286.37,140400.0,74.0,1,182500.0
36,Female,High School,Married,82527.6,0.0,54.0,1,123800.0
28,Male,Bachelor,Married,17343.62,7300.0,44.0,1,8000.0
22,Male,High School,Widowed,17997.73,0.0,26.0,0,0.0
33,Male,High School,Married,136986.28,98600.0,66.0,1,123200.0
32,Female,High School,Married,31995.2,49700.0,57.0,1,56100.0
62,Male,Bachelor,Single,80312.62,106400.0,76.0,1,138300.0
40,Female,Bachelor,Divorced,12128.28,0.0,39.0,1,10400.0
20,Male,Bachelor,Married,60027.0,58800.0,66.0,1,73500.0
29,Male,Bachelor,Married,44509.72,54600.0,63.0,1,68200.0
47,Male,High School,Single,16860.76,13800.0,43.0,1,15200.0
58,Female,High School,Married,67432.95,35500.0,57.0,1,40800.0
18,Female,High School,Single,166571.01,133100.0,66.0,1,166400.0
18,Male,Bachelor,Married,79290.89,180500.0,76.0,1,234600.0
56,Female,Bachelor,Divorced,13912.5,19000.0,53.0,1,21800.0
40,Male,High School,Single,36397.12,54000.0,55.0,1,62100.0
26,Female,High School,Married,26264.0,50700.0,53.0,1,48500.0
41,Female,Bachelor,Single,47383.99,104300.0,78.0,1,135600.0
18,Female,Master,Married,89543.17,0.0,63.0,1,134300.0
36,Female,Bachelor,Married,78174.54,44900.0,70.0,1,58400.0
39,Male,High School,Single,86884.44,107800.0,69.0,1,134800.0
46,Female,Bachelor,Married,41133.4,30400.0,62.0,1,38000.0
24,Male,Bachelor,Married,64263.35,86400.0,71.0,1,112300.0
36,Male,High School,Divorced,20337.29,0.0,29.0,0,0.0
25,Male,Bachelor,Single,40094.09,55300.0,61.0,1,69100.0
38,Male,High School,Married,27939.86,50100.0,57.0,1,49000.0
26,Male,High School,Widowed,73035.39,25000.0,46.0,1,27500.0
31,Male,PhD,Married,29015.4,0.0,55.0,1,43500.0
25,Male,Master,Married,27382.82,0.0,49.0,1,41100.0
43,Male,High School,Married,23879.87,59500.0,62.0,1,41900.0
45,Female,High School,Married,16517.93,8800.0,45.0,1,9700.0
33,Male,Bachelor,Married,62659.19,20400.0,63.0,1,25500.0
36,Female,High School,Single,48962.04,46000.0,58.0,1,52900.0
20,Male,High School,Married,77326.0,0.0,44.0,0,0.0
32,Male,High School,Married,77537.74,0.0,48.0,1,116300.0
35,Male,Bachelor,Single,27412.18,23400.0,60.0,1,29200.0
64,Male,High School,Single,88015.82,74100.0,61.0,1,92600.0
23,Female,Bachelor,Married,160007.71,0.0,66.0,1,240000.0
52,Female,High School,Married,40522.0,50400.0,57.0,1,58000.0
46,Male,Master,Married,22085.13,38600.0,70.0,1,50200.0
39,Male,Master,Married,44504.06,33700.0,65.0,1,42100.0
55,Female,Bachelor,Married,89563.25,145500.0,81.0,1,203700.0
40,Male,Bachelor,Married,67824.92,153800.0,80.0,1,211300.0
40,Male,High School,Married,396703.61,757300.0,77.0,1,984500.0
35,Female,Bachelor,Single,72546.33,44000.0,68.0,1,55000.0
49,Male,Master,Married,25081.73,14800.0,65.0,1,18500.0
48,Female,High School,Single,81640.36,42800.0,64.0,1,53500.0
29,Female,Bachelor,Single,302778.69,703000.0,86.0,1,984200.0
21,Male,High School,Single,60403.04,99200.0,59.0,1,114100.0
33,Male,High School,Married,12834.18,4300.0,38.0,0,4300.0
27,Female,High School,Married,33934.63,72800.0,58.0,1,62600.0
35,Male,Master,Married,37910.26,38600.0,70.0,1,50200.0
49,Female,High School,Single,168930.67,302000.0,75.0,1,392600.0
30,Female,Bachelor,Widowed,71938.74,156400.0,77.0,1,203300.0
35,Male,Master,Single,127376.4,249500.0,82.0,1,349300.0
36,Male,Bachelor,Widowed,36539.08,0.0,47.0,1,54800.0
45,Male,Master,Divorced,134726.35,278800.0,85.0,1,390300.0
18,Male,High School,Married,17823.91,11200.0,41.0,1,12300.0
29,Female,Master,Single,36006.34,41500.0,64.0,1,51900.0
38,Female,High School,Married,21744.2,0.0,33.0,0,0.0
49,Female,PhD,Married,36311.67,18400.0,67.0,1,23000.0
30,Male,High School,Married,332028.52,812900.0,82.0,1,931100.0
18,Female,High School,Single,20708.62,16500.0,39.0,0,16500.0
42,Male,High School,Married,20956.26,34800.0,50.0,1,36700.0
29,Female,High School,Married,102678.99,104700.0,67.0,1,130900.0
22,Male,High School,Single,65421.23,161100.0,64.0,1,147200.0
29,Female,PhD,Divorced,43683.69,63500.0,64.0,1,79400.0
33,Female,High School,Divorced,21517.23,0.0,29.0,0,0.0
29,Female,Bachelor,Married,53551.46,115800.0,76.0,1,150500.0
18,Female,High School,Single,64966.7,76900.0,59.0,1,88400.0
45,Female,Bachelor,Married,28408.96,61800.0,72.0,1,79200.0
50,Female,Bachelor,Married,40186.94,51300.0,67.0,1,64100.0
43,Female,PhD,Single,83347.53,196100.0,89.0,1,274500.0
23,Female,High School,Married,66116.06,27900.0,49.0,1,30700.0
33,Female,High School,Widowed,150809.4,371500.0,79.0,1,453900.0
35,Male,High School,Married,84148.48,111100.0,71.0,1,144400.0
42,Male,Bachelor,Married,76928.35,85600.0,75.0,1,111300.0
43,Female,Bachelor,Single,52039.19,20400.0,61.0,1,25500.0
27,Male,Bachelor,Married,77039.66,0.0,54.0,1,115600.0
36,Female,High School,Single,52152.62,51500.0,58.0,1,59200.0
41,Male,Bachelor,Single,148837.09,283100.0,79.0,1,368000.0
52,Male,Master,Married,60009.01,110100.0,78.0,1,143100.0
43,Female,High School,Married,47539.96,106900.0,70.0,1,133300.0
44,Female,High School,Married,55191.68,130700.0,70.0,1,154800.0
36,Male,Bachelor,Married,32772.79,62200.0,67.0,1,63800.0
51,Female,High School,Single,89730.73,0.0,52.0,1,134600.0
40,Female,Bachelor,Married,113014.01,257500.0,86.0,1,352200.0
26,Male,Bachelor,Married,44512.0,26200.0,58.0,1,30100.0
51,Male,PhD,Single,61389.86,28900.0,66.0,1,36100.0
43,Male,Master,Single,21520.13,40000.0,61.0,1,50000.0
31,Male,Bachelor,Single,88024.65,86400.0,74.0,1,112300.0
30,Male,High School,Married,51430.39,63400.0,65.0,1,79200.0
39,Male,High School,Single,82292.37,134700.0,69.0,1,168400.0
41,Male,Master,Married,16207.75,38800.0,68.0,1,34100.0
38,Female,Bachelor,Divorced,151758.01,337100.0,88.0,1,471900.0
39,Female,Bachelor,Single,39849.74,76300.0,65.0,1,94600.0
54,Female,High School,Married,50604.04,63100.0,65.0,1,78900.0
47,Male,High School,Married,80953.76,165500.0,76.0,1,203100.0
38,Female,High School,Widowed,58625.74,0.0,45.0,1,87900.0
46,Female,High School,Single,18788.44,39000.0,53.0,1,35900.0
24,Male,Bachelor,Married,70814.65,95300.0,71.0,1,123900.0
40,Female,Bachelor,Married,75809.93,0.0,58.0,1,113700.0
55,Female,High School,Married,73029.53,0.0,48.0,1,109500.0
33,Female,Bachelor,Single,40639.67,82700.0,70.0,1,107500.0
26,Female,Master,Single,42574.88,74300.0,64.0,1,92900.0
28,Male,Bachelor,Single,130419.19,0.0,58.0,1,195600.0
24,Male,Bachelor,Single,62647.69,114100.0,69.0,1,142600.0
27,Male,High School,Single,55898.56,0.0,42.0,0,0.0
31,Male,Master,Married,163245.51,103100.0,85.0,1,144300.0
20,Male,High School,Married,44241.32,19300.0,41.0,1,21200.0
36,Female,Master,Married,53789.47,22800.0,66.0,1,28500.0
45,Male,Bachelor,Single,65602.91,22900.0,61.0,1,28600.0
26,Female,Bachelor,Single,349474.25,118600.0,69.0,1,148200.0
52,Female,PhD,Married,36628.99,75900.0,77.0,1,98700.0
41,Male,Bachelor,Single,40745.71,78400.0,65.0,1,96800.0
47,Male,High School,Divorced,10193.74,24200.0,51.0,1,17500.0
28,Male,High School,Married,20936.17,22700.0,46.0,1,25000.0
45,Female,High School,Single,47760.83,88800.0,63.0,1,91300.0
23,Female,High School,Married,32246.0,38800.0,53.0,1,44600.0
45,Male,High School,Married,13309.17,0.0,33.0,0,0.0
37,Female,Bachelor,Married,384202.62,486300.0,87.0,1,680800.0
42,Female,High School,Married,240531.49,0.0,60.0,1,360800.0
23,Male,Bachelor,Married,30586.75,25700.0,58.0,1,29600.0
26,Female,Master,Married,84975.3,134100.0,80.0,1,187700.0
42,Female,Bachelor,Married,138366.55,121100.0,76.0,1,157400.0
25,Male,Master,Married,85419.08,52000.0,75.0,1,67600.0
41,Female,High School,Married,37202.29,72500.0,57.0,1,65200.0
20,Male,Bachelor,Single,10950.3,18800.0,54.0,1,21600.0
45,Male,High School,Single,15217.44,0.0,31.0,0,0.0
22,Male,Bachelor,Divorced,52937.48,89300.0,67.0,1,111600.0
42,Female,Bachelor,Single,23498.07,8400.0,53.0,1,9700.0
42,Female,High School,Married,61821.85,153000.0,70.0,1,173400.0
28,Male,High School,Married,85879.31,58600.0,62.0,1,73200.0
42,Male,Bachelor,Single,24706.41,58600.0,70.0,1,76200.0
38,Male,Bachelor,Single,10081.27,4500.0,46.0,1,5000.0
30,Female,Bachelor,Single,43507.05,80800.0,65.0,1,101000.0
24,Male,High School,Married,137709.49,108600.0,62.0,1,135800.0
18,Female,High School,Married,140272.23,0.0,50.0,1,210400.0
39,Female,High School,Married,21141.44,21000.0,45.0,0,21000.0
18,Female,Master,Married,18402.15,0.0,42.0,1,27600.0
37,Male,Master,Married,82206.58,30700.0,72.0,1,39900.0
33,Male,High School,Married,39721.35,0.0,40.0,1,59600.0
43,Male,High School,Married,72533.58,32900.0,53.0,1,37800.0
32,Female,Bachelor,Single,75977.94,161200.0,78.0,1,209600.0
32,Female,High School,Married,70231.63,44300.0,60.0,1,55400.0
44,Male,Master,Married,14264.77,12900.0,58.0,1,14800.0
39,Male,Bachelor,Married,115681.73,284400.0,86.0,1,360500.0
39,Female,High School,Divorced,12111.33,22900.0,46.0,1,23300.0
41,Male,High School,Single,14248.02,8900.0,43.0,1,9800.0
19,Male,Bachelor,Widowed,35268.61,31600.0,55.0,1,36300.0
44,Female,High School,Single,309258.21,0.0,58.0,1,463900.0
42,Male,Bachelor,Single,18201.03,0.0,41.0,1,27300.0
24,Female,High School,Married,169148.27,315300.0,73.0,1,409900.0
33,Female,High School,Single,36992.51,0.0,38.0,0,0.0
35,Female,Bachelor,Married,12050.64,13200.0,60.0,1,16500.0
34,Male,Bachelor,Divorced,46156.4,80300.0,71.0,1,104400.0
39,Male,High School,Divorced,107718.55,73300.0,62.0,1,91600.0
51,Male,High School,Married,85864.61,133300.0,71.0,1,173300.0
47,Male,Bachelor,Married,35056.06,53700.0,67.0,1,61100.0
21,Female,Bachelor,Widowed,166374.62,0.0,63.0,1,249600.0
42,Female,High School,Married,12811.7,0.0,33.0,0,0.0
50,Male,Bachelor,Divorced,38327.25,21300.0,58.0,1,24500.0
40,Female,High School,Divorced,77925.34,189200.0,66.0,1,149900.0
48,Female,High School,Single,19714.42,12600.0,43.0,1,13900.0
58,Male,Bachelor,Single,69098.14,72000.0,70.0,1,93600.0
47,Male,Bachelor,Married,80708.02,178900.0,86.0,1,225000.0
38,Male,High School,Married,385797.76,620200.0,77.0,1,806300.0
47,Female,High School,Married,88082.71,68100.0,66.0,1,85100.0
37,Male,High School,Married,24885.04,33700.0,57.0,1,38800.0
36,Female,Master,Single,73093.85,157100.0,81.0,1,219900.0
32,Male,High School,Single,24610.18,60900.0,60.0,1,52600.0
53,Female,High School,Divorced,86516.35,148400.0,67.0,1,148900.0
26,Male,High School,Married,21464.73,0.0,29.0,0,0.0
52,Female,High School,Married,33490.62,0.0,40.0,0,0.0
41,Female,Bachelor,Divorced,88195.19,0.0,60.0,1,132300.0
20,Male,High School,Married,79480.87,179300.0,66.0,1,146600.0
40,Female,Bachelor,Married,18351.27,11000.0,55.0,1,12600.0
18,Female,High School,Married,71134.1,78500.0,61.0,1,98100.0
42,Female,Bachelor,Married,126609.98,103000.0,76.0,1,133900.0
45,Male,High School,Married,44166.94,34300.0,52.0,1,39400.0
29,Male,High School,Married,53867.31,59500.0,61.0,1,74400.0
37,Female,High School,Single,40458.37,16400.0,43.0,1,18000.0
57,Female,Bachelor,Married,61535.38,0.0,55.0,1,92300.0
30,Male,Bachelor,Widowed,78896.06,171500.0,77.0,1,223000.0
24,Female,High School,Divorced,25764.82,0.0,32.0,0,0.0
52,Male,High School,Married,14479.65,6600.0,38.0,1,7300.0
57,Female,High School,Married,87576.58,136300.0,68.0,1,137300.0
36,Male,Bachelor,Single,140156.57,44000.0,67.0,1,55000.0
47,Male,Master,Married,15894.99,0.0,46.0,1,23800.0
50,Male,PhD,Married,19025.28,9800.0,60.0,1,12200.0
27,Male,Bachelor,Married,127534.83,146600.0,77.0,1,190600.0
30,Male,High School,Single,33339.56,33800.0,55.0,1,38900.0
49,Male,Bachelor,Married,34893.96,35900.0,67.0,1,44900.0
54,Male,High School,Married,21879.84,15800.0,45.0,1,17400.0
42,Male,Bachelor,Single,19664.48,10400.0,53.0,1,12000.0
26,Female,High School,Single,46791.01,15700.0,47.0,1,17300.0
57,Male,High School,Married,80262.8,156700.0,68.0,1,125900.0
30,Male,High School,Married,33568.44,77700.0,62.0,1,58800.0
32,Female,High School,Married,55379.96,125600.0,70.0,1,155300.0
39,Female,Bachelor,Married,41630.55,70500.0,67.0,1,81100.0
53,Female,Bachelor,Single,57173.93,0.0,56.0,1,85800.0
45,Male,Bachelor,Single,118837.0,184100.0,79.0,1,239300.0
40,Female,PhD,Single,47834.71,24700.0,73.0,1,32100.0
41,Female,High School,Single,21731.26,0.0,31.0,0,0.0
36,Male,Bachelor,Married,19544.59,0.0,43.0,1,29300.0
42,Female,Bachelor,Single,25406.34,0.0,48.0,1,38100.0
18,Male,Bachelor,Single,134059.48,315400.0,80.0,1,441600.0
32,Male,High School,Single,29745.19,34200.0,55.0,1,39300.0
38,Male,High School,Married,92915.47,72500.0,66.0,1,90600.0
23,Female,High School,Married,21126.65,29600.0,46.0,0,29600.0
40,Male,PhD,Single,20072.92,44400.0,68.0,1,54800.0
33,Male,Master,Single,178823.49,160100.0,83.0,1,224100.0
55,Male,High School,Divorced,27577.84,18700.0,48.0,1,20600.0
53,Male,Master,Divorced,76473.77,130500.0,74.0,1,169600.0
30,Male,High School,Married,24717.89,0.0,40.0,1,37100.0
34,Male,High School,Single,15176.72,0.0,31.0,0,0.0
35,Male,Bachelor,Married,83103.28,71200.0,76.0,1,92600.0
31,Female,High School,Married,181772.7,102300.0,72.0,1,133000.0
38,Male,High School,Single,66631.52,124200.0,63.0,1,142400.0
27,Male,Master,Married,31998.02,0.0,49.0,1,48000.0
23,Male,Bachelor,Married,76094.93,172700.0,76.0,1,224500.0
42,Male,PhD,Married,12855.12,23000.0,65.0,1,28800.0
42,Male,High School,Married,52797.75,0.0,48.0,1,79200.0
27,Male,High School,Married,74281.48,77600.0,61.0,1,97000.0
45,Female,High School,Married,36748.89,0.0,40.0,0,0.0
29,Male,Master,Married,78830.27,40700.0,69.0,1,50900.0
38,Male,High School,Married,12962.96,0.0,33.0,0,0.0
45,Male,High School,Married,45734.66,84000.0,65.0,1,71700.0
35,Female,High School,Married,169016.19,320400.0,77.0,1,416500.0
41,Female,Bachelor,Divorced,26745.79,46800.0,63.0,1,57200.0
30,Male,High School,Married,31613.28,40300.0,57.0,1,46300.0
33,Male,High School,Married,66082.52,75000.0,65.0,1,93800.0
33,Female,High School,Married,53430.07,80700.0,65.0,1,93600.0
27,Male,High School,Married,33979.08,0.0,36.0,0,0.0
34,Male,High School,Married,43028.68,46600.0,57.0,1,53600.0
18,Male,High School,Married,57210.93,79200.0,61.0,1,99000.0
30,Female,Master,Married,33967.81,58900.0,70.0,1,76600.0
32,Female,High School,Married,58891.34,53500.0,60.0,1,66900.0
33,Female,High School,Single,44556.68,95000.0,60.0,1,95200.0
33,Female,High School,Married,27073.77,0.0,40.0,0,0.0
35,Male,Master,Single,49919.86,109700.0,81.0,1,153600.0
41,Male,High School,Married,51417.83,16000.0,53.0,1,18400.0
45,Male,Bachelor,Married,14404.6,24700.0,60.0,1,25100.0
28,Female,Master,Married,34715.59,0.0,49.0,1,52100.0
22,Female,High School,Single,37364.25,31500.0,46.0,1,34600.0
24,Male,High School,Married,16748.96,40000.0,51.0,1,30900.0
30,Male,Bachelor,Single,20866.44,16000.0,53.0,1,18400.0
32,Male,Bachelor,Married,14323.49,19800.0,60.0,1,24800.0
27,Female,Bachelor,Married,154110.03,235700.0,83.0,1,330000.0
21,Male,Master,Married,57068.15,137000.0,79.0,1,178100.0
30,Male,High School,Single,151358.4,257800.0,75.0,1,335100.0
37,Male,Bachelor,Single,21109.77,9700.0,46.0,1,10700.0
42,Male,High School,Divorced,89028.17,108200.0,67.0,1,135200.0
29,Female,Bachelor,Single,18756.33,41300.0,59.0,1,46900.0
31,Female,Bachelor,Married,21309.36,42100.0,60.0,1,41500.0
25,Female,High School,Married,75619.54,31200.0,49.0,1,34300.0
35,Female,High School,Married,88343.83,139900.0,71.0,1,181900.0
26,Male,High School,Married,20776.25,11500.0,41.0,0,11500.0
42,Female,High School,Single,24452.25,12600.0,50.0,1,14500.0
18,Male,Master,Divorced,15689.48,37900.0,60.0,1,38100.0
32,Female,Bachelor,Married,29991.35,55200.0,67.0,1,58400.0
39,Male,Bachelor,Single,46214.96,24900.0,68.0,1,31100.0
38,Female,High School,Married,32738.8,34200.0,57.0,1,39300.0
65,Male,High School,Single,51675.8,92700.0,60.0,1,87200.0
39,Male,High School,Married,46640.38,106900.0,70.0,1,130800.0
24,Female,High School,Married,32235.42,14400.0,41.0,1,15800.0
34,Female,Bachelor,Single,27344.87,13200.0,53.0,1,15200.0
18,Male,Master,Single,43511.71,23700.0,59.0,1,27300.0
35,Male,High School,Single,40692.04,61000.0,55.0,1,70200.0
26,Female,Bachelor,Single,88027.7,116300.0,75.0,1,151200.0
46,Female,High School,Married,20577.58,13600.0,45.0,1,15000.0
29,Male,High School,Married,155516.08,0.0,56.0,1,233300.0
34,Female,High School,Single,35745.78,37700.0,55.0,1,43400.0
29,Male,Bachelor,Single,47945.45,32100.0,64.0,1,40100.0
55,Male,Bachelor,Married,113922.65,42500.0,69.0,1,53100.0
32,Female,High School,Married,153966.69,79800.0,72.0,1,103700.0
56,Male,Bachelor,Married,63053.13,72700.0,72.0,1,94500.0
44,Male,Bachelor,Divorced,29483.38,0.0,46.0,1,44200.0
41,Male,High School,Married,49678.57,39400.0,60.0,1,49200.0
40,Male,Bachelor,Single,23614.23,47600.0,70.0,1,61900.0
40,Male,Bachelor,Single,54449.45,0.0,56.0,1,81700.0
18,Male,High School,Single,82555.91,164400.0,65.0,1,185800.0
32,Male,Bachelor,Married,74835.72,87900.0,75.0,1,114300.0
45,Male,High School,Married,29841.77,67400.0,62.0,1,46800.0
35,Male,Bachelor,Single,47746.28,0.0,56.0,1,71600.0
20,Male,Master,Married,12260.47,18600.0,59.0,1,21400.0
35,Female,High School,Married,65244.82,117600.0,65.0,1,114400.0
54,Male,High School,Married,51894.81,0.0,48.0,1,77800.0
49,Male,High School,Single,79317.02,158600.0,63.0,1,151700.0
35,Female,High School,Single,160977.15,0.0,58.0,1,241500.0
46,Female,High School,Single,51159.2,37800.0,58.0,1,43500.0
31,Female,Bachelor,Married,77709.21,70000.0,70.0,1,91000.0
18,Male,High School,Married,33781.5,78200.0,58.0,1,62300.0
25,Female,High School,Married,44134.78,32200.0,48.0,1,35400.0
53,Male,Bachelor,Single,40114.06,50500.0,65.0,1,63100.0
32,Male,Bachelor,Married,35461.86,76200.0,72.0,1,99100.0
33,Male,High School,Married,72162.8,71600.0,60.0,1,89500.0
32,Male,Bachelor,Single,53051.04,0.0,56.0,1,79600.0
56,Male,Master,Single,376598.04,522100.0,85.0,1,730900.0
53,Female,High School,Married,70166.15,50500.0,60.0,1,63100.0
60,Female,High School,Married,306301.34,754800.0,79.0,1,678200.0
34,Male,Bachelor,Divorced,35234.62,61100.0,63.0,1,75300.0
39,Male,Bachelor,Married,57430.61,0.0,58.0,1,86100.0
19,Male,High School,Married,358659.93,453700.0,73.0,1,589800.0
52,Male,High School,Married,83805.28,138900.0,71.0,1,180600.0
23,Female,Bachelor,Single,57954.82,63000.0,69.0,1,78800.0
38,Female,Master,Married,64879.66,0.0,61.0,1,97300.0
23,Female,Bachelor,Divorced,106123.58,92300.0,68.0,1,115400.0
29,Female,PhD,Married,111468.82,60100.0,77.0,1,78100.0
26,Male,Bachelor,Married,60119.23,136500.0,76.0,1,177400.0
29,Male,Master,Married,85589.52,204400.0,85.0,1,286200.0
30,Male,Bachelor,Divorced,146354.37,122300.0,72.0,1,159000.0
29,Male,Master,Single,35522.83,87100.0,69.0,1,95900.0
45,Female,High School,Married,87604.09,0.0,54.0,1,131400.0
23,Male,Bachelor,Married,354090.5,293900.0,78.0,1,382100.0
38,Male,High School,Married,22369.16,0.0,40.0,0,0.0
49,Female,High School,Married,50595.06,23700.0,53.0,1,27300.0
30,Female,Bachelor,Divorced,56148.92,34200.0,66.0,1,42800.0
28,Male,High School,Single,28990.17,22900.0,46.0,1,25200.0
33,Female,High School,Single,165065.6,381100.0,80.0,1,533500.0
48,Male,PhD,Married,39707.9,94800.0,77.0,1,123200.0
38,Male,Bachelor,Single,51545.13,61900.0,73.0,1,80500.0
30,Male,Master,Married,69026.97,57500.0,73.0,1,74800.0
41,Male,PhD,Single,24509.68,24800.0,70.0,1,32200.0
23,Female,High School,Married,25976.34,0.0,36.0,0,0.0
43,Male,High School,Married,55898.45,84800.0,65.0,1,98000.0
40,Female,High School,Married,42821.79,28800.0,52.0,1,33100.0
32,Female,Bachelor,Single,30411.6,47700.0,65.0,1,59600.0
26,Male,Bachelor,Single,20989.81,23400.0,54.0,1,26900.0
26,Female,Bachelor,Single,157566.67,263900.0,81.0,1,369500.0
41,Male,High School,Single,39236.34,60600.0,55.0,1,69700.0
49,Male,High School,Single,19641.9,25800.0,48.0,1,28400.0
28,Female,High School,Single,49318.46,27700.0,54.0,1,31900.0
41,Female,High School,Married,19775.4,12800.0,45.0,1,14100.0
18,Male,Master,Single,56366.26,59900.0,72.0,1,77900.0
29,Female,High School,Married,89276.91,172200.0,67.0,1,164700.0
35,Male,High School,Single,41508.67,43000.0,55.0,1,49400.0
25,Female,High School,Married,21959.75,20100.0,41.0,1,22100.0
25,Male,Bachelor,Single,21245.4,43500.0,59.0,1,50000.0
28,Male,High School,Married,259140.43,0.0,56.0,1,388700.0
39,Male,High School,Married,87376.05,165400.0,71.0,1,215000.0
33,Male,Bachelor,Married,29595.29,38000.0,67.0,1,47500.0
18,Female,Master,Married,37163.27,28500.0,61.0,1,35600.0
18,Female,Master,Married,81839.26,0.0,63.0,1,122800.0
29,Male,High School,Married,62188.64,64900.0,61.0,1,81100.0
41,Male,Bachelor,Married,26688.95,33400.0,67.0,1,41800.0
18,Male,High School,Single,20738.64,30000.0,44.0,1,33000.0
30,Male,High School,Married,49647.68,76600.0,65.0,1,87000.0
30,Female,Bachelor,Widowed,122847.79,42300.0,66.0,1,52900.0
51,Female,High School,Married,34433.17,78300.0,62.0,1,54000.0
31,Female,Bachelor,Married,19657.0,44000.0,65.0,1,38300.0
40,Male,Master,Single,20426.14,11700.0,56.0,1,13500.0
37,Male,High School,Married,33767.56,73200.0,62.0,1,59200.0
18,Male,High School,Single,35188.13,22700.0,46.0,1,25000.0
44,Female,High School,Single,20245.91,16900.0,43.0,1,18600.0
38,Female,Bachelor,Married,66015.55,95200.0,75.0,1,123800.0
41,Male,Master,Married,34859.37,85400.0,75.0,1,111000.0
70,Male,Master,Widowed,10221.27,0.0,40.0,1,15300.0
18,Female,Bachelor,Single,87800.34,0.0,58.0,1,131700.0
54,Female,High School,Married,70505.02,101600.0,65.0,1,110600.0
32,Female,Bachelor,Single,155481.69,126300.0,80.0,1,176800.0
39,Male,High School,Married,27702.0,0.0,40.0,1,41600.0
35,Female,PhD,Married,17879.06,42100.0,70.0,1,54700.0
31,Male,High School,Married,32580.59,58200.0,57.0,1,57100.0
29,Female,Bachelor,Married,50061.16,32100.0,66.0,1,40100.0
39,Female,High School,Married,41093.82,56200.0,57.0,1,64600.0
19,Female,High School,Married,41304.79,0.0,36.0,1,30500.0
44,Female,Bachelor,Married,10764.56,0.0,43.0,1,16100.0
31,Male,Bachelor,Married,265933.15,110300.0,75.0,1,143400.0
23,Male,Bachelor,Married,241917.37,210000.0,78.0,1,273000.0
31,Male,Bachelor,Married,68236.62,94300.0,75.0,1,122600.0
49,Male,High School,Married,33242.31,70300.0,62.0,1,52100.0
30,Male,Master,Divorced,74539.23,141900.0,74.0,1,184500.0
39,Male,Bachelor,Single,56136.94,134900.0,78.0,1,175400.0
27,Female,High School,Single,54976.47,42000.0,54.0,1,48300.0
44,Male,Bachelor,Married,155099.4,81700.0,82.0,1,114400.0
43,Female,PhD,Single,44452.72,0.0,53.0,1,66700.0
56,Female,Bachelor,Married,175171.0,0.0,67.0,1,262800.0
34,Male,High School,Single,161278.76,0.0,58.0,1,241900.0
43,Male,Bachelor,Married,48036.06,0.0,58.0,1,72100.0
37,Male,High School,Married,55699.83,0.0,48.0,1,83500.0
50,Female,Bachelor,Married,37861.43,0.0,50.0,1,56800.0
28,Female,Bachelor,Married,58309.77,0.0,54.0,1,87500.0
44,Male,Master,Single,62713.05,147500.0,81.0,1,206500.0
33,Female,Bachelor,Married,43934.72,0.0,50.0,1,65900.0
35,Male,High School,Married,23985.07,31000.0,57.0,1,35600.0
37,Female,Bachelor,Single,83756.04,78200.0,74.0,1,101700.0
38,Male,High School,Married,191065.59,299200.0,77.0,1,389000.0
34,Female,High School,Married,29772.68,68000.0,62.0,1,52200.0
38,Female,High School,Married,34774.23,0.0,40.0,0,0.0
53,Female,High School,Married,122074.58,88800.0,66.0,1,111000.0
46,Male,PhD,Married,21485.88,12600.0,60.0,1,15800.0
45,Male,Bachelor,Married,290962.52,0.0,70.0,1,436400.0
30,Female,Bachelor,Married,78022.76,0.0,58.0,1,117000.0
26,Male,High School,Married,153185.88,204900.0,73.0,1,266400.0
46,Male,Bachelor,Single,165158.31,203200.0,85.0,1,284500.0
45,Female,Bachelor,Married,83876.14,0.0,64.0,1,125800.0
52,Male,High School,Married,15595.8,19400.0,50.0,1,22300.0
29,Male,PhD,Married,41849.06,45000.0,68.0,1,56200.0
33,Female,Bachelor,Married,37029.35,71700.0,67.0,1,72100.0
18,Male,Bachelor,Married,151745.49,0.0,66.0,1,227600.0
31,Male,High School,Divorced,52795.65,67600.0,61.0,1,84500.0
46,Female,High School,Married,12941.19,22500.0,50.0,1,20300.0
30,Female,Master,Single,37816.29,0.0,51.0,1,56700.0
43,Male,Bachelor,Divorced,13187.6,22600.0,56.0,1,26000.0
33,Female,Bachelor,Married,67051.8,132100.0,75.0,1,171700.0
39,Female,Master,Married,33269.2,0.0,53.0,1,49900.0
23,Male,Bachelor,Married,27382.84,58300.0,68.0,1,56100.0
36,Male,Bachelor,Married,70492.23,65000.0,70.0,1,84500.0
18,Male,High School,Married,16765.07,19100.0,46.0,1,21000.0
33,Female,Bachelor,Married,24967.37,22700.0,62.0,1,28400.0
18,Female,High School,Single,30765.64,65200.0,56.0,1,69200.0
49,Male,High School,Widowed,122924.37,272100.0,73.0,1,331000.0
44,Female,PhD,Single,34928.04,21300.0,65.0,1,26600.0
41,Female,High School,Single,78719.9,114000.0,63.0,1,142500.0
52,Male,High School,Married,45820.49,0.0,48.0,1,68700.0
25,Female,High School,Married,50965.26,0.0,44.0,1,76400.0
55,Male,High School,Married,28945.88,44100.0,57.0,1,45400.0
46,Female,High School,Married,19724.96,21800.0,50.0,1,25100.0
33,Male,High School,Married,15766.21,29600.0,50.0,1,27600.0
48,Female,Bachelor,Married,33750.39,72200.0,72.0,1,93900.0
23,Female,Bachelor,Married,63414.37,20900.0,59.0,1,24000.0
26,Male,Bachelor,Married,31548.33,47500.0,63.0,1,59400.0
29,Female,PhD,Married,44483.81,70200.0,68.0,1,87800.0
30,Female,Bachelor,Married,20783.69,20800.0,60.0,1,26000.0
24,Female,High School,Divorced,77664.03,0.0,40.0,0,0.0
49,Female,High School,Single,119167.49,274200.0,74.0,1,356500.0
33,Male,Bachelor,Single,16164.24,32000.0,58.0,1,36800.0
39,Female,Bachelor,Single,37856.5,0.0,48.0,1,56800.0
29,Female,High School,Married,31075.23,10100.0,41.0,0,10100.0
18,Female,High School,Married,34062.88,41800.0,53.0,1,48100.0
38,Female,Bachelor,Married,11748.53,21500.0,60.0,1,22900.0
18,Male,Bachelor,Married,11122.92,7200.0,51.0,1,8300.0
35,Male,Bachelor,Married,105057.88,0.0,64.0,1,157600.0
20,Male,High School,Single,79004.57,130300.0,59.0,1,149800.0
57,Female,Bachelor,Married,221791.65,228400.0,84.0,1,319800.0
46,Female,Bachelor,Single,43268.6,93800.0,70.0,1,121900.0
37,Female,Master,Married,123169.4,211200.0,84.0,1,295700.0
49,Male,Bachelor,Married,105212.95,101800.0,76.0,1,132300.0
26,Female,Bachelor,Married,164271.97,120600.0,78.0,1,156800.0
41,Female,Bachelor,Married,15479.76,10000.0,55.0,1,11500.0
38,Female,Bachelor,Married,62480.69,154400.0,80.0,1,194700.0
38,Male,High School,Married,59825.39,132300.0,70.0,1,167800.0
49,Female,Master,Single,59873.06,108600.0,76.0,1,141200.0
44,Female,Bachelor,Married,74854.85,100000.0,75.0,1,130000.0
39,Female,Bachelor,Single,69329.17,150200.0,78.0,1,195300.0
18,Female,PhD,Married,282881.16,522500.0,88.0,1,731500.0
25,Female,PhD,Married,130233.73,198700.0,82.0,1,278200.0
34,Male,Bachelor,Married,102780.1,207200.0,86.0,1,290100.0
37,Male,High School,Married,82254.47,46300.0,66.0,1,57900.0
23,Female,High School,Single,86708.15,192800.0,70.0,1,250600.0
62,Male,Master,Single,40450.75,23500.0,60.0,1,29400.0
52,Male,High School,Single,32379.14,74100.0,60.0,1,61900.0
42,Male,PhD,Single,177497.42,139100.0,85.0,1,194700.0
36,Female,High School,Married,145678.0,168200.0,71.0,1,218700.0
33,Female,Bachelor,Married,79833.73,157500.0,75.0,1,204800.0
25,Male,Bachelor,Married,156710.1,0.0,66.0,1,235100.0
36,Female,High School,Married,38279.71,93600.0,62.0,1,67100.0
38,Female,Master,Married,36765.69,71600.0,70.0,1,93100.0
22,Male,Bachelor,Married,109045.09,95200.0,72.0,1,123800.0
39,Male,High School,Single,28772.44,64800.0,60.0,1,61500.0
34,Female,High School,Married,20640.61,8100.0,38.0,0,8100.0
18,Female,Bachelor,Single,26139.07,8500.0,49.0,1,9400.0
26,Male,High School,Married,25495.12,25800.0,53.0,1,29700.0
31,Male,Master,Married,28535.7,14900.0,65.0,1,18600.0
56,Male,High School,Married,30337.34,63800.0,59.0,1,47600.0
42,Male,High School,Single,139781.66,0.0,52.0,1,209700.0
21,Male,High School,Divorced,144498.43,0.0,46.0,1,216700.0
41,Female,High School,Single,40185.46,0.0,38.0,0,0.0
18,Female,High School,Divorced,48303.3,30700.0,52.0,1,35300.0
47,Female,PhD,Married,26789.38,65400.0,77.0,1,85000.0
30,Male,High School,Married,67732.29,117400.0,65.0,1,118700.0
34,Female,High School,Single,56286.57,25000.0,51.0,1,28700.0
50,Male,High School,Divorced,84306.83,125500.0,67.0,1,145100.0
21,Male,Bachelor,Married,73807.56,163600.0,76.0,1,212700.0
20,Female,Bachelor,Single,33275.38,75700.0,66.0,1,83200.0
29,Female,Bachelor,Married,90039.93,175100.0,77.0,1,227600.0
47,Male,High School,Married,83639.17,204000.0,76.0,1,209900.0
19,Female,Bachelor,Single,65738.72,91900.0,69.0,1,114900.0
18,Female,Bachelor,Single,16376.91,0.0,37.0,0,0.0
31,Male,Bachelor,Single,76422.22,60100.0,68.0,1,75100.0
42,Female,High School,Single,43561.47,56900.0,55.0,1,65400.0
49,Female,Bachelor,Single,104238.9,0.0,62.0,1,156400.0
30,Female,High School,Single,96406.58,40500.0,57.0,1,46600.0
31,Female,High School,Single,11462.91,9100.0,43.0,1,10000.0
48,Male,High School,Single,78332.59,0.0,46.0,1,117500.0
18,Male,High School,Divorced,11551.33,23600.0,47.0,1,23400.0
31,Male,High School,Married,135088.29,123300.0,66.0,1,154100.0
38,Female,Bachelor,Married,18477.94,39600.0,65.0,1,36000.0
40,Male,Master,Married,38393.52,23700.0,65.0,1,29600.0
30,Female,Bachelor,Single,31346.11,55400.0,65.0,1,69200.0
36,Male,High School,Married,76437.65,56400.0,60.0,1,70500.0
18,Female,Bachelor,Married,43850.26,64400.0,63.0,1,80500.0
28,Male,Bachelor,Married,46259.05,78200.0,71.0,1,101700.0
40,Male,High School,Divorced,75212.11,144000.0,61.0,1,144700.0
25,Female,Bachelor,Married,34020.22,78100.0,68.0,1,69700.0
36,Male,Bachelor,Married,54566.48,111600.0,80.0,1,156200.0
40,Male,High School,Divorced,13692.55,0.0,29.0,0,0.0
32,Male,High School,Married,165343.55,356300.0,82.0,1,463700.0
37,Male,High School,Divorced,35498.66,15500.0,41.0,1,17000.0
25,Female,PhD,Single,91307.73,175300.0,80.0,1,245400.0
33,Female,High School,Divorced,88441.26,120600.0,67.0,1,150800.0
42,Male,High School,Married,74978.29,95000.0,65.0,1,118800.0
37,Female,Bachelor,Married,32180.78,59200.0,67.0,1,62700.0
29,Female,Master,Single,38383.67,16600.0,52.0,1,19100.0
38,Female,High School,Single,54205.61,120400.0,68.0,1,115900.0
43,Female,Bachelor,Single,27990.75,24300.0,60.0,1,30400.0
18,Female,Bachelor,Married,25498.9,53300.0,68.0,1,52300.0
48,Male,Bachelor,Single,31132.68,31400.0,65.0,1,39200.0
32,Male,Master,Single,42808.11,82000.0,68.0,1,102500.0
40,Male,High School,Divorced,30937.58,71900.0,58.0,1,59500.0
49,Female,Master,Married,243378.85,443200.0,90.0,1,664800.0
20,Female,Bachelor,Married,76660.37,62600.0,66.0,1,78200.0
28,Female,Master,Married,168264.5,309600.0,86.0,1,433400.0
32,Female,Bachelor,Married,12930.79,23800.0,60.0,1,25200.0
27,Male,Master,Single,19695.06,46000.0,62.0,1,53200.0
55,Female,High School,Married,58716.22,0.0,48.0,1,88100.0
26,Male,High School,Married,112258.46,273100.0,72.0,1,331400.0
29,Male,High School,Single,66283.06,119800.0,59.0,1,137800.0
38,Male,High School,Married,48002.89,48000.0,60.0,1,60000.0
22,Female,Bachelor,Married,20346.84,28900.0,56.0,1,33200.0
31,Male,High School,Married,372354.95,735800.0,77.0,1,956500.0
39,Female,High School,Single,75481.95,0.0,46.0,1,113200.0
32,Male,Bachelor,Married,13634.62,14200.0,60.0,1,17800.0
34,Male,Master,Married,25834.3,58200.0,75.0,1,75700.0
30,Female,Bachelor,Married,18385.66,9800.0,55.0,1,11300.0
19,Female,Bachelor,Divorced,24371.04,35600.0,59.0,1,40900.0
39,Male,Bachelor,Married,63499.87,99500.0,75.0,1,129400.0
55,Male,Master,Married,24042.61,0.0,53.0,1,36100.0
36,Female,Bachelor,Single,31808.51,37800.0,65.0,1,47200.0
38,Male,PhD,Married,51052.24,117500.0,85.0,1,164500.0
43,Female,High School,Married,46448.29,20100.0,53.0,1,23100.0
22,Male,Bachelor,Married,65238.05,42700.0,66.0,1,53400.0
54,Male,Bachelor,Married,70546.22,0.0,58.0,1,105800.0
38,Male,Bachelor,Married,15272.09,10600.0,55.0,1,12200.0
53,Female,Bachelor,Married,52926.65,0.0,58.0,1,79400.0
27,Female,Master,Single,197034.9,312500.0,84.0,1,437500.0
55,Male,Master,Married,50686.51,0.0,61.0,1,76000.0
44,Female,High School,Married,38723.62,49700.0,57.0,1,57200.0
42,Female,High School,Married,45714.43,0.0,48.0,1,68600.0
38,Female,High School,Married,41856.28,88700.0,62.0,1,73400.0
33,Male,High School,Married,41322.05,75700.0,57.0,1,72400.0
49,Male,High School,Married,84621.1,210800.0,76.0,1,212300.0
37,Female,Bachelor,Widowed,42211.14,69600.0,64.0,1,87000.0
18,Male,Bachelor,Married,150076.39,0.0,66.0,1,225100.0
23,Male,Bachelor,Widowed,41490.91,42900.0,60.0,1,53600.0
33,Female,Bachelor,Married,77864.86,192500.0,80.0,1,242600.0
39,Male,Bachelor,Married,28902.78,60100.0,72.0,1,78100.0
35,Male,High School,Married,78980.73,166100.0,70.0,1,215900.0
49,Male,Bachelor,Married,36158.26,26300.0,62.0,1,32900.0
18,Female,Bachelor,Married,10329.88,13600.0,56.0,1,15600.0
37,Male,High School,Married,160772.36,56300.0,65.0,1,70400.0
18,Female,High School,Married,168375.16,248500.0,73.0,1,323000.0
44,Female,High School,Married,136572.53,63100.0,59.0,1,72600.0
34,Male,Bachelor,Single,15844.32,11600.0,53.0,1,13300.0
40,Male,Bachelor,Married,64227.16,59100.0,70.0,1,76800.0
26,Male,Bachelor,Married,154695.13,324500.0,88.0,1,454300.0
50,Female,High School,Single,26955.43,0.0,38.0,0,0.0
47,Male,High School,Widowed,79827.05,183300.0,67.0,1,134300.0
42,Female,High School,Married,28723.89,0.0,40.0,0,0.0
34,Male,High School,Married,28014.44,0.0,40.0,1,42000.0
42,Male,High School,Married,162826.15,0.0,60.0,1,244200.0
28,Male,High School,Married,26010.64,7900.0,41.0,0,7900.0
45,Female,Bachelor,Single,41837.94,27500.0,60.0,1,34400.0
54,Male,High School,Married,21734.39,15300.0,45.0,1,16800.0
47,Male,High School,Married,59394.32,131300.0,70.0,1,149000.0
27,Female,Bachelor,Married,21134.48,22500.0,56.0,1,25900.0
39,Female,Bachelor,Married,16796.98,35900.0,65.0,1,32700.0
21,Female,Bachelor,Married,56670.24,22300.0,59.0,1,25600.0
42,Female,High School,Married,65368.52,157500.0,70.0,1,183300.0
40,Female,Bachelor,Divorced,40401.25,0.0,46.0,1,60600.0
18,Male,Master,Married,326660.19,440000.0,86.0,1,616000.0
23,Male,High School,Single,67265.21,42800.0,54.0,1,49200.0
32,Female,High School,Married,56579.25,0.0,48.0,1,84900.0
32,Male,Master,Married,77660.74,0.0,61.0,1,116500.0
22,Female,Master,Married,29206.31,53900.0,66.0,1,64700.0
40,Male,High School,Single,59892.7,67400.0,63.0,1,84200.0
38,Male,High School,Married,157219.4,48200.0,65.0,1,60200.0
33,Male,Bachelor,Married,16701.2,19100.0,60.0,1,23900.0
27,Male,High School,Married,106725.02,166300.0,67.0,1,196900.0
47,Female,Master,Single,37803.57,0.0,51.0,1,56700.0
54,Male,High School,Married,56612.36,0.0,48.0,1,84900.0
30,Male,Master,Married,39491.31,79300.0,75.0,1,103100.0
29,Female,High School,Single,66542.26,0.0,42.0,1,99800.0
41,Male,High School,Married,71774.34,0.0,48.0,1,107700.0
32,Female,PhD,Single,35822.46,39200.0,70.0,1,51000.0
34,Female,High School,Married,51606.47,64300.0,65.0,1,80400.0
44,Female,High School,Married,74271.4,160800.0,70.0,1,208300.0
18,Female,Master,Married,84020.73,31100.0,68.0,1,38900.0
50,Male,High School,Married,85104.09,0.0,54.0,1,127700.0
36,Female,High School,Single,37836.71,91200.0,60.0,1,80900.0
31,Female,High School,Single,88603.92,188600.0,74.0,1,245200.0
35,Female,Bachelor,Married,71922.43,42900.0,70.0,1,55800.0
35,Male,Bachelor,Married,112938.58,0.0,64.0,1,169400.0
18,Female,Master,Widowed,37183.97,0.0,46.0,1,55800.0
52,Female,Bachelor,Married,20910.11,39800.0,60.0,1,36400.0
36,Female,High School,Married,61148.34,0.0,48.0,1,91700.0
40,Male,High School,Married,56918.2,0.0,48.0,1,85400.0
46,Male,Master,Single,176985.39,404700.0,93.0,1,607000.0
24,Female,Bachelor,Divorced,19198.59,0.0,35.0,0,0.0
41,Male,Master,Single,47240.02,48000.0,76.0,1,62400.0
33,Male,PhD,Married,34907.21,0.0,55.0,1,52400.0
45,Female,High School,Married,55549.39,93900.0,65.0,1,87100.0
18,Male,Bachelor,Married,57906.74,114100.0,71.0,1,148300.0
34,Male,Bachelor,Single,97882.81,235900.0,84.0,1,330300.0
29,Male,High School,Married,110789.61,255900.0,72.0,1,327100.0
40,Male,High School,Widowed,67735.21,63000.0,57.0,1,72400.0
41,Male,Master,Widowed,48535.35,46500.0,70.0,1,60400.0
28,Male,Bachelor,Married,85036.22,0.0,60.0,1,127600.0
28,Male,Bachelor,Married,79893.13,0.0,54.0,1,119800.0
34,Female,Bachelor,Single,124324.33,249100.0,84.0,1,348700.0
26,Female,Bachelor,Single,24995.23,21700.0,56.0,1,25000.0
45,Male,High School,Married,44861.38,0.0,40.0,1,67300.0
31,Male,Bachelor,Single,70348.8,109800.0,73.0,1,142700.0
18,Male,Bachelor,Married,64033.89,70000.0,71.0,1,91000.0
31,Female,Master,Single,53938.76,65800.0,76.0,1,85500.0
24,Female,Bachelor,Married,12438.6,24800.0,56.0,1,25500.0
18,Male,Master,Single,40312.81,40100.0,59.0,1,46100.0
22,Male,High School,Single,136789.31,256700.0,65.0,1,307800.0
37,Female,PhD,Married,44632.05,54300.0,72.0,1,70600.0
50,Female,Master,Single,21437.17,44900.0,66.0,1,49200.0
39,Male,Bachelor,Single,26757.04,20500.0,60.0,1,25600.0
29,Female,High School,Single,399862.58,391500.0,66.0,1,489400.0
41,Female,High School,Married,44691.68,62300.0,57.0,1,71600.0
30,Female,Bachelor,Married,80967.58,157700.0,81.0,1,220800.0
28,Male,Bachelor,Married,62590.94,0.0,54.0,1,93900.0
23,Female,High School,Single,55086.52,126000.0,64.0,1,123900.0
18,Male,Bachelor,Married,24372.65,8300.0,51.0,1,9500.0
31,Female,Bachelor,Single,23195.41,0.0,48.0,1,34800.0
37,Female,High School,Married,163872.21,211000.0,77.0,1,274300.0
34,Male,High School,Married,87550.27,185900.0,76.0,1,241700.0
31,Female,High School,Married,19270.69,11400.0,45.0,1,12500.0
25,Male,High School,Single,39457.89,0.0,34.0,0,0.0
42,Male,High School,Married,31549.12,0.0,40.0,1,47300.0
21,Male,Bachelor,Single,36747.16,71200.0,61.0,1,89000.0
44,Male,High School,Married,75204.7,0.0,48.0,1,112800.0
24,Male,High School,Single,27917.42,44900.0,51.0,1,51600.0
27,Female,Bachelor,Divorced,156481.16,363500.0,84.0,1,508900.0
19,Male,PhD,Single,51575.26,21700.0,62.0,1,27100.0
30,Male,High School,Married,58205.53,0.0,48.0,1,87300.0
46,Male,PhD,Single,35563.29,27000.0,65.0,1,33800.0
41,Male,High School,Married,34410.21,16600.0,45.0,1,18300.0
46,Male,High School,Married,76706.17,76900.0,65.0,1,96100.0
41,Male,Bachelor,Single,35407.02,50400.0,65.0,1,63000.0
23,Male,Bachelor,Married,47229.46,0.0,54.0,1,70800.0
32,Male,Bachelor,Married,88996.63,0.0,64.0,1,133500.0
27,Female,Master,Single,19161.87,0.0,40.0,0,0.0
50,Female,High School,Married,20565.17,6300.0,38.0,0,6300.0
22,Male,Bachelor,Married,40490.35,0.0,46.0,1,60700.0
45,Male,Bachelor,Married,54557.72,116100.0,80.0,1,152100.0
45,Female,Master,Married,43452.3,67400.0,70.0,1,87600.0
56,Male,High School,Single,178567.53,0.0,55.0,1,267900.0
31,Female,High School,Married,48540.25,57600.0,65.0,1,72000.0
43,Male,Bachelor,Single,11901.22,15500.0,58.0,1,17800.0
61,Male,Master,Single,179126.45,0.0,68.0,1,268700.0
29,Female,High School,Married,116411.82,221100.0,67.0,1,214800.0
19,Female,High School,Single,19837.63,0.0,27.0,0,0.0
18,Male,High School,Single,23705.29,37200.0,51.0,1,42800.0
43,Male,Bachelor,Married,77959.84,46500.0,70.0,1,60400.0
18,Male,High School,Married,334306.9,120600.0,61.0,1,150800.0
31,Female,High School,Single,174388.01,109600.0,70.0,1,142500.0
40,Female,Bachelor,Married,18744.6,20200.0,60.0,1,25200.0
38,Male,High School,Single,46862.98,28400.0,58.0,1,32700.0
40,Male,High School,Married,65270.38,114200.0,65.0,1,114400.0
38,Male,High School,Married,60655.08,39900.0,60.0,1,49900.0
50,Male,High School,Married,70682.68,147600.0,70.0,1,177400.0
25,Male,High School,Married,31851.42,0.0,36.0,1,23500.0
28,Female,High School,Married,57637.94,53300.0,56.0,1,61300.0
27,Male,High School,Married,74747.02,99000.0,61.0,1,123800.0
45,Male,Bachelor,Married,59001.12,0.0,58.0,1,88500.0
45,Female,High School,Married,83279.58,0.0,54.0,1,124900.0
40,Male,Bachelor,Married,29428.86,13900.0,55.0,1,16000.0
49,Male,High School,Married,68190.04,62100.0,60.0,1,77600.0
23,Male,High School,Divorced,19912.26,28500.0,42.0,1,31400.0
54,Male,Master,Married,19874.67,41700.0,68.0,1,37400.0
52,Female,High School,Widowed,71374.15,32300.0,50.0,1,37100.0
44,Female,High School,Married,62096.44,42700.0,60.0,1,53400.0
55,Male,Master,Single,70107.28,164600.0,81.0,1,230400.0
18,Male,Bachelor,Married,166471.52,166400.0,78.0,1,216300.0
30,Male,Bachelor,Single,27031.97,30600.0,65.0,1,38200.0
27,Female,Bachelor,Married,24817.16,43800.0,63.0,1,50900.0
43,Male,High School,Married,35386.74,39300.0,57.0,1,45200.0
24,Male,Master,Single,70831.93,57200.0,67.0,1,71500.0
44,Male,Master,Married,58191.67,0.0,61.0,1,87300.0
51,Male,High School,Married,64550.74,93400.0,65.0,1,101200.0
43,Female,Bachelor,Single,24036.15,26800.0,65.0,1,33500.0
39,Female,High School,Single,25007.49,49400.0,55.0,1,53500.0
25,Female,Bachelor,Married,82274.93,43200.0,72.0,1,56200.0
26,Male,High School,Married,32682.88,0.0,36.0,0,0.0
49,Female,Bachelor,Married,49491.59,103200.0,80.0,1,138000.0
44,Female,High School,Married,21542.42,24300.0,50.0,1,27900.0
35,Female,Bachelor,Married,54447.37,38700.0,70.0,1,50300.0
31,Male,High School,Married,29288.9,64200.0,62.0,1,51300.0
18,Female,Bachelor,Married,21670.42,52100.0,61.0,1,44400.0
24,Male,Bachelor,Single,26160.37,0.0,44.0,1,39200.0
57,Female,Master,Married,44280.69,109500.0,72.0,1,133300.0
21,Male,High School,Married,155001.58,178200.0,73.0,1,231700.0
38,Female,Master,Married,31819.23,66000.0,75.0,1,85800.0
47,Female,High School,Married,143543.63,0.0,54.0,1,215300.0
22,Male,Master,Married,135710.29,196500.0,80.0,1,275100.0
38,Male,Bachelor,Married,40508.97,59900.0,67.0,1,74900.0
46,Male,Master,Single,23445.39,0.0,51.0,1,35200.0
36,Male,Bachelor,Married,40708.02,68600.0,67.0,1,79300.0
67,Male,Bachelor,Married,44324.28,42200.0,59.0,1,48500.0
18,Male,High School,Married,64330.78,108000.0,61.0,1,118700.0
47,Female,PhD,Married,12296.83,6100.0,53.0,1,7000.0
34,Male,Bachelor,Married,49896.41,51300.0,75.0,1,66700.0
44,Female,High School,Married,60604.0,0.0,48.0,1,90900.0
40,Female,High School,Married,50879.44,83100.0,65.0,1,89200.0
27,Female,Bachelor,Married,55337.02,0.0,54.0,1,83000.0
38,Female,PhD,Single,148899.25,0.0,67.0,1,223300.0
18,Male,High School,Single,63710.02,66600.0,59.0,1,76600.0
42,Female,Master,Married,171091.84,0.0,73.0,1,256600.0
39,Male,High School,Married,65875.64,66100.0,65.0,1,82600.0
43,Female,Master,Single,25544.3,10600.0,56.0,1,12200.0
47,Female,Bachelor,Married,25188.75,0.0,50.0,1,37800.0
40,Female,High School,Married,18317.42,30600.0,50.0,1,32100.0
37,Male,High School,Single,17606.87,0.0,31.0,0,0.0
26,Female,Bachelor,Single,38281.03,31900.0,56.0,1,36700.0
28,Female,Bachelor,Divorced,29791.42,60100.0,64.0,1,67000.0
49,Female,Master,Single,86176.4,0.0,65.0,1,129300.0
51,Male,Bachelor,Married,24616.53,16300.0,62.0,1,20400.0
33,Female,Bachelor,Married,22755.52,0.0,50.0,1,34100.0
36,Male,Master,Single,18905.76,39700.0,66.0,1,48500.0
26,Female,Bachelor,Single,75468.37,61900.0,64.0,1,77400.0
48,Female,Master,Married,67210.22,52700.0,73.0,1,68500.0
43,Male,Master,Married,93932.37,210600.0,89.0,1,294800.0
57,Male,Master,Single,50139.02,55300.0,73.0,1,71900.0
26,Female,High School,Married,12343.58,30600.0,51.0,1,22800.0
31,Male,Bachelor,Married,17664.68,15800.0,55.0,1,18200.0
38,Male,Bachelor,Married,37250.09,65300.0,67.0,1,72500.0
43,Female,Bachelor,Married,18122.97,13200.0,55.0,1,15200.0
33,Female,Bachelor,Single,81137.2,58700.0,74.0,1,76300.0
26,Female,Master,Married,10297.55,21400.0,64.0,1,22800.0
45,Male,High School,Married,36795.03,86000.0,62.0,1,57700.0
43,Male,Bachelor,Married,56320.34,127700.0,80.0,1,175500.0
25,Female,High School,Married,35133.87,0.0,36.0,0,0.0
50,Male,High School,Married,342332.65,542000.0,77.0,1,704600.0
48,Female,Bachelor,Married,154804.23,85000.0,82.0,1,119000.0
37,Female,High School,Married,57955.54,60400.0,65.0,1,75500.0
36,Male,High School,Married,30172.08,27700.0,52.0,1,31900.0
42,Male,Bachelor,Widowed,21007.64,17900.0,52.0,1,20600.0
26,Female,High School,Married,41524.4,101400.0,58.0,1,76600.0
36,Male,High School,Married,27911.15,0.0,40.0,0,0.0
18,Female,Master,Married,17044.45,22700.0,59.0,1,26100.0
45,Female,Master,Single,11287.32,26400.0,66.0,1,25900.0
18,Female,High School,Married,74424.06,0.0,44.0,1,111600.0
52,Female,High School,Married,36291.06,70400.0,57.0,1,56900.0
32,Male,Master,Widowed,56876.28,93300.0,75.0,1,121300.0
33,Female,High School,Widowed,63982.79,69900.0,62.0,1,87400.0
29,Female,Bachelor,Married,160407.59,379200.0,88.0,1,526100.0
32,Male,Bachelor,Married,56494.71,0.0,58.0,1,84700.0
51,Male,Bachelor,Married,39672.43,28400.0,62.0,1,35500.0
18,Male,Master,Married,59237.36,0.0,57.0,1,88900.0
50,Female,High School,Married,82780.43,85400.0,71.0,1,111000.0
39,Male,High School,Married,92745.35,86400.0,66.0,1,108000.0
22,Female,Bachelor,Married,56616.66,133000.0,76.0,1,172900.0
24,Female,PhD,Single,12131.49,11900.0,54.0,1,13700.0
54,Female,Master,Married,42483.09,0.0,53.0,1,63700.0
25,Female,Bachelor,Married,64283.39,0.0,54.0,1,96400.0
23,Female,Master,Single,139104.07,190300.0,78.0,1,247400.0
48,Male,High School,Married,111786.91,110100.0,66.0,1,137600.0
39,Male,High School,Single,24952.18,0.0,38.0,0,0.0
25,Female,High School,Divorced,143841.81,0.0,46.0,1,215800.0
38,Male,High School,Married,57748.47,21800.0,53.0,1,25100.0
24,Male,Bachelor,Married,86798.55,0.0,60.0,1,130200.0
48,Male,Master,Single,32956.05,52400.0,68.0,1,65500.0
47,Male,Bachelor,Married,51217.19,16800.0,63.0,1,21000.0
41,Female,Bachelor,Single,46070.6,79700.0,73.0,1,103600.0
39,Female,High School,Married,27342.44,0.0,40.0,1,41000.0
55,Male,Bachelor,Married,59396.54,0.0,58.0,1,89100.0
35,Female,Bachelor,Single,26760.25,11600.0,53.0,1,13300.0
22,Male,Bachelor,Single,61452.06,133100.0,74.0,1,173000.0
40,Female,High School,Single,42216.18,0.0,38.0,0,0.0
58,Male,Bachelor,Married,10575.43,17500.0,57.0,1,18400.0
24,Female,High School,Married,40428.26,23400.0,48.0,1,25700.0
32,Male,Bachelor,Married,64160.62,146800.0,80.0,1,199900.0
40,Male,High School,Married,171577.56,326400.0,77.0,1,424300.0
35,Female,High School,Single,75017.26,167600.0,68.0,1,160300.0
25,Male,High School,Married,25793.08,34100.0,53.0,1,39200.0
48,Female,Bachelor,Single,44068.49,54100.0,65.0,1,67600.0
61,Female,Bachelor,Married,51962.16,0.0,55.0,1,77900.0
38,Male,Master,Married,60133.2,78300.0,78.0,1,101800.0
26,Female,Bachelor,Married,21745.66,14700.0,51.0,1,16900.0
18,Male,High School,Married,54533.07,115400.0,66.0,1,100600.0
38,Male,Bachelor,Married,17574.2,12600.0,55.0,1,14500.0
48,Female,Bachelor,Single,88987.94,172800.0,79.0,1,224600.0
41,Male,High School,Married,37845.15,85500.0,62.0,1,66300.0
35,Female,Bachelor,Married,74824.3,109600.0,75.0,1,142500.0
29,Male,High School,Married,145939.12,125000.0,62.0,1,156200.0
23,Female,High School,Single,34775.5,12100.0,39.0,0,12100.0
45,Male,Bachelor,Married,87711.94,152600.0,81.0,1,213600.0
46,Male,Bachelor,Married,16525.08,25100.0,60.0,1,28800.0
18,Female,Bachelor,Single,149696.61,272500.0,75.0,1,354200.0
53,Male,High School,Married,38993.27,93300.0,62.0,1,61200.0
42,Female,Master,Married,68746.96,88900.0,78.0,1,115600.0
51,Female,Bachelor,Widowed,20652.65,36800.0,57.0,1,38600.0
21,Male,Master,Married,22524.35,13800.0,61.0,1,17200.0
20,Female,Bachelor,Single,62787.07,0.0,52.0,1,94200.0
34,Male,Bachelor,Married,72748.33,100800.0,75.0,1,131000.0
41,Male,High School,Single,45853.75,72900.0,63.0,1,91100.0
55,Female,Bachelor,Single,43548.65,107400.0,70.0,1,139600.0
43,Female,Bachelor,Married,82187.1,0.0,64.0,1,123300.0
33,Male,High School,Divorced,27037.83,0.0,36.0,0,0.0
24,Male,Bachelor,Widowed,59929.78,121800.0,73.0,1,158300.0
49,Female,Bachelor,Single,75471.76,171900.0,78.0,1,223500.0
25,Female,Bachelor,Single,29843.39,0.0,44.0,1,44800.0
53,Female,High School,Married,167108.4,249400.0,77.0,1,324200.0
32,Female,High School,Single,112362.74,33700.0,57.0,1,38800.0
53,Male,High School,Single,40820.66,53100.0,55.0,1,61100.0
43,Female,Bachelor,Married,32685.81,25600.0,62.0,1,32000.0
34,Female,High School,Married,65401.79,122400.0,65.0,1,114600.0
30,Male,High School,Married,52579.67,38700.0,60.0,1,48400.0
32,Male,PhD,Married,21800.45,29200.0,65.0,1,36500.0
40,Male,High School,Married,60517.39,0.0,48.0,1,90800.0
36,Female,Bachelor,Married,108415.9,54100.0,69.0,1,67600.0
29,Male,Master,Single,10389.3,12100.0,57.0,1,13900.0
34,Male,Bachelor,Married,134415.97,256200.0,81.0,1,358700.0
36,Male,Bachelor,Single,92903.33,0.0,62.0,1,139400.0
18,Male,PhD,Married,65491.24,81300.0,76.0,1,105700.0
41,Male,Master,Married,42760.82,30800.0,65.0,1,38500.0
25,Female,Bachelor,Married,33453.33,32600.0,58.0,1,37500.0
23,Male,High School,Married,46948.98,65100.0,61.0,1,81400.0
18,Female,Bachelor,Single,56896.67,135800.0,74.0,1,176500.0
18,Female,Master,Married,47193.6,80600.0,74.0,1,104800.0
21,Female,Master,Married,169383.17,98300.0,81.0,1,137600.0
28,Female,Master,Married,111609.73,0.0,63.0,1,167400.0
57,Male,Bachelor,Widowed,47927.53,90400.0,69.0,1,89600.0
30,Male,Bachelor,Single,176808.24,0.0,68.0,1,265200.0
37,Male,High School,Married,66921.29,110100.0,65.0,1,117300.0
40,Female,High School,Married,14867.65,14600.0,45.0,1,16100.0
37,Male,Bachelor,Married,21124.95,0.0,43.0,1,31700.0
35,Female,High School,Married,34209.27,53700.0,57.0,1,60000.0
22,Female,High School,Married,57665.39,106400.0,61.0,1,106400.0
51,Female,Master,Married,40215.32,53600.0,70.0,1,69700.0
55,Female,High School,Married,28251.02,58500.0,62.0,1,44300.0
18,Female,Master,Married,129854.42,217700.0,80.0,1,304800.0
24,Male,High School,Married,356697.63,805900.0,78.0,1,1047700.0
32,Female,Master,Single,21177.28,22700.0,61.0,1,28400.0
25,Male,Bachelor,Married,17270.78,37400.0,61.0,1,35400.0
41,Female,High School,Single,67716.49,0.0,46.0,1,101600.0
27,Male,Bachelor,Single,23751.98,26500.0,61.0,1,33100.0
59,Male,Master,Married,72765.86,162000.0,80.0,1,219100.0
49,Female,High School,Widowed,59696.84,95800.0,62.0,1,100500.0
38,Male,Bachelor,Married,16173.98,18100.0,60.0,1,22600.0
47,Female,PhD,Married,78507.03,71200.0,75.0,1,92600.0
48,Female,High School,Divorced,36724.67,18100.0,41.0,1,19900.0
29,Female,Bachelor,Single,201325.3,101400.0,76.0,1,131800.0
27,Male,High School,Single,62876.04,127300.0,64.0,1,141500.0
36,Male,High School,Single,107954.48,123900.0,69.0,1,154900.0
45,Female,High School,Married,11813.43,17100.0,50.0,1,18500.0
37,Female,High School,Single,12644.23,0.0,31.0,0,0.0
18,Male,High School,Married,43175.72,75100.0,53.0,1,79700.0
27,Male,High School,Single,154125.83,365700.0,76.0,1,475400.0
35,Male,High School,Single,85864.7,124600.0,69.0,1,155800.0
35,Female,Bachelor,Married,135581.28,0.0,64.0,1,203400.0
57,Male,Bachelor,Married,22025.78,23400.0,64.0,1,29200.0
20,Male,Bachelor,Married,10413.18,6300.0,51.0,1,7200.0
41,Female,High School,Widowed,25327.99,49300.0,54.0,1,47600.0
52,Male,Master,Married,80132.38,106300.0,84.0,1,148800.0
60,Female,High School,Single,108149.2,0.0,49.0,1,162200.0
31,Male,High School,Married,49571.84,16700.0,53.0,1,19200.0
41,Male,Bachelor,Married,41802.84,17600.0,55.0,1,20200.0
42,Male,Bachelor,Single,55284.31,0.0,56.0,1,82900.0
38,Male,High School,Married,33555.62,0.0,40.0,1,50300.0
34,Male,High School,Married,60276.22,121200.0,70.0,1,157600.0
40,Male,Bachelor,Married,20758.63,29700.0,60.0,1,37100.0
18,Male,Bachelor,Single,153427.56,242000.0,81.0,1,338800.0
43,Female,High School,Widowed,130852.63,88100.0,63.0,1,110100.0
37,Male,Master,Married,83837.7,187000.0,89.0,1,261800.0
33,Female,High School,Single,18720.78,25000.0,48.0,1,27500.0
58,Female,Bachelor,Divorced,40604.16,49000.0,60.0,1,61200.0
28,Male,High School,Divorced,21730.79,44500.0,47.0,1,44000.0
31,Male,High School,Married,54141.83,20100.0,53.0,1,23100.0
57,Male,High School,Married,12429.88,17900.0,47.0,1,19500.0
26,Male,Bachelor,Married,140085.12,264000.0,77.0,1,343200.0
29,Male,High School,Married,137934.75,282700.0,72.0,1,367500.0
34,Male,Bachelor,Married,41989.73,0.0,50.0,1,63000.0
45,Female,Master,Divorced,52016.09,60300.0,74.0,1,78400.0
38,Male,Bachelor,Married,64126.92,0.0,58.0,1,96200.0
21,Male,High School,Single,34141.95,84800.0,56.0,1,76800.0
30,Male,High School,Married,32675.18,62600.0,57.0,1,57300.0
29,Female,Bachelor,Married,10805.23,13400.0,56.0,1,15400.0
35,Male,High School,Married,51653.38,39900.0,60.0,1,49900.0
40,Female,PhD,Single,25531.99,17400.0,65.0,1,21800.0
40,Female,PhD,Married,71821.4,178700.0,85.0,1,250200.0
18,Female,High School,Married,128597.57,0.0,50.0,1,192900.0
47,Male,High School,Single,53017.75,100400.0,63.0,1,101400.0
38,Female,Master,Married,342063.63,221000.0,85.0,1,309400.0
51,Female,Bachelor,Married,81133.48,158000.0,81.0,1,221200.0
40,Male,Bachelor,Married,26833.07,22200.0,62.0,1,27800.0
48,Male,High School,Single,155048.79,306400.0,75.0,1,398300.0
41,Male,High School,Widowed,23463.14,54200.0,59.0,1,44100.0
50,Female,Master,Married,368306.65,424700.0,90.0,1,637000.0
41,Female,High School,Single,88322.63,202000.0,74.0,1,262600.0
34,Male,Bachelor,Married,214291.15,283100.0,87.0,1,396300.0
60,Male,High School,Single,40081.68,83300.0,57.0,1,67600.0
45,Male,Master,Married,11167.6,14500.0,63.0,1,18100.0
42,Female,Bachelor,Single,44108.78,27200.0,60.0,1,34000.0
21,Female,High School,Married,15424.86,27300.0,46.0,1,28500.0
21,Male,High School,Widowed,69087.49,0.0,41.0,1,103600.0
39,Male,Bachelor,Single,39569.61,18500.0,53.0,1,21300.0
37,Male,High School,Married,56195.23,97400.0,65.0,1,98500.0
29,Male,Bachelor,Single,62948.75,0.0,52.0,1,94400.0
37,Male,High School,Married,48150.53,113000.0,70.0,1,135000.0
53,Male,High School,Single,145315.85,71500.0,57.0,1,82200.0
43,Male,Bachelor,Married,19591.98,24400.0,60.0,1,30500.0
23,Female,Bachelor,Married,20222.09,16400.0,51.0,1,18900.0
34,Female,Bachelor,Single,16436.22,22400.0,58.0,1,25800.0
27,Female,Bachelor,Divorced,19189.67,41300.0,57.0,1,43200.0
31,Male,Bachelor,Divorced,25447.85,60400.0,68.0,1,54400.0
31,Female,Bachelor,Married,343550.85,390600.0,87.0,1,546800.0
30,Female,High School,Single,22104.4,36700.0,55.0,1,42200.0
22,Male,High School,Single,53768.04,44000.0,54.0,1,50600.0
34,Male,High School,Married,147117.38,290800.0,71.0,1,378000.0
29,Female,Bachelor,Widowed,118848.6,272700.0,79.0,1,354500.0
18,Female,Bachelor,Married,270334.1,364300.0,83.0,1,510000.0
58,Male,High School,Married,164346.02,364700.0,79.0,1,412400.0
47,Male,Bachelor,Married,70699.34,174200.0,80.0,1,197100.0
31,Female,High School,Single,31176.18,51100.0,55.0,1,58800.0
36,Female,Bachelor,Married,65959.33,0.0,58.0,1,98900.0
23,Female,High School,Widowed,41513.91,47300.0,50.0,1,54400.0
54,Male,Bachelor,Widowed,15827.1,32100.0,62.0,1,29600.0
56,Male,Bachelor,Single,168781.45,0.0,65.0,1,253200.0
37,Male,Bachelor,Married,56119.47,18100.0,63.0,1,22600.0
47,Female,Master,Married,69019.08,59000.0,73.0,1,76700.0
37,Female,Bachelor,Single,61606.37,22800.0,61.0,1,28500.0
21,Female,Master,Married,71608.4,0.0,57.0,1,107400.0
31,Male,High School,Married,35236.74,24300.0,52.0,1,27900.0
37,Female,High School,Married,141417.85,76100.0,66.0,1,95100.0
30,Female,Master,Married,137499.58,282300.0,89.0,1,395200.0
33,Female,Master,Single,32451.93,50700.0,68.0,1,63400.0
34,Female,Bachelor,Divorced,42938.58,27400.0,58.0,1,31500.0
35,Female,High School,Married,57057.9,123100.0,70.0,1,160000.0
36,Female,Master,Married,64527.92,77100.0,78.0,1,100200.0
24,Male,High School,Single,54504.36,61100.0,59.0,1,70300.0
28,Female,High School,Married,59951.44,104000.0,61.0,1,110600.0
21,Male,Bachelor,Single,56204.22,21400.0,57.0,1,24600.0
46,Female,High School,Married,150274.72,0.0,60.0,1,225400.0
18,Female,High School,Married,76842.58,36300.0,49.0,1,39900.0
48,Male,Bachelor,Married,28364.93,54400.0,67.0,1,49400.0
51,Female,High School,Single,178525.18,161300.0,70.0,1,209700.0
32,Male,Master,Single,28537.19,0.0,51.0,1,42800.0
18,Female,Master,Divorced,164555.42,200900.0,82.0,1,281300.0
32,Female,Bachelor,Divorced,116333.92,261500.0,82.0,1,366100.0
35,Female,PhD,Married,14958.32,11800.0,60.0,1,14800.0
24,Female,Bachelor,Single,74912.34,0.0,52.0,1,112400.0
30,Male,Bachelor,Married,70095.0,166700.0,80.0,1,218400.0
52,Male,Master,Married,291364.43,340000.0,90.0,1,510000.0
43,Male,Bachelor,Married,80739.86,52300.0,76.0,1,68000.0
25,Female,High School,Married,18492.65,28100.0,46.0,1,30900.0
18,Male,Bachelor,Single,43025.84,53800.0,61.0,1,67200.0
32,Female,Bachelor,Married,27309.48,38600.0,67.0,1,48200.0
33,Male,Bachelor,Single,45734.32,0.0,56.0,1,68600.0
41,Female,Bachelor,Single,44996.74,39800.0,60.0,1,49800.0
30,Male,Bachelor,Married,57753.66,82700.0,75.0,1,107500.0
41,Female,Bachelor,Single,46932.6,0.0,56.0,1,70400.0
57,Female,Bachelor,Married,112261.4,0.0,61.0,1,168400.0
44,Female,High School,Married,37381.95,47200.0,57.0,1,54300.0
35,Female,Bachelor,Married,35526.56,86700.0,72.0,1,110700.0
33,Female,High School,Married,26754.3,13600.0,52.0,1,15600.0
32,Female,PhD,Widowed,53380.02,104300.0,77.0,1,135600.0
48,Female,Bachelor,Divorced,129990.81,138900.0,77.0,1,180600.0
29,Male,Bachelor,Married,45607.76,83600.0,71.0,1,108700.0
36,Female,PhD,Married,45107.05,108600.0,85.0,1,152000.0
36,Female,Bachelor,Single,72758.21,165500.0,78.0,1,215200.0
30,Male,High School,Married,29481.57,16200.0,52.0,1,18600.0
20,Female,Bachelor,Married,10286.99,22900.0,61.0,1,21100.0
39,Female,High School,Single,32575.58,37800.0,55.0,1,43500.0
35,Female,High School,Single,43517.8,0.0,38.0,0,0.0
41,Female,Bachelor,Married,27863.05,21100.0,62.0,1,26400.0
30,Male,Bachelor,Married,56297.85,20400.0,63.0,1,25500.0
49,Male,Bachelor,Married,132118.63,80200.0,76.0,1,104300.0
26,Male,Bachelor,Married,25414.6,0.0,46.0,1,38100.0
54,Male,High School,Married,17655.27,42000.0,55.0,1,27700.0
18,Female,Bachelor,Married,20071.07,41800.0,61.0,1,41100.0
40,Male,High School,Married,12334.31,18100.0,50.0,1,20800.0
41,Female,High School,Widowed,149285.98,151100.0,68.0,1,188900.0
27,Female,Bachelor,Single,375361.02,136100.0,69.0,1,170100.0
40,Female,High School,Married,20836.94,8900.0,38.0,0,8900.0
50,Male,High School,Married,34716.32,66300.0,57.0,1,54400.0
18,Male,High School,Single,51853.23,0.0,42.0,1,77800.0
41,Male,Bachelor,Married,37160.95,21100.0,62.0,1,26400.0
18,Male,Bachelor,Married,78066.62,171500.0,76.0,1,223000.0
25,Female,PhD,Married,157888.25,227200.0,88.0,1,318100.0
53,Female,Bachelor,Single,174090.51,372800.0,90.0,1,559200.0
29,Male,High School,Married,72687.33,146300.0,66.0,1,134100.0
23,Female,High School,Single,15593.35,16100.0,44.0,1,17700.0
33,Male,High School,Married,33558.67,62000.0,57.0,1,58800.0
58,Female,Bachelor,Married,250739.26,622600.0,89.0,1,699100.0
18,Male,Bachelor,Married,23317.12,45400.0,63.0,1,47800.0
24,Female,Bachelor,Single,77285.97,68100.0,64.0,1,85100.0
52,Male,High School,Married,22456.54,36000.0,57.0,1,35200.0
56,Male,High School,Married,23474.6,29400.0,54.0,1,33800.0
34,Male,High School,Married,29684.92,28500.0,52.0,1,32800.0
22,Male,Bachelor,Married,43414.48,40200.0,58.0,1,46200.0
59,Female,High School,Married,133482.06,175300.0,68.0,1,209300.0
53,Male,Bachelor,Married,26949.11,0.0,50.0,1,40400.0
43,Female,High School,Single,85367.21,53300.0,64.0,1,66600.0
27,Female,Bachelor,Divorced,141452.17,278000.0,73.0,1,361400.0
35,Female,High School,Married,261358.84,246900.0,72.0,1,321000.0
34,Female,High School,Single,77207.49,86500.0,63.0,1,108100.0
39,Male,High School,Married,32145.8,73500.0,62.0,1,56300.0
51,Female,High School,Married,38789.51,0.0,40.0,1,58200.0
45,Female,High School,Single,54826.95,128500.0,68.0,1,104900.0
24,Female,Bachelor,Divorced,213040.13,0.0,62.0,1,319600.0
51,Female,High School,Married,15531.25,16800.0,50.0,1,19300.0
39,Female,High School,Married,59381.87,46900.0,60.0,1,58600.0
43,Male,Bachelor,Married,17261.84,36500.0,65.0,1,33600.0
52,Female,Bachelor,Single,40142.23,51700.0,65.0,1,64600.0
23,Female,High School,Divorced,85567.7,148200.0,63.0,1,173300.0
35,Male,Bachelor,Married,39492.14,76300.0,67.0,1,76900.0
30,Female,Bachelor,Married,60378.72,50800.0,70.0,1,66000.0
18,Male,High School,Married,38729.41,94800.0,58.0,1,71500.0
39,Male,Bachelor,Married,34187.38,28000.0,62.0,1,35000.0
63,Female,High School,Married,85773.63,168700.0,68.0,1,118700.0
18,Female,High School,Single,18482.57,11700.0,39.0,0,11700.0
35,Female,PhD,Married,51760.68,126500.0,85.0,1,177100.0
43,Female,High School,Married,48514.3,41400.0,60.0,1,51800.0
37,Male,High School,Widowed,138945.43,199200.0,68.0,1,249000.0
34,Female,PhD,Married,14380.51,16000.0,65.0,1,20000.0
21,Male,Bachelor,Married,52564.36,120300.0,76.0,1,156400.0
38,Male,Bachelor,Single,40346.05,58400.0,65.0,1,73000.0
27,Male,Bachelor,Married,30634.72,54500.0,63.0,1,62800.0
18,Female,Bachelor,Married,23978.34,18800.0,58.0,1,21600.0
49,Male,Bachelor,Single,28032.13,66700.0,70.0,1,86700.0
46,Female,High School,Married,37568.33,40600.0,57.0,1,46700.0
36,Female,High School,Married,17775.27,9200.0,45.0,1,10100.0
38,Male,High School,Single,113621.81,88600.0,64.0,1,110800.0
47,Female,High School,Married,120708.52,87800.0,66.0,1,109800.0
38,Male,High School,Single,10597.9,0.0,31.0,0,0.0
45,Male,Bachelor,Single,87896.87,121300.0,79.0,1,157700.0
32,Female,High School,Single,13925.88,13700.0,43.0,1,15100.0
50,Male,High School,Married,173646.94,241000.0,77.0,1,313300.0
39,Female,Bachelor,Widowed,81624.62,38700.0,66.0,1,48400.0
38,Female,Bachelor,Married,29709.15,47400.0,67.0,1,57900.0
22,Male,Master,Single,76236.64,128800.0,72.0,1,167400.0
39,Female,Bachelor,Single,66313.14,57100.0,68.0,1,71400.0
26,Male,PhD,Married,88949.3,138000.0,82.0,1,193200.0
28,Male,Bachelor,Single,73731.93,71500.0,64.0,1,89400.0
27,Male,Bachelor,Married,68358.34,44100.0,66.0,1,55100.0
24,Male,Master,Single,17655.64,0.0,40.0,0,0.0
59,Male,Master,Single,27065.74,0.0,48.0,1,40600.0
50,Female,Bachelor,Married,58787.55,37500.0,70.0,1,48800.0
57,Male,Bachelor,Married,77071.31,173700.0,77.0,1,214900.0
22,Female,High School,Single,23925.53,38700.0,51.0,1,44500.0
36,Male,Master,Single,13631.08,0.0,44.0,1,20400.0
21,Male,Bachelor,Married,17434.8,31800.0,56.0,1,35700.0
28,Male,Master,Married,44901.02,100700.0,71.0,1,130900.0
25,Female,High School,Divorced,43290.35,0.0,32.0,0,0.0
49,Male,High School,Single,82449.99,0.0,52.0,1,123700.0
31,Male,High School,Single,33518.88,75000.0,60.0,1,71600.0
47,Female,Master,Married,40509.12,16000.0,58.0,1,18400.0
42,Female,Master,Single,140303.5,120000.0,77.0,1,156000.0
61,Male,High School,Married,65630.64,0.0,45.0,1,90800.0
19,Female,Bachelor,Single,55058.56,120200.0,74.0,1,156300.0
49,Male,High School,Married,43871.4,0.0,40.0,0,0.0
48,Female,High School,Married,71919.08,0.0,48.0,1,107900.0
25,Male,Bachelor,Married,37533.24,0.0,46.0,1,56300.0
47,Male,Bachelor,Divorced,25244.79,0.0,46.0,1,37900.0
39,Male,Master,Divorced,15170.21,0.0,42.0,1,22800.0
33,Female,High School,Married,21575.95,21900.0,50.0,1,25200.0
26,Male,Bachelor,Widowed,19092.03,40100.0,58.0,1,42000.0
28,Female,Bachelor,Married,42304.73,0.0,46.0,1,63500.0
58,Male,High School,Single,62814.6,0.0,43.0,1,94200.0
36,Male,PhD,Married,23528.89,0.0,55.0,1,35300.0
44,Male,Master,Married,14217.75,8900.0,58.0,1,10200.0
27,Male,High School,Single,61919.75,97900.0,59.0,1,112600.0
27,Female,Bachelor,Married,28925.83,60500.0,68.0,1,59300.0
47,Female,High School,Married,68701.76,125100.0,65.0,1,107700.0
21,Female,Bachelor,Married,12305.57,0.0,39.0,0,0.0
31,Female,Bachelor,Married,43566.44,0.0,50.0,1,65300.0
36,Female,High School,Married,85838.59,116300.0,71.0,1,151200.0
37,Female,Master,Single,113544.12,194900.0,82.0,1,272900.0
34,Male,Bachelor,Married,74316.8,77200.0,75.0,1,100400.0
40,Female,PhD,Married,33526.21,14300.0,60.0,1,17900.0
43,Female,High School,Single,56253.06,42200.0,58.0,1,48500.0
44,Female,Master,Single,85369.46,0.0,65.0,1,128100.0
25,Female,Bachelor,Single,110795.75,251100.0,80.0,1,351500.0
32,Female,High School,Married,73108.02,43100.0,60.0,1,53900.0
49,Female,High School,Single,253778.3,252900.0,70.0,1,328800.0
45,Male,Master,Single,19913.29,0.0,44.0,1,29900.0
20,Male,Bachelor,Married,36267.61,73000.0,68.0,1,74300.0
39,Female,High School,Single,41149.64,0.0,38.0,0,0.0
18,Female,Master,Single,60647.05,73700.0,72.0,1,95800.0
36,Male,High School,Divorced,45502.49,19900.0,49.0,1,21900.0
56,Male,Bachelor,Married,27098.08,66000.0,69.0,1,47200.0
25,Male,Bachelor,Married,40731.55,0.0,46.0,1,61100.0
26,Female,Bachelor,Married,59259.01,0.0,54.0,1,88900.0
44,Male,High School,Single,59384.89,23900.0,51.0,1,27500.0
19,Female,Bachelor,Married,15395.7,0.0,39.0,1,12600.0
29,Male,Bachelor,Married,114720.57,47200.0,65.0,1,59000.0
42,Male,Bachelor,Married,19685.19,38000.0,60.0,1,38300.0
29,Female,Bachelor,Married,250776.51,188400.0,78.0,1,244900.0
33,Male,High School,Single,35890.95,80400.0,60.0,1,76700.0
44,Male,Master,Married,32373.59,53200.0,70.0,1,69200.0
40,Male,High School,Married,28609.21,39100.0,57.0,1,45000.0
38,Male,PhD,Married,56938.97,0.0,63.0,1,85400.0
32,Female,High School,Married,33543.56,19700.0,52.0,1,22700.0
40,Male,High School,Married,26849.44,15200.0,52.0,1,17500.0
34,Female,High School,Married,256040.44,196100.0,72.0,1,254900.0
41,Male,Bachelor,Married,93544.1,49500.0,76.0,1,64400.0
30,Female,High School,Single,40176.97,40400.0,55.0,1,46500.0
33,Female,Bachelor,Married,46963.81,98000.0,80.0,1,137200.0
25,Female,Master,Married,42062.27,0.0,49.0,1,63100.0
35,Female,High School,Widowed,47132.19,45200.0,57.0,1,52000.0
27,Male,High School,Married,41507.99,53500.0,53.0,1,61500.0
23,Male,Master,Married,36815.76,60800.0,66.0,1,76000.0
38,Female,High School,Married,67767.74,0.0,48.0,1,101700.0
38,Male,High School,Single,25333.94,41800.0,55.0,1,48100.0
44,Male,High School,Divorced,27905.97,19700.0,48.0,1,21700.0
31,Male,High School,Single,152112.26,255600.0,75.0,1,332300.0
40,Male,High School,Single,68046.77,0.0,46.0,1,102100.0
42,Male,Bachelor,Single,33829.96,11900.0,53.0,1,13700.0
40,Male,Bachelor,Married,25064.38,59100.0,72.0,1,76800.0
26,Male,Bachelor,Single,66379.4,124000.0,69.0,1,155000.0
37,Female,High School,Single,143124.51,342000.0,74.0,1,444600.0
40,Male,Bachelor,Married,101007.58,89100.0,76.0,1,115800.0
36,Female,High School,Married,88845.08,210100.0,76.0,1,249200.0
18,Male,Master,Married,82352.26,106900.0,80.0,1,149700.0
37,Female,Bachelor,Single,59285.93,37600.0,68.0,1,47000.0
60,Male,High School,Single,34957.9,67200.0,52.0,1,59000.0
32,Male,High School,Single,140306.85,256500.0,69.0,1,299900.0
27,Male,High School,Married,11279.58,26300.0,51.0,1,20800.0
40,Male,High School,Married,64718.27,62700.0,60.0,1,78400.0
39,Female,Bachelor,Married,54349.3,0.0,58.0,1,81500.0
49,Female,High School,Married,29664.05,0.0,40.0,1,44500.0
22,Male,PhD,Married,21326.43,47300.0,66.0,1,50300.0
44,Male,High School,Single,69809.56,147200.0,68.0,1,149200.0
42,Male,Bachelor,Married,10802.85,24100.0,65.0,1,21000.0
34,Male,High School,Single,37462.55,0.0,38.0,0,0.0
39,Male,High School,Single,89938.8,102000.0,69.0,1,127500.0
47,Female,PhD,Single,105092.66,35100.0,72.0,1,45600.0
45,Male,Bachelor,Married,18195.04,0.0,43.0,1,27300.0
23,Female,Bachelor,Married,82091.65,0.0,60.0,1,123100.0
45,Female,Bachelor,Married,41413.42,0.0,50.0,1,62100.0
35,Female,PhD,Married,76838.73,149500.0,80.0,1,209300.0
36,Male,Bachelor,Married,380170.72,419000.0,87.0,1,586600.0
36,Female,High School,Single,22738.06,19200.0,50.0,1,22100.0
34,Female,High School,Married,194117.06,299900.0,77.0,1,389900.0
49,Male,Bachelor,Married,102108.59,33000.0,69.0,1,41200.0
35,Male,Bachelor,Married,46949.11,114900.0,80.0,1,146300.0
23,Female,Bachelor,Single,50397.65,119700.0,74.0,1,155600.0
31,Female,High School,Married,163525.56,333300.0,82.0,1,458600.0
37,Male,Master,Married,170681.17,71300.0,78.0,1,92700.0
49,Male,Bachelor,Married,29727.63,13800.0,55.0,1,15900.0
42,Male,Bachelor,Married,176146.58,0.0,70.0,1,264200.0
26,Male,High School,Married,31624.15,65100.0,58.0,1,58300.0
63,Male,PhD,Married,105478.18,44200.0,71.0,1,57500.0
38,Male,Bachelor,Married,37669.94,58000.0,67.0,1,72500.0
50,Female,Bachelor,Married,63914.2,117500.0,75.0,1,152800.0
34,Female,Master,Divorced,45874.54,0.0,57.0,1,68800.0
41,Female,Master,Divorced,44226.19,30400.0,61.0,1,38000.0
45,Male,High School,Married,71905.44,168900.0,70.0,1,180400.0
49,Female,Master,Single,145199.89,171700.0,82.0,1,240400.0
47,Male,Bachelor,Single,44601.62,40300.0,60.0,1,50400.0
45,Male,High School,Divorced,20002.06,8000.0,34.0,0,8000.0
32,Female,High School,Married,61319.94,23400.0,53.0,1,26900.0
29,Male,High School,Married,46882.23,40700.0,56.0,1,46800.0
39,Male,Bachelor,Married,27114.76,45100.0,67.0,1,52800.0
46,Male,Bachelor,Single,60818.75,99200.0,73.0,1,129000.0
33,Male,High School,Married,176422.81,140400.0,72.0,1,182500.0
47,Female,Master,Married,42439.41,82100.0,70.0,1,106700.0
51,Female,Master,Single,45968.77,60400.0,76.0,1,78500.0
25,Female,Bachelor,Married,89425.24,0.0,60.0,1,134100.0
26,Female,Master,Married,27913.75,65100.0,71.0,1,84600.0
34,Female,Bachelor,Married,350581.87,288200.0,82.0,1,403500.0
39,Female,High School,Married,24681.71,31700.0,57.0,1,36500.0
30,Male,Bachelor,Married,54914.27,22900.0,63.0,1,28600.0
50,Female,Master,Married,33624.95,0.0,53.0,1,50400.0
40,Male,High School,Married,18443.34,0.0,33.0,0,0.0
36,Female,PhD,Married,14144.79,24500.0,65.0,1,30600.0
20,Male,High School,Divorced,42084.88,47900.0,49.0,1,52700.0
21,Female,Bachelor,Married,174617.53,107100.0,78.0,1,139200.0
39,Female,Bachelor,Married,24819.0,7800.0,55.0,1,9000.0
18,Female,Bachelor,Married,77335.48,132100.0,71.0,1,171700.0
47,Female,Bachelor,Single,101871.93,240000.0,84.0,1,336000.0
34,Male,Bachelor,Single,14089.19,0.0,41.0,1,21100.0
70,Male,Bachelor,Single,163760.46,388000.0,87.0,1,491300.0
61,Male,Bachelor,Single,29736.11,53900.0,62.0,1,55800.0
34,Male,Bachelor,Married,42870.14,53300.0,67.0,1,66600.0
34,Male,Bachelor,Single,63516.24,0.0,56.0,1,95300.0
46,Male,Master,Married,117881.68,0.0,67.0,1,176800.0
54,Male,High School,Widowed,44749.84,0.0,37.0,0,0.0
18,Female,Bachelor,Married,64867.65,46800.0,66.0,1,58500.0
18,Female,High School,Married,18891.47,8500.0,34.0,0,8500.0
29,Male,Bachelor,Married,71975.38,0.0,54.0,1,108000.0
42,Male,High School,Married,54111.85,0.0,48.0,1,81200.0
41,Male,Bachelor,Married,67514.07,88600.0,75.0,1,115200.0
47,Male,High School,Married,96967.69,202500.0,76.0,1,243300.0
22,Male,High School,Married,153787.07,97900.0,68.0,1,122400.0
18,Male,Bachelor,Married,33935.66,19200.0,58.0,1,22100.0
45,Female,High School,Married,50506.91,0.0,48.0,1,75800.0
26,Female,High School,Married,79504.18,0.0,44.0,0,0.0
18,Male,High School,Divorced,162410.55,179000.0,69.0,1,223800.0
37,Male,Master,Married,38878.08,63700.0,70.0,1,82800.0
44,Female,High School,Married,29568.31,39600.0,57.0,1,45500.0
34,Female,Master,Married,155085.15,292300.0,90.0,1,438400.0
30,Male,Bachelor,Married,35287.31,19900.0,62.0,1,24900.0
34,Male,High School,Married,34509.23,36200.0,57.0,1,41600.0
31,Male,Bachelor,Married,17784.92,21600.0,60.0,1,27000.0
21,Male,PhD,Single,73353.99,96200.0,74.0,1,125100.0
28,Male,Bachelor,Single,40380.35,0.0,44.0,1,60600.0
41,Male,High School,Married,89369.31,0.0,54.0,1,134100.0
39,Male,Bachelor,Single,38704.38,18800.0,53.0,1,21600.0
37,Male,Bachelor,Married,64879.77,39500.0,70.0,1,51400.0
25,Female,Bachelor,Married,32618.36,9800.0,51.0,1,11300.0
34,Male,Master,Married,22673.43,0.0,53.0,1,34000.0
18,Male,High School,Married,52195.77,62900.0,61.0,1,78600.0
37,Male,High School,Married,27247.89,0.0,40.0,1,40900.0
51,Male,High School,Single,89564.66,32300.0,57.0,1,37100.0
19,Female,PhD,Married,158678.88,0.0,71.0,1,238000.0
29,Female,Bachelor,Married,51369.53,121400.0,76.0,1,157800.0
39,Male,Master,Married,33462.56,65300.0,70.0,1,84900.0
49,Female,High School,Married,26911.27,27100.0,57.0,1,31200.0
31,Female,Bachelor,Married,58392.62,85100.0,75.0,1,110600.0
28,Male,High School,Single,72206.08,132600.0,59.0,1,152500.0
18,Male,Master,Married,35777.87,22900.0,61.0,1,28600.0
37,Female,Bachelor,Married,42051.53,19300.0,55.0,1,22200.0
58,Male,Bachelor,Married,11974.96,19900.0,57.0,1,20900.0
39,Male,High School,Single,67383.08,129500.0,63.0,1,144000.0
35,Male,Bachelor,Single,71947.45,103000.0,73.0,1,133900.0
39,Female,High School,Married,86871.13,159000.0,71.0,1,206700.0
35,Female,High School,Married,68239.05,128400.0,65.0,1,119600.0
27,Female,High School,Married,60329.79,103600.0,61.0,1,111300.0
45,Female,Bachelor,Married,28719.19,67800.0,72.0,1,80100.0
38,Female,High School,Married,54724.46,81000.0,65.0,1,95900.0
36,Female,High School,Single,391720.9,166600.0,63.0,1,208200.0
25,Female,Bachelor,Married,72132.22,111300.0,71.0,1,144700.0
50,Female,High School,Single,13642.28,23300.0,48.0,1,25600.0
43,Male,High School,Married,39137.61,0.0,40.0,1,58700.0
29,Female,Bachelor,Divorced,58017.37,77700.0,67.0,1,97100.0
47,Female,High School,Married,16046.05,32000.0,50.0,1,25200.0
30,Female,High School,Married,46168.93,86900.0,65.0,1,80900.0
27,Female,Master,Single,83095.66,0.0,61.0,1,124600.0
27,Female,High School,Married,176089.68,145000.0,68.0,1,181200.0
18,Female,Bachelor,Married,83958.99,130600.0,77.0,1,169800.0
41,Male,High School,Married,52700.12,0.0,48.0,1,79100.0
18,Male,PhD,Married,40981.24,80000.0,68.0,1,96600.0
22,Male,High School,Married,14164.08,0.0,29.0,0,0.0
18,Male,Master,Married,43534.48,44200.0,66.0,1,55200.0
35,Male,Bachelor,Single,13588.93,15100.0,58.0,1,17400.0
34,Male,High School,Single,24056.22,30000.0,55.0,1,34500.0
32,Male,High School,Married,83381.42,165600.0,71.0,1,215300.0
24,Female,High School,Divorced,50249.09,17100.0,45.0,1,18800.0
23,Male,High School,Single,16497.22,10200.0,39.0,0,10200.0
41,Female,High School,Married,30646.8,46400.0,57.0,1,53400.0
29,Female,Master,Single,79058.44,108400.0,72.0,1,140900.0
39,Male,High School,Single,78700.48,188300.0,68.0,1,168200.0
26,Male,High School,Married,19313.65,8200.0,34.0,0,8200.0
37,Female,Bachelor,Married,95695.39,0.0,64.0,1,143500.0
50,Female,Bachelor,Single,83626.89,168200.0,84.0,1,235500.0
42,Male,High School,Married,32725.58,79000.0,62.0,1,57400.0
31,Male,Bachelor,Single,27041.24,0.0,48.0,1,40600.0
38,Male,Bachelor,Married,58450.31,55000.0,70.0,1,71500.0
33,Male,High School,Married,85623.4,137900.0,71.0,1,179300.0
36,Male,High School,Married,90539.38,217900.0,76.0,1,253900.0
32,Male,High School,Married,40439.61,99100.0,62.0,1,70900.0
34,Female,High School,Single,86576.83,48400.0,64.0,1,60500.0
38,Female,High School,Single,56252.46,0.0,46.0,1,84400.0
25,Female,High School,Single,81990.11,156900.0,65.0,1,184500.0
24,Female,Bachelor,Married,11933.08,0.0,39.0,1,9800.0
20,Female,Bachelor,Single,22373.18,35100.0,61.0,1,43900.0
18,Female,Bachelor,Married,35905.21,44800.0,63.0,1,56000.0
22,Male,Bachelor,Single,322164.61,695000.0,86.0,1,973000.0
37,Male,Master,Single,51756.4,0.0,59.0,1,77600.0
26,Female,Master,Divorced,33786.75,27200.0,57.0,1,31300.0
41,Female,Master,Married,62347.12,115100.0,78.0,1,149600.0
36,Male,High School,Single,96863.23,203700.0,74.0,1,264800.0
18,Male,High School,Married,67848.4,165200.0,66.0,1,125200.0
43,Female,Bachelor,Married,35458.14,33700.0,62.0,1,42100.0
44,Male,High School,Single,109545.49,86000.0,64.0,1,107500.0
25,Male,High School,Married,156580.17,136000.0,68.0,1,170000.0
40,Female,High School,Divorced,23669.83,20100.0,48.0,1,22100.0
26,Male,PhD,Married,34672.89,46800.0,68.0,1,58500.0
37,Female,High School,Married,246745.85,0.0,60.0,1,370100.0
22,Female,High School,Married,64623.29,39200.0,56.0,1,45100.0
18,Male,High School,Married,42549.89,17800.0,41.0,1,19600.0
31,Male,Bachelor,Married,37408.95,32300.0,62.0,1,40400.0
34,Male,High School,Married,25424.21,53400.0,62.0,1,44600.0
31,Male,High School,Married,84883.77,0.0,54.0,1,127300.0
22,Female,PhD,Single,14474.0,23200.0,59.0,1,26700.0
31,Male,Bachelor,Married,14095.41,16500.0,60.0,1,20600.0
38,Male,Bachelor,Married,16018.44,14200.0,55.0,1,16300.0
35,Male,Master,Single,26721.76,10300.0,56.0,1,11800.0
38,Male,High School,Married,43027.43,106700.0,62.0,1,75400.0
28,Male,Bachelor,Married,132110.01,150600.0,77.0,1,195800.0
48,Female,High School,Divorced,31057.92,34800.0,53.0,1,40000.0
23,Male,Bachelor,Married,52693.55,0.0,54.0,1,79000.0
41,Male,High School,Single,19632.18,39400.0,53.0,1,42000.0
49,Male,High School,Married,87877.6,153600.0,71.0,1,199700.0
41,Female,High School,Single,42000.63,99800.0,60.0,1,89800.0
33,Male,High School,Married,25714.43,11900.0,45.0,1,13100.0
30,Female,Bachelor,Married,157645.39,380500.0,92.0,1,491200.0
47,Female,Bachelor,Married,26695.77,42600.0,67.0,1,46500.0
20,Female,Bachelor,Married,46747.55,109600.0,76.0,1,142500.0
25,Male,High School,Single,133602.45,264600.0,65.0,1,300600.0
31,Female,High School,Single,75167.13,185700.0,68.0,1,160700.0
49,Female,Bachelor,Divorced,207343.26,159400.0,78.0,1,207200.0
40,Female,Bachelor,Married,17266.23,25000.0,60.0,1,31200.0
25,Male,High School,Married,165928.1,392400.0,78.0,1,489800.0
32,Female,Bachelor,Married,54405.47,0.0,58.0,1,81600.0
29,Female,Bachelor,Married,15133.47,30500.0,61.0,1,31000.0
28,Male,High School,Married,67446.03,0.0,44.0,0,0.0
46,Male,High School,Single,82404.53,92700.0,69.0,1,115900.0
20,Female,High School,Married,39741.66,50700.0,53.0,1,58300.0
53,Male,Master,Married,79619.74,169600.0,83.0,1,237400.0
45,Female,High School,Single,18148.46,28100.0,48.0,1,30900.0
47,Male,High School,Widowed,145601.02,0.0,51.0,1,218400.0
30,Male,Master,Single,67899.94,61300.0,71.0,1,79700.0
34,Female,High School,Married,14435.42,0.0,33.0,0,0.0
20,Male,Bachelor,Married,16158.73,18200.0,56.0,1,20900.0
30,Female,High School,Married,166834.78,0.0,60.0,1,250300.0
41,Female,PhD,Single,16847.06,0.0,46.0,1,25300.0
50,Female,Bachelor,Married,44668.93,96500.0,72.0,1,124500.0
23,Female,Bachelor,Single,51413.99,17800.0,57.0,1,20500.0
31,Female,High School,Married,32146.56,0.0,40.0,0,0.0
34,Male,High School,Single,26606.45,63600.0,60.0,1,56900.0
20,Female,Bachelor,Single,61429.5,78700.0,69.0,1,98400.0
42,Male,High School,Divorced,40164.58,21800.0,48.0,1,24000.0
28,Male,Bachelor,Married,19897.29,6500.0,44.0,1,7200.0
33,Male,Bachelor,Single,46427.36,55600.0,73.0,1,72300.0
31,Female,Master,Divorced,389741.31,868800.0,91.0,1,1303200.0
27,Male,High School,Single,168468.48,381400.0,76.0,1,495800.0
35,Male,Bachelor,Single,85723.64,150500.0,79.0,1,195600.0
33,Female,Bachelor,Single,30665.93,73500.0,70.0,1,95600.0
31,Male,Bachelor,Married,134726.39,61800.0,69.0,1,77200.0
27,Female,Master,Married,52582.65,58600.0,74.0,1,76200.0
39,Female,High School,Single,62857.46,128500.0,68.0,1,134400.0
54,Male,Bachelor,Single,101353.15,217700.0,84.0,1,304800.0
37,Male,Master,Married,83847.86,0.0,67.0,1,125800.0
46,Female,High School,Married,307848.55,0.0,60.0,1,461800.0
20,Male,High School,Married,102238.36,180500.0,67.0,1,188600.0
37,Male,High School,Married,84557.95,66600.0,66.0,1,83200.0
23,Male,Bachelor,Married,97233.16,36300.0,65.0,1,45400.0
19,Male,Bachelor,Married,43319.79,15000.0,51.0,1,17200.0
27,Male,High School,Married,49758.72,54200.0,61.0,1,67800.0
49,Male,Bachelor,Married,38513.45,0.0,50.0,1,57800.0
46,Female,Bachelor,Single,148077.62,230500.0,79.0,1,299600.0
38,Female,Master,Married,40002.13,34000.0,65.0,1,42500.0
19,Female,Bachelor,Married,140829.3,147000.0,77.0,1,191100.0
33,Male,Bachelor,Single,14199.06,15000.0,58.0,1,17200.0
39,Male,Master,Married,57348.04,134700.0,83.0,1,188600.0
37,Female,High School,Married,43745.82,96000.0,62.0,1,76700.0
18,Female,Bachelor,Single,64857.16,112000.0,69.0,1,140000.0
26,Female,Bachelor,Single,82898.71,53500.0,70.0,1,69600.0
35,Female,High School,Single,155075.02,72800.0,63.0,1,91000.0
41,Female,High School,Married,74526.07,80700.0,65.0,1,100900.0
18,Male,High School,Married,88677.42,0.0,50.0,1,133000.0
34,Female,High School,Married,16785.4,31800.0,50.0,1,29400.0
37,Female,Bachelor,Single,18796.21,6600.0,46.0,1,7300.0
45,Female,Bachelor,Married,166470.27,121300.0,82.0,1,169800.0
43,Female,High School,Single,23057.48,29200.0,55.0,1,33600.0
42,Female,High School,Single,179667.71,196000.0,75.0,1,254800.0
27,Male,Bachelor,Married,13146.09,17200.0,56.0,1,19800.0
18,Female,High School,Married,38157.89,38900.0,53.0,1,44700.0
31,Female,High School,Married,175825.46,280100.0,77.0,1,364100.0
47,Female,High School,Single,158682.32,349900.0,80.0,1,485600.0
51,Female,High School,Married,12755.41,6100.0,38.0,0,6100.0
43,Male,High School,Married,30333.22,0.0,40.0,1,45500.0
40,Female,High School,Married,127276.11,0.0,54.0,1,190900.0
40,Female,Bachelor,Single,17036.17,25500.0,58.0,1,29300.0
29,Female,High School,Married,17235.37,39000.0,51.0,1,31800.0
34,Male,High School,Married,80455.53,169300.0,76.0,1,220100.0
54,Female,Master,Married,20316.08,46400.0,68.0,1,38200.0
25,Male,Bachelor,Widowed,24059.37,18500.0,55.0,1,21300.0
53,Female,High School,Divorced,57292.05,60500.0,61.0,1,75600.0
32,Male,High School,Married,120929.6,109600.0,66.0,1,137000.0
50,Female,Bachelor,Married,182940.23,274600.0,87.0,1,384400.0
20,Male,Bachelor,Single,63791.3,113300.0,69.0,1,141600.0
42,Male,High School,Single,61145.94,74200.0,63.0,1,92800.0
27,Female,High School,Married,68642.56,0.0,44.0,1,103000.0
20,Male,Master,Widowed,24304.17,41100.0,63.0,1,51400.0
38,Female,Bachelor,Married,127259.35,0.0,64.0,1,190900.0
47,Female,High School,Married,17168.99,36500.0,55.0,1,26900.0
26,Female,High School,Married,19645.78,0.0,29.0,0,0.0
19,Male,High School,Single,79490.36,152600.0,59.0,1,175500.0
34,Female,High School,Married,31311.7,0.0,40.0,1,47000.0
35,Male,Master,Single,30959.25,68300.0,73.0,1,88800.0
42,Female,High School,Single,22861.86,0.0,38.0,0,0.0
46,Female,PhD,Single,23900.83,0.0,53.0,1,35900.0
35,Male,High School,Married,168516.58,288300.0,77.0,1,374800.0
56,Male,High School,Married,81264.38,132400.0,68.0,1,127400.0
38,Male,High School,Single,10253.05,18700.0,48.0,1,20600.0
32,Female,Bachelor,Married,20592.14,50600.0,65.0,1,40100.0
18,Male,Bachelor,Married,72624.57,0.0,54.0,1,108900.0
33,Female,Bachelor,Divorced,81086.36,0.0,60.0,1,121600.0
32,Female,Bachelor,Married,67613.7,109100.0,75.0,1,141800.0
46,Female,High School,Single,103556.37,32800.0,57.0,1,37700.0
41,Female,Bachelor,Single,14282.69,25000.0,58.0,1,28700.0
23,Male,High School,Single,65251.31,90900.0,59.0,1,104500.0
37,Female,Bachelor,Married,78926.05,157900.0,80.0,1,221100.0
43,Female,High School,Married,163142.33,320000.0,77.0,1,416000.0
52,Female,High School,Single,18897.44,7500.0,36.0,0,7500.0
45,Male,Bachelor,Divorced,32962.89,66500.0,68.0,1,63000.0
44,Male,High School,Married,37265.13,84700.0,62.0,1,65300.0
36,Male,Master,Married,58298.17,98500.0,78.0,1,128000.0
40,Male,Master,Married,44719.44,98900.0,75.0,1,128600.0
49,Male,High School,Married,105138.52,79700.0,66.0,1,99600.0
21,Male,High School,Married,339192.56,774100.0,78.0,1,1001300.0
32,Female,Bachelor,Married,11859.17,28000.0,65.0,1,23100.0
27,Male,Master,Single,57638.98,53400.0,67.0,1,66800.0
40,Female,High School,Married,18985.91,20100.0,50.0,1,23100.0
49,Male,Master,Single,155620.41,290100.0,88.0,1,406100.0
29,Female,Master,Married,11494.12,11900.0,59.0,1,13700.0
18,Female,Bachelor,Married,329279.4,815600.0,88.0,1,1080000.0
31,Female,Bachelor,Single,26688.3,24900.0,60.0,1,31100.0
46,Female,High School,Single,44378.12,0.0,38.0,0,0.0
41,Male,Bachelor,Single,72137.33,151400.0,78.0,1,196800.0
40,Female,High School,Married,22080.03,8700.0,45.0,1,9600.0
32,Male,High School,Married,26794.45,65500.0,62.0,1,47000.0
21,Male,Bachelor,Widowed,55332.25,89600.0,68.0,1,112000.0
41,Male,High School,Single,56119.41,0.0,46.0,1,84200.0
26,Female,Bachelor,Single,140138.38,0.0,58.0,1,210200.0
60,Male,Master,Married,26728.95,50100.0,67.0,1,44400.0
42,Female,High School,Single,63575.64,73400.0,63.0,1,91800.0
29,Male,High School,Single,105599.25,81400.0,60.0,1,101800.0
29,Female,Bachelor,Married,150021.22,323900.0,88.0,1,453500.0
34,Female,High School,Married,16824.48,39200.0,55.0,1,29500.0
33,Male,Master,Married,36460.06,0.0,53.0,1,54700.0
48,Male,High School,Single,21608.9,0.0,31.0,0,0.0
38,Female,Bachelor,Single,62968.59,98800.0,73.0,1,128400.0
27,Male,High School,Married,109392.54,268900.0,72.0,1,322900.0
56,Male,High School,Married,179889.38,217200.0,74.0,1,282400.0
36,Female,High School,Married,95226.76,194200.0,76.0,1,252500.0
44,Male,High School,Married,40638.04,96200.0,62.0,1,71200.0
29,Male,Bachelor,Single,11946.12,8500.0,49.0,1,9400.0
39,Male,Bachelor,Single,37290.06,70600.0,65.0,1,88200.0
39,Male,High School,Divorced,66320.83,122500.0,61.0,1,127600.0
18,Male,High School,Married,20068.31,23200.0,46.0,1,25500.0
58,Male,Bachelor,Married,18773.09,46100.0,62.0,1,32700.0
50,Male,Bachelor,Married,25963.73,57300.0,72.0,1,72400.0
31,Male,Bachelor,Married,17982.94,0.0,43.0,0,0.0
23,Female,High School,Single,26993.09,40800.0,51.0,1,46900.0
39,Female,Master,Married,217239.49,171300.0,85.0,1,239800.0
36,Female,Master,Married,11009.39,0.0,46.0,1,16500.0
39,Male,High School,Single,100229.04,204600.0,74.0,1,266000.0
38,Male,Bachelor,Single,334853.02,366800.0,85.0,1,513500.0
41,Female,Bachelor,Married,44818.8,34600.0,62.0,1,43200.0
51,Female,Master,Married,150821.31,351100.0,95.0,1,454100.0
42,Male,Bachelor,Married,38294.75,40200.0,67.0,1,50200.0
24,Male,Master,Married,352196.15,168900.0,74.0,1,219600.0
50,Male,High School,Married,170011.02,262900.0,77.0,1,341800.0
54,Female,High School,Married,114095.68,172300.0,71.0,1,224000.0
70,Male,Bachelor,Married,17254.55,21200.0,57.0,1,24400.0
23,Female,Bachelor,Single,109497.32,140400.0,75.0,1,182500.0
38,Female,Bachelor,Single,137307.38,107600.0,74.0,1,139900.0
18,Female,Master,Married,108780.17,103400.0,75.0,1,134400.0
42,Female,Bachelor,Married,10768.06,0.0,43.0,1,16200.0
29,Male,Bachelor,Married,11059.41,27000.0,61.0,1,22700.0
57,Female,Bachelor,Married,44454.96,109200.0,69.0,1,77500.0
27,Female,Bachelor,Married,45270.81,0.0,54.0,1,67900.0
18,Female,High School,Single,18281.98,41900.0,49.0,1,41100.0
30,Female,Bachelor,Married,375207.66,475900.0,87.0,1,666300.0
18,Female,High School,Single,62716.67,82200.0,59.0,1,94500.0
44,Male,High School,Married,38286.64,0.0,40.0,1,57400.0
18,Male,High School,Single,60699.93,135600.0,64.0,1,136600.0
36,Female,Master,Single,68803.42,89800.0,76.0,1,116700.0
18,Male,High School,Married,43521.07,13600.0,41.0,1,15000.0
32,Male,High School,Single,22973.71,54200.0,60.0,1,49100.0
54,Male,High School,Married,57022.87,139300.0,70.0,1,143100.0
39,Female,High School,Married,49769.49,62300.0,65.0,1,77900.0
26,Male,High School,Married,67316.64,84800.0,61.0,1,106000.0
35,Female,High School,Single,39721.05,0.0,38.0,0,0.0
36,Male,High School,Single,44461.79,0.0,38.0,0,0.0
41,Male,Bachelor,Married,51995.16,29300.0,70.0,1,38100.0
20,Male,Bachelor,Single,46976.88,0.0,52.0,1,70500.0
42,Male,High School,Married,51225.7,73500.0,65.0,1,89800.0
18,Female,Bachelor,Single,88593.86,83000.0,70.0,1,107900.0
29,Female,Bachelor,Married,29362.97,68500.0,68.0,1,60200.0
30,Female,Bachelor,Single,28144.97,48500.0,65.0,1,60600.0
42,Male,Bachelor,Married,38906.55,91800.0,72.0,1,119300.0
36,Male,High School,Married,50430.39,43300.0,60.0,1,54100.0
20,Male,Bachelor,Married,30028.73,0.0,46.0,1,45000.0
25,Male,High School,Married,11737.74,25600.0,51.0,1,21700.0
38,Male,High School,Single,21691.85,49300.0,53.0,1,46400.0
35,Female,High School,Divorced,13421.47,28200.0,51.0,1,25800.0
29,Male,Bachelor,Married,114227.57,0.0,60.0,1,171300.0
30,Male,Bachelor,Single,73548.13,159400.0,78.0,1,207200.0
43,Female,High School,Single,45747.73,103900.0,68.0,1,97800.0
30,Male,Master,Single,148818.39,0.0,65.0,1,223200.0
35,Female,Master,Single,15446.26,12100.0,56.0,1,13900.0
59,Female,High School,Divorced,26235.11,12000.0,38.0,0,12000.0
20,Male,High School,Married,66885.43,60600.0,56.0,1,69700.0
18,Male,Bachelor,Single,179908.94,0.0,64.0,1,269900.0
44,Female,High School,Married,364537.31,909000.0,82.0,1,1022300.0
28,Male,Bachelor,Married,88837.39,0.0,60.0,1,133300.0
32,Male,Bachelor,Single,86672.76,0.0,62.0,1,130000.0
27,Female,High School,Single,163837.36,0.0,54.0,1,245800.0
33,Male,High School,Single,120127.0,181600.0,69.0,1,227000.0
53,Male,High School,Married,155694.25,0.0,60.0,1,233500.0
44,Female,Bachelor,Married,14698.46,0.0,43.0,1,22000.0
45,Female,High School,Divorced,64328.7,58200.0,56.0,1,66900.0
20,Male,Bachelor,Married,84302.64,100000.0,77.0,1,130000.0
23,Male,High School,Married,26719.21,31700.0,53.0,1,36500.0
18,Male,High School,Divorced,58346.75,58400.0,57.0,1,67200.0
27,Male,Bachelor,Married,21166.0,43500.0,61.0,1,43400.0
46,Female,Bachelor,Married,76481.75,113900.0,75.0,1,148100.0
41,Female,Bachelor,Married,95840.89,146800.0,81.0,1,205500.0
33,Female,High School,Married,24797.1,20600.0,52.0,1,23700.0
35,Male,High School,Married,71079.67,87600.0,65.0,1,109500.0
28,Male,Bachelor,Married,80943.97,85700.0,77.0,1,111400.0
38,Male,Bachelor,Married,80676.31,185300.0,86.0,1,251400.0
44,Male,Bachelor,Married,64121.67,24600.0,63.0,1,30800.0
18,Male,High School,Married,56632.92,38800.0,56.0,1,44600.0
39,Male,High School,Married,160893.72,0.0,60.0,1,241300.0
46,Male,Bachelor,Single,21328.82,34800.0,58.0,1,40000.0
31,Female,Master,Married,64985.88,0.0,61.0,1,97500.0
43,Female,Master,Divorced,11647.32,4700.0,47.0,1,5200.0
66,Female,Master,Married,72437.82,162400.0,80.0,1,192500.0
34,Male,High School,Married,195759.7,0.0,60.0,1,293600.0
40,Female,Bachelor,Widowed,17338.01,35000.0,62.0,1,36200.0
27,Female,Master,Married,25977.75,17800.0,61.0,1,22200.0
37,Male,High School,Widowed,136438.12,277700.0,73.0,1,361000.0
41,Female,High School,Single,36386.37,36300.0,50.0,1,41700.0
38,Female,Bachelor,Widowed,65102.66,41300.0,67.0,1,51600.0
24,Male,High School,Single,19927.56,9500.0,32.0,0,9500.0
38,Male,Bachelor,Married,30618.3,12400.0,55.0,1,14300.0
52,Male,Master,Married,51976.48,111900.0,83.0,1,156500.0
40,Male,Master,Married,131751.42,283900.0,89.0,1,397500.0
46,Male,Master,Married,88359.25,33000.0,72.0,1,42900.0
33,Female,Bachelor,Married,169216.4,317200.0,87.0,1,444100.0
44,Female,High School,Single,58998.75,50700.0,58.0,1,58300.0
39,Male,Bachelor,Married,111843.46,88400.0,76.0,1,114900.0
25,Female,High School,Married,286323.39,439900.0,73.0,1,571900.0
39,Female,High School,Married,17861.9,23400.0,50.0,1,26900.0
25,Male,Bachelor,Single,86702.37,0.0,58.0,1,130100.0
29,Male,High School,Single,36106.5,11300.0,39.0,1,12400.0
38,Female,High School,Married,82625.24,83400.0,71.0,1,108400.0
39,Male,High School,Married,76323.31,91000.0,65.0,1,113800.0
22,Male,Master,Married,49568.54,66700.0,74.0,1,86700.0
47,Male,High School,Single,42511.07,0.0,38.0,0,0.0
42,Male,High School,Divorced,26589.36,0.0,36.0,0,0.0
28,Male,Master,Divorced,14399.76,34800.0,60.0,1,35000.0
19,Male,Bachelor,Single,20083.14,0.0,37.0,1,20100.0
34,Female,High School,Married,44521.9,51700.0,57.0,1,59500.0
31,Male,Bachelor,Married,29144.07,69100.0,72.0,1,89800.0
37,Male,High School,Married,30814.13,15200.0,45.0,0,15200.0
32,Male,High School,Married,33169.11,10900.0,45.0,1,12000.0
18,Male,Master,Married,134819.25,138600.0,80.0,1,194000.0
31,Female,High School,Single,78766.87,55700.0,58.0,1,64100.0
32,Male,Bachelor,Single,40793.73,0.0,48.0,1,61200.0
42,Female,Bachelor,Single,89596.61,0.0,62.0,1,134400.0
28,Male,High School,Married,356930.32,872300.0,78.0,1,1053700.0
54,Male,Bachelor,Single,28894.97,56600.0,65.0,1,61400.0
18,Female,High School,Married,30237.46,35300.0,53.0,1,40600.0
50,Male,High School,Married,315972.72,281700.0,72.0,1,366200.0
33,Female,Bachelor,Married,18239.66,7700.0,48.0,1,8500.0
45,Male,High School,Married,11079.54,9800.0,45.0,1,10800.0
36,Female,Bachelor,Single,60465.52,42400.0,68.0,1,53000.0
48,Female,High School,Single,54120.0,0.0,46.0,1,81200.0
31,Female,Bachelor,Widowed,16094.19,16400.0,57.0,1,18900.0
23,Female,Bachelor,Married,25880.05,0.0,46.0,1,38800.0
51,Female,High School,Single,35357.05,61000.0,55.0,1,67600.0
34,Female,Master,Single,132056.68,56900.0,70.0,1,74000.0
38,Male,Bachelor,Married,63176.57,22100.0,63.0,1,27600.0
49,Female,Master,Married,148405.76,189800.0,84.0,1,265700.0
24,Male,High School,Single,31575.4,73800.0,56.0,1,71000.0
42,Male,Master,Married,31183.09,53200.0,70.0,1,69200.0
29,Male,Bachelor,Married,74300.48,162400.0,76.0,1,211100.0
34,Female,Bachelor,Widowed,10687.44,4200.0,45.0,1,4600.0
36,Male,Master,Single,31947.09,0.0,51.0,1,47900.0
19,Female,Bachelor,Married,26494.21,11400.0,51.0,1,13100.0
27,Male,Master,Single,10462.88,11000.0,57.0,1,12600.0
50,Male,Bachelor,Married,46560.72,43100.0,70.0,1,56000.0
45,Female,Bachelor,Single,105085.86,244600.0,84.0,1,342400.0
35,Male,High School,Married,15207.29,31900.0,55.0,1,26700.0
38,Male,High School,Single,70501.43,146200.0,68.0,1,150700.0
32,Male,Bachelor,Single,161630.94,57300.0,73.0,1,74500.0
50,Female,PhD,Widowed,17292.31,24500.0,62.0,1,30600.0
33,Male,Bachelor,Single,136805.01,70300.0,74.0,1,91400.0
38,Male,Bachelor,Married,93272.99,205600.0,86.0,1,287800.0
48,Female,Bachelor,Married,28851.69,37400.0,67.0,1,46800.0
27,Male,High School,Married,152304.37,78300.0,68.0,1,97900.0
53,Female,High School,Married,114346.3,281800.0,76.0,1,286900.0
19,Male,High School,Married,17132.08,16000.0,41.0,1,17600.0
53,Male,High School,Divorced,144351.1,106700.0,62.0,1,133400.0
31,Female,Bachelor,Married,58730.75,90600.0,75.0,1,117800.0
33,Female,Bachelor,Married,141443.53,193200.0,81.0,1,270500.0
18,Female,High School,Married,50128.81,45300.0,56.0,1,52100.0
30,Female,High School,Married,38720.34,0.0,40.0,0,0.0
24,Male,High School,Married,46013.75,43100.0,56.0,1,49600.0
29,Male,High School,Single,46589.62,49300.0,59.0,1,56700.0
34,Male,Bachelor,Married,84161.63,154900.0,81.0,1,216900.0
46,Female,High School,Married,142225.85,221500.0,71.0,1,288000.0
38,Female,High School,Married,52331.14,48900.0,60.0,1,61100.0
39,Female,Master,Married,312360.4,727800.0,95.0,1,1051200.0
23,Male,High School,Single,61643.16,0.0,42.0,1,92500.0
26,Male,Bachelor,Married,114288.1,110300.0,72.0,1,143400.0
55,Female,Bachelor,Divorced,40660.47,89400.0,68.0,1,77800.0
27,Female,High School,Married,32978.1,32600.0,48.0,1,35900.0
54,Female,Bachelor,Single,28749.88,70300.0,70.0,1,91400.0
33,Female,Bachelor,Married,43704.97,100400.0,72.0,1,130500.0
36,Male,High School,Married,216305.55,255700.0,77.0,1,332400.0
47,Male,High School,Divorced,11704.09,20600.0,46.0,1,20100.0
49,Male,Bachelor,Married,49378.67,73000.0,75.0,1,94900.0
34,Male,High School,Single,24861.99,52100.0,60.0,1,53100.0
31,Male,High School,Married,112750.67,0.0,54.0,1,169100.0
35,Male,High School,Widowed,18382.05,31000.0,47.0,1,34100.0
39,Male,High School,Married,75233.6,114500.0,65.0,1,131900.0
45,Female,Bachelor,Single,39559.62,0.0,48.0,1,59300.0
36,Female,Bachelor,Single,16906.85,38500.0,63.0,1,40200.0
42,Female,Bachelor,Widowed,33330.05,54400.0,64.0,1,68000.0
54,Male,High School,Married,128869.56,57800.0,59.0,1,66500.0
40,Male,Master,Divorced,20495.72,36300.0,59.0,1,41700.0
39,Male,Bachelor,Single,255571.1,196400.0,80.0,1,275000.0
19,Female,Bachelor,Married,20698.26,12600.0,51.0,1,14500.0
18,Male,High School,Single,28337.41,70000.0,56.0,1,63800.0
40,Male,Bachelor,Single,52079.37,118300.0,78.0,1,153800.0
34,Female,Master,Married,27868.28,53000.0,70.0,1,68900.0
30,Male,High School,Married,67456.17,0.0,48.0,1,101200.0
38,Female,Bachelor,Married,43295.42,49700.0,67.0,1,62100.0
35,Male,Bachelor,Widowed,52978.93,52800.0,67.0,1,66000.0
48,Male,High School,Single,35337.74,36800.0,55.0,1,42300.0
36,Male,Bachelor,Single,109594.9,142000.0,79.0,1,184600.0
27,Female,High School,Married,75494.03,79500.0,61.0,1,99400.0
46,Female,Bachelor,Married,65926.58,52400.0,70.0,1,68100.0
33,Female,PhD,Married,156018.39,360000.0,97.0,1,540000.0
41,Male,Master,Married,83524.9,164500.0,84.0,1,230300.0
30,Male,Bachelor,Married,60063.47,102700.0,75.0,1,133500.0
28,Female,Bachelor,Single,174436.99,0.0,64.0,1,261700.0
36,Female,Bachelor,Single,15621.07,0.0,41.0,0,0.0
36,Female,Bachelor,Married,87148.54,57000.0,76.0,1,74100.0
41,Male,High School,Married,27304.32,16600.0,52.0,1,19100.0
33,Male,High School,Married,42632.97,102300.0,62.0,1,74700.0
18,Male,Bachelor,Married,14003.88,33200.0,61.0,1,28700.0
31,Female,High School,Married,157567.57,0.0,60.0,1,236400.0
44,Female,Master,Married,88568.22,117300.0,84.0,1,164200.0
32,Male,Bachelor,Married,20945.94,47300.0,65.0,1,40800.0
33,Male,High School,Married,32664.06,0.0,40.0,1,49000.0
46,Male,High School,Single,60520.55,120500.0,63.0,1,115700.0
28,Male,Master,Married,72568.65,0.0,57.0,1,108900.0
19,Female,Master,Married,76761.42,178700.0,79.0,1,232300.0
34,Male,High School,Married,69311.1,68200.0,60.0,1,85200.0
30,Female,Bachelor,Divorced,83181.41,0.0,60.0,1,124800.0
25,Female,Bachelor,Single,95244.04,0.0,58.0,1,142900.0
34,Female,Bachelor,Married,35791.66,0.0,50.0,1,53700.0
41,Female,Bachelor,Married,137271.86,58200.0,69.0,1,72800.0
35,Female,High School,Married,22905.37,0.0,40.0,0,0.0
39,Female,Bachelor,Married,10152.53,23200.0,65.0,1,19800.0
55,Male,High School,Married,35940.98,11600.0,45.0,0,11600.0
32,Female,High School,Married,24713.97,0.0,40.0,1,37100.0
39,Female,High School,Married,349076.93,502400.0,77.0,1,653100.0
30,Male,High School,Single,43832.72,0.0,38.0,0,0.0
26,Female,Bachelor,Married,52983.73,0.0,54.0,1,79500.0
29,Female,High School,Married,80935.84,59300.0,62.0,1,74100.0
30,Female,Bachelor,Married,35602.63,32700.0,62.0,1,40900.0
39,Male,Bachelor,Married,32302.61,0.0,50.0,1,48500.0
61,Female,Master,Married,36956.86,50300.0,67.0,1,61400.0
28,Male,Bachelor,Single,81105.22,73600.0,70.0,1,95700.0
31,Female,PhD,Married,393541.96,815900.0,97.0,1,1223800.0
35,Male,High School,Married,74722.2,80200.0,65.0,1,100200.0
40,Female,Bachelor,Married,344324.64,252400.0,82.0,1,353400.0
38,Male,High School,Single,72338.36,87500.0,63.0,1,109400.0
50,Male,Bachelor,Married,16780.54,0.0,43.0,1,25200.0
18,Male,High School,Single,23489.98,23800.0,51.0,1,27400.0
18,Male,Bachelor,Divorced,51978.34,52000.0,67.0,1,65000.0
30,Female,High School,Married,30722.82,17000.0,52.0,1,19600.0
48,Female,High School,Single,17794.04,9300.0,43.0,1,10200.0
18,Male,Bachelor,Married,10909.53,10300.0,51.0,1,11800.0
18,Male,Master,Married,34520.68,65000.0,66.0,1,76400.0
42,Male,High School,Married,45593.21,67600.0,65.0,1,79900.0
38,Female,Master,Married,158948.41,336200.0,95.0,1,504300.0
24,Male,High School,Widowed,75012.0,141000.0,58.0,1,148500.0
25,Male,Bachelor,Married,68430.39,0.0,54.0,1,102600.0
25,Male,Master,Single,70701.42,43400.0,67.0,1,54200.0
37,Male,High School,Married,86974.17,201200.0,76.0,1,243900.0
29,Male,High School,Married,42854.02,15700.0,41.0,1,17300.0
41,Male,High School,Single,161347.63,0.0,58.0,1,242000.0
18,Female,High School,Single,29733.21,61500.0,56.0,1,66900.0
26,Female,Bachelor,Married,24466.68,20900.0,58.0,1,24000.0
23,Male,Bachelor,Married,29392.93,72500.0,68.0,1,60300.0
33,Female,PhD,Single,19023.55,24500.0,63.0,1,30600.0
30,Male,High School,Married,72495.03,150100.0,70.0,1,195100.0
44,Female,Bachelor,Single,38228.15,89900.0,70.0,1,116900.0
18,Male,High School,Single,49739.83,0.0,42.0,1,74600.0
36,Female,Master,Married,52130.11,86700.0,78.0,1,112700.0
42,Female,High School,Married,74894.39,0.0,48.0,1,112300.0
56,Male,PhD,Married,30551.41,48400.0,69.0,1,60500.0
30,Female,Bachelor,Married,123226.91,87300.0,76.0,1,113500.0
39,Male,Bachelor,Single,62669.68,0.0,56.0,1,94000.0
18,Female,High School,Married,40306.62,21600.0,48.0,1,23800.0
18,Male,Master,Married,152914.86,192400.0,86.0,1,269400.0
45,Male,Bachelor,Widowed,11272.43,8000.0,52.0,1,9200.0
35,Female,Bachelor,Married,60496.08,41500.0,70.0,1,54000.0
48,Male,Bachelor,Single,75322.45,41700.0,68.0,1,52100.0
20,Male,High School,Married,21713.55,26700.0,46.0,1,29400.0
41,Male,High School,Single,172102.79,86700.0,70.0,1,112700.0
56,Female,Bachelor,Widowed,27710.29,52800.0,61.0,1,51800.0
40,Male,High School,Single,47971.48,109400.0,68.0,1,102500.0
39,Male,Master,Single,35185.06,34800.0,63.0,1,43500.0
36,Female,Bachelor,Married,63281.26,135800.0,80.0,1,190100.0
18,Male,High School,Single,220345.81,351600.0,71.0,1,457100.0
50,Male,Bachelor,Married,74324.12,88700.0,75.0,1,115300.0
29,Male,Bachelor,Married,25688.07,0.0,46.0,1,38500.0
41,Male,Bachelor,Married,60816.66,123700.0,80.0,1,173200.0
18,Male,Bachelor,Married,80755.54,191300.0,82.0,1,264900.0
23,Female,High School,Married,37738.88,0.0,36.0,1,27900.0
51,Male,Master,Married,144641.03,265300.0,84.0,1,371400.0
32,Male,High School,Divorced,173774.41,401000.0,78.0,1,521300.0
51,Male,Master,Single,11504.9,4800.0,49.0,1,5300.0
35,Male,High School,Single,76093.32,54600.0,58.0,1,62800.0
18,Female,High School,Married,100559.5,0.0,50.0,1,150800.0
45,Male,Bachelor,Single,25136.62,0.0,48.0,1,37700.0
29,Male,High School,Married,33647.8,13300.0,41.0,0,13300.0
43,Male,PhD,Divorced,10289.32,20200.0,61.0,1,25200.0
36,Female,High School,Married,16011.98,28400.0,50.0,1,28100.0
19,Male,High School,Married,182085.35,406300.0,78.0,1,528200.0
37,Male,High School,Married,35855.55,14500.0,45.0,1,16000.0
60,Female,High School,Single,29176.23,48600.0,52.0,1,49200.0
41,Male,Bachelor,Married,23915.09,0.0,50.0,1,35900.0
35,Female,Bachelor,Single,39959.36,16900.0,53.0,1,19400.0
47,Female,High School,Single,62546.63,0.0,46.0,1,93800.0
38,Male,High School,Single,64980.9,51300.0,58.0,1,59000.0
38,Male,High School,Divorced,61851.54,44300.0,56.0,1,50900.0
23,Female,High School,Single,11003.56,0.0,27.0,0,0.0
38,Female,Bachelor,Married,131392.55,129800.0,76.0,1,168700.0
47,Female,Bachelor,Single,149889.42,324400.0,84.0,1,454200.0
26,Male,Bachelor,Married,42777.65,75900.0,63.0,1,87700.0
51,Male,PhD,Married,39567.47,28400.0,67.0,1,35500.0
34,Female,Master,Married,23823.63,34400.0,70.0,1,44700.0
26,Male,Bachelor,Married,25813.5,45300.0,63.0,1,52900.0
46,Female,High School,Divorced,47017.18,88900.0,61.0,1,80900.0
32,Male,Master,Married,50372.53,0.0,61.0,1,75600.0
44,Female,Bachelor,Single,33052.13,35700.0,65.0,1,44600.0
32,Male,High School,Married,27054.02,64600.0,62.0,1,47400.0
35,Male,Bachelor,Widowed,74157.14,90300.0,72.0,1,117400.0
41,Female,PhD,Married,22744.43,41500.0,72.0,1,54000.0
39,Male,Master,Married,167152.17,358000.0,95.0,1,537000.0
18,Male,High School,Single,75493.82,50700.0,54.0,1,58300.0
23,Male,Master,Married,44288.79,0.0,49.0,1,66400.0
46,Female,PhD,Married,21433.96,32500.0,65.0,1,40600.0
34,Female,High School,Widowed,152363.36,0.0,57.0,1,228500.0
30,Male,Master,Single,52111.99,32700.0,71.0,1,42500.0
21,Male,Master,Married,54993.71,19600.0,62.0,1,24500.0
24,Male,High School,Married,13330.98,23500.0,46.0,1,24600.0
18,Female,Bachelor,Married,31813.51,53000.0,63.0,1,65200.0
34,Male,High School,Married,70689.26,130100.0,65.0,1,123900.0
29,Male,Bachelor,Widowed,75717.0,0.0,51.0,1,113600.0
25,Male,Master,Married,23739.66,24800.0,66.0,1,31000.0
35,Male,Bachelor,Divorced,36042.61,0.0,46.0,1,54100.0
40,Female,High School,Single,23361.3,10000.0,43.0,1,11000.0
59,Male,Master,Single,82216.18,62000.0,74.0,1,80600.0
19,Male,PhD,Divorced,22929.77,51300.0,69.0,1,59300.0
48,Male,High School,Single,62552.14,40000.0,58.0,1,46000.0
46,Female,Master,Married,31659.58,20900.0,65.0,1,26100.0
27,Male,High School,Married,70667.36,133300.0,61.0,1,130400.0
38,Male,High School,Married,24195.29,54300.0,62.0,1,42400.0
30,Male,Bachelor,Married,43461.39,105900.0,72.0,1,135400.0
38,Female,Bachelor,Married,30813.75,65900.0,72.0,1,85700.0
52,Female,Bachelor,Divorced,31112.56,58100.0,63.0,1,59500.0
42,Male,High School,Single,55938.91,125800.0,68.0,1,119600.0
41,Male,High School,Married,39956.49,56000.0,57.0,1,64400.0
31,Male,Master,Married,181707.52,171000.0,85.0,1,239400.0
19,Female,High School,Married,49779.18,93800.0,61.0,1,91800.0
33,Male,High School,Single,15649.14,18700.0,48.0,1,20600.0
49,Female,Master,Married,88573.45,99900.0,84.0,1,139900.0
19,Female,Bachelor,Single,93202.9,115300.0,75.0,1,149900.0
24,Male,High School,Married,95579.27,160100.0,67.0,1,176300.0
37,Male,High School,Married,337276.38,770700.0,82.0,1,945900.0
25,Female,Master,Single,156190.11,0.0,67.0,1,234300.0
27,Male,PhD,Married,42629.55,74200.0,68.0,1,92800.0
31,Female,High School,Married,16919.55,6400.0,38.0,0,6400.0
20,Male,Bachelor,Single,63159.76,75600.0,69.0,1,94500.0
25,Female,High School,Married,65298.35,0.0,44.0,1,97900.0
43,Female,Master,Married,15178.18,23200.0,63.0,1,29000.0
21,Female,High School,Widowed,44391.34,0.0,33.0,0,0.0
18,Male,Bachelor,Married,263619.29,0.0,66.0,1,395400.0
29,Female,Bachelor,Single,98646.06,160100.0,75.0,1,208100.0
44,Male,Bachelor,Single,28661.39,20100.0,60.0,1,25100.0
33,Male,Master,Married,44082.03,28100.0,65.0,1,35100.0
30,Male,Bachelor,Married,128542.19,66900.0,76.0,1,87000.0
36,Male,Master,Single,29269.7,56600.0,68.0,1,70800.0
18,Male,High School,Married,58983.93,0.0,44.0,1,88500.0
41,Male,High School,Married,22208.49,0.0,40.0,1,33300.0
40,Female,Bachelor,Married,73490.3,91200.0,75.0,1,118600.0
31,Female,Bachelor,Married,38658.22,67600.0,67.0,1,75300.0
47,Male,Bachelor,Single,121765.58,0.0,62.0,1,182600.0
23,Female,Bachelor,Married,42074.2,45500.0,63.0,1,56900.0
48,Male,Bachelor,Married,78430.08,40200.0,70.0,1,52300.0
37,Male,Master,Married,72039.13,29300.0,66.0,1,36600.0
32,Female,Bachelor,Married,76671.75,36800.0,63.0,1,46000.0
35,Male,High School,Married,39697.41,48700.0,57.0,1,56000.0
34,Female,High School,Married,68717.24,125500.0,65.0,1,120400.0
49,Male,Master,Single,14773.61,19500.0,61.0,1,24400.0
24,Male,High School,Widowed,101314.24,84900.0,59.0,1,97600.0
27,Male,High School,Divorced,14859.34,0.0,25.0,0,0.0
47,Female,High School,Married,139508.63,103900.0,66.0,1,129900.0
29,Female,High School,Single,87653.88,99300.0,65.0,1,124100.0
45,Female,Bachelor,Single,25562.58,61200.0,70.0,1,79600.0
54,Male,High School,Married,39410.05,83700.0,62.0,1,61800.0
31,Male,Bachelor,Divorced,232954.82,538100.0,88.0,1,753300.0
43,Female,High School,Single,44011.14,0.0,38.0,0,0.0
23,Male,Bachelor,Married,71766.35,119500.0,71.0,1,155400.0
44,Male,Bachelor,Married,31954.01,31400.0,62.0,1,39200.0
38,Female,Bachelor,Married,121214.29,254100.0,86.0,1,355700.0
41,Male,Bachelor,Married,54089.21,0.0,58.0,1,81100.0
28,Male,High School,Married,154304.79,296300.0,73.0,1,385200.0
18,Female,Master,Single,147237.14,145100.0,73.0,1,188600.0
41,Female,High School,Single,85056.99,38400.0,57.0,1,44200.0
18,Female,High School,Single,35738.78,69900.0,51.0,1,80400.0
32,Male,Master,Divorced,25905.49,42100.0,66.0,1,52600.0
46,Male,PhD,Married,37705.17,0.0,55.0,1,56600.0
38,Female,Master,Married,42212.25,0.0,53.0,1,63300.0
57,Female,PhD,Married,89570.81,0.0,66.0,1,134400.0
47,Male,Master,Widowed,151655.94,350100.0,92.0,1,490100.0
28,Female,Bachelor,Single,13474.43,23400.0,54.0,1,26900.0
36,Female,High School,Single,35003.78,51000.0,55.0,1,58600.0
35,Male,Master,Single,68174.28,80300.0,76.0,1,104400.0
18,Female,Master,Divorced,136078.08,69100.0,71.0,1,89800.0
25,Male,High School,Married,23808.26,55800.0,58.0,1,43900.0
29,Male,Bachelor,Married,26474.55,19300.0,58.0,1,22200.0
18,Male,High School,Single,34054.67,37000.0,51.0,1,42600.0
36,Female,Master,Married,40358.18,28600.0,65.0,1,35800.0
33,Female,Bachelor,Single,53180.39,46500.0,68.0,1,58100.0
18,Female,High School,Married,52392.67,61000.0,61.0,1,76200.0
40,Female,High School,Single,158386.98,290300.0,75.0,1,377400.0
43,Male,PhD,Married,152149.86,317200.0,97.0,1,475800.0
38,Male,Bachelor,Married,133659.73,57200.0,69.0,1,71500.0
32,Male,High School,Divorced,47266.29,99000.0,66.0,1,90900.0
42,Male,Bachelor,Single,32871.68,67200.0,70.0,1,87400.0
43,Female,High School,Married,41201.6,24600.0,52.0,1,28300.0
39,Male,High School,Married,45477.97,0.0,48.0,1,68200.0
26,Male,Bachelor,Single,99234.58,48100.0,63.0,1,60100.0
39,Male,Bachelor,Married,81420.13,111200.0,81.0,1,155700.0
49,Male,High School,Married,137263.67,333700.0,76.0,1,344400.0
29,Male,Bachelor,Single,37232.14,83000.0,66.0,1,93100.0
59,Female,High School,Single,18940.62,0.0,28.0,0,0.0
30,Male,Master,Single,58509.36,33900.0,71.0,1,44100.0
36,Male,High School,Married,116808.78,266700.0,76.0,1,327600.0
28,Female,High School,Single,28070.98,0.0,34.0,0,0.0
38,Female,High School,Single,12007.06,23700.0,48.0,1,25700.0
18,Female,High School,Married,13656.93,13100.0,41.0,1,14400.0
29,Male,High School,Married,21433.96,0.0,29.0,0,0.0
23,Male,High School,Single,23977.45,45900.0,51.0,1,52800.0
37,Female,Bachelor,Married,27534.63,47500.0,67.0,1,53600.0
46,Female,High School,Widowed,59310.78,61500.0,62.0,1,76900.0
43,Male,High School,Single,51921.72,109000.0,68.0,1,111000.0
18,Male,Master,Single,48483.07,84100.0,72.0,1,109300.0
58,Male,High School,Single,52283.6,112700.0,65.0,1,100000.0
39,Male,Bachelor,Single,68750.96,76000.0,73.0,1,98800.0
27,Female,High School,Married,35725.31,19900.0,48.0,1,21900.0
37,Male,High School,Widowed,26950.88,30100.0,54.0,1,34600.0
37,Female,Bachelor,Married,33587.49,46600.0,67.0,1,58200.0
28,Male,High School,Married,10074.76,6200.0,41.0,1,6800.0
38,Female,Master,Married,35846.43,55000.0,70.0,1,71500.0
29,Male,High School,Single,22030.01,0.0,34.0,0,0.0
31,Male,Bachelor,Single,36783.86,11200.0,53.0,1,12900.0
28,Male,Bachelor,Married,66749.46,0.0,54.0,1,100100.0
20,Female,High School,Married,204040.29,118600.0,68.0,1,148200.0
37,Female,Bachelor,Single,97956.42,60100.0,74.0,1,78100.0
42,Male,Bachelor,Single,90620.1,0.0,62.0,1,135900.0
41,Female,Bachelor,Married,69824.02,0.0,58.0,1,104700.0
45,Male,Bachelor,Married,162589.44,253400.0,87.0,1,354800.0
39,Female,High School,Married,83544.47,160600.0,71.0,1,208800.0
30,Female,Bachelor,Married,70615.68,71900.0,75.0,1,93500.0
45,Female,High School,Married,84922.55,200200.0,76.0,1,213100.0
21,Male,High School,Single,41825.53,78000.0,51.0,1,89700.0
26,Male,High School,Widowed,18378.67,45500.0,48.0,1,36400.0
25,Female,PhD,Single,30350.91,49600.0,66.0,1,62000.0
47,Male,High School,Single,41025.42,53900.0,55.0,1,62000.0
46,Male,High School,Married,62625.44,124000.0,65.0,1,98200.0
41,Female,High School,Single,126293.8,0.0,52.0,1,189400.0
47,Male,High School,Married,329176.52,99300.0,65.0,1,124100.0
26,Female,High School,Married,43342.13,33300.0,48.0,1,36600.0
39,Female,High School,Married,290004.35,218300.0,72.0,1,283800.0
34,Female,High School,Married,52974.52,0.0,48.0,1,79500.0
45,Male,High School,Married,11709.44,21800.0,50.0,1,18400.0
34,Male,Bachelor,Married,58600.73,89400.0,75.0,1,116200.0
31,Male,Master,Married,32526.06,17100.0,65.0,1,21400.0
41,Male,High School,Married,13571.95,0.0,33.0,0,0.0
45,Male,Master,Widowed,77036.3,46300.0,70.0,1,60200.0
28,Male,High School,Widowed,69419.34,33000.0,46.0,1,36300.0
35,Male,Bachelor,Married,31354.82,20200.0,62.0,1,25200.0
24,Male,High School,Single,109206.45,157700.0,65.0,1,197100.0
18,Female,Master,Married,72243.67,0.0,57.0,1,108400.0
38,Male,Master,Single,37504.3,0.0,51.0,1,56300.0
42,Male,Bachelor,Married,80287.68,59600.0,76.0,1,77500.0
38,Female,Bachelor,Married,89588.09,111700.0,81.0,1,156400.0
18,Female,Bachelor,Married,55409.78,56800.0,71.0,1,73800.0
32,Male,High School,Married,91360.07,36400.0,59.0,1,41900.0
18,Female,Bachelor,Divorced,16005.33,37300.0,57.0,1,36000.0
51,Male,High School,Single,86580.22,28000.0,57.0,1,32200.0
24,Male,High School,Single,56194.26,22000.0,47.0,1,24200.0
49,Female,Bachelor,Married,79014.38,75900.0,70.0,1,98700.0
46,Female,Bachelor,Married,13834.13,27800.0,65.0,1,24100.0
26,Female,High School,Married,62604.0,86100.0,61.0,1,107600.0
23,Female,Bachelor,Divorced,175295.28,249800.0,79.0,1,324700.0
39,Female,Bachelor,Married,65745.8,109000.0,75.0,1,141700.0
26,Female,High School,Married,155279.0,60300.0,61.0,1,75400.0
37,Male,High School,Single,34646.65,83500.0,60.0,1,74100.0
30,Male,PhD,Married,39569.82,59700.0,72.0,1,77600.0
18,Male,Master,Married,29299.41,61900.0,71.0,1,80500.0
18,Male,High School,Married,84460.27,105100.0,67.0,1,131400.0
38,Male,High School,Married,139403.02,175500.0,71.0,1,228200.0
29,Female,High School,Married,117824.48,79000.0,62.0,1,98800.0
29,Female,High School,Widowed,22878.57,25000.0,50.0,1,28700.0
43,Female,High School,Married,45594.37,32200.0,60.0,1,40200.0
48,Male,Master,Married,257740.62,594900.0,95.0,1,776100.0
33,Male,Master,Married,26961.11,27600.0,70.0,1,35900.0
32,Male,Bachelor,Married,47370.55,55800.0,75.0,1,72500.0
41,Male,High School,Single,139756.16,83200.0,64.0,1,104000.0
21,Female,High School,Single,178991.01,444400.0,76.0,1,577700.0
38,Male,Bachelor,Single,31713.51,49400.0,65.0,1,61800.0
42,Female,Bachelor,Divorced,16625.36,26000.0,56.0,1,29900.0
43,Male,High School,Married,54891.18,0.0,48.0,1,82300.0
18,Male,Bachelor,Married,108442.5,194600.0,77.0,1,253000.0
27,Female,Bachelor,Married,59776.81,107500.0,71.0,1,139800.0
26,Male,Bachelor,Married,82577.32,0.0,60.0,1,123900.0
37,Male,Bachelor,Married,176451.87,163100.0,82.0,1,228300.0
41,Male,Bachelor,Married,39013.68,0.0,50.0,1,58500.0
52,Female,High School,Married,45925.03,0.0,48.0,1,68900.0
30,Female,Bachelor,Divorced,32083.5,25500.0,58.0,1,29300.0
30,Female,High School,Married,31676.15,55500.0,57.0,1,55500.0
48,Female,High School,Married,43509.61,0.0,40.0,1,65300.0
39,Female,High School,Single,18946.82,41400.0,53.0,1,40500.0
49,Female,High School,Single,154295.17,68500.0,63.0,1,85600.0
39,Female,PhD,Married,34989.85,41200.0,72.0,1,53600.0
23,Male,High School,Married,17750.02,10900.0,41.0,1,12000.0
21,Male,Master,Married,76437.39,102100.0,74.0,1,132700.0
18,Female,High School,Married,69865.01,0.0,44.0,1,104800.0
43,Male,High School,Single,83017.28,51000.0,64.0,1,63800.0
49,Male,Bachelor,Widowed,46660.26,0.0,55.0,1,70000.0
56,Female,High School,Married,21296.57,15700.0,42.0,0,15700.0
45,Male,Bachelor,Married,19283.05,45600.0,65.0,1,33600.0
48,Female,High School,Widowed,16347.54,15000.0,42.0,0,15000.0
29,Female,Bachelor,Single,167429.52,0.0,64.0,1,251100.0
23,Male,High School,Married,82259.13,76900.0,62.0,1,96100.0
45,Female,Bachelor,Single,31645.98,59600.0,65.0,1,67200.0
40,Female,High School,Married,41315.77,69800.0,57.0,1,72400.0
37,Male,Bachelor,Single,53475.21,128900.0,78.0,1,167600.0
40,Female,Bachelor,Married,32791.64,0.0,50.0,1,49200.0
39,Female,High School,Divorced,55452.52,54800.0,56.0,1,63000.0
50,Male,High School,Married,24861.16,50100.0,62.0,1,39000.0
50,Male,Bachelor,Married,42575.87,27600.0,62.0,1,34500.0
41,Male,Master,Married,123025.21,0.0,67.0,1,184500.0
45,Male,High School,Married,37740.82,75400.0,57.0,1,59200.0
41,Male,Bachelor,Widowed,61879.44,135400.0,77.0,1,176000.0
30,Female,Bachelor,Married,34514.82,62700.0,67.0,1,67200.0
44,Male,Bachelor,Married,60661.89,40500.0,70.0,1,52600.0
20,Female,PhD,Married,18912.72,19700.0,61.0,1,24600.0
47,Male,Bachelor,Single,40088.66,0.0,48.0,1,60100.0
22,Male,Master,Married,15166.39,29700.0,59.0,1,33600.0
39,Female,Bachelor,Married,167365.19,304700.0,87.0,1,426600.0
26,Female,High School,Married,258166.81,0.0,56.0,1,387300.0
42,Male,Bachelor,Married,19149.53,0.0,43.0,1,28700.0
35,Male,Master,Married,17800.77,17900.0,63.0,1,22400.0
18,Female,Master,Divorced,65519.15,148000.0,75.0,1,192400.0
40,Male,High School,Widowed,85001.31,0.0,51.0,1,127500.0
29,Male,High School,Married,70751.4,169900.0,66.0,1,130500.0
45,Male,Bachelor,Married,82808.22,77500.0,76.0,1,100800.0
36,Female,Bachelor,Married,78000.04,0.0,58.0,1,117000.0
40,Male,High School,Married,16390.89,9000.0,45.0,1,9900.0
25,Female,High School,Widowed,13917.04,16700.0,43.0,0,16700.0
29,Female,Bachelor,Single,175602.3,425800.0,86.0,1,596100.0
30,Female,Bachelor,Married,47553.57,46800.0,70.0,1,60800.0
45,Male,Master,Single,376786.98,0.0,71.0,1,565200.0
54,Male,Master,Married,67787.68,92600.0,78.0,1,120400.0
27,Male,High School,Single,78693.35,0.0,42.0,1,118000.0
47,Male,Master,Married,60035.92,97100.0,78.0,1,126200.0
18,Female,Bachelor,Married,30836.82,47900.0,63.0,1,59900.0
22,Female,Master,Divorced,26387.27,0.0,45.0,1,39600.0
25,Female,High School,Widowed,175890.67,0.0,53.0,1,263800.0
21,Female,High School,Married,22995.88,0.0,36.0,0,0.0
18,Female,Bachelor,Married,30897.09,55300.0,63.0,1,63300.0
40,Male,Master,Single,60061.54,0.0,59.0,1,90100.0
33,Female,Bachelor,Divorced,81588.46,163400.0,82.0,1,228800.0
40,Male,Bachelor,Married,16019.07,37600.0,65.0,1,31200.0
43,Female,High School,Single,52609.69,34600.0,58.0,1,39800.0
38,Male,Bachelor,Married,33707.29,0.0,50.0,1,50600.0
43,Female,Bachelor,Single,111241.48,91100.0,74.0,1,118400.0
35,Male,Bachelor,Married,91540.18,136600.0,81.0,1,191200.0
22,Female,Bachelor,Single,139009.05,0.0,58.0,1,208500.0
47,Female,High School,Married,122436.69,74100.0,66.0,1,92600.0
29,Female,Bachelor,Married,55750.0,23000.0,59.0,1,26400.0
25,Female,Bachelor,Married,105501.43,111400.0,77.0,1,144800.0
34,Male,PhD,Divorced,32434.95,79000.0,73.0,1,102700.0
25,Male,Bachelor,Married,42001.28,56300.0,63.0,1,70400.0
31,Female,Bachelor,Married,79115.82,30300.0,63.0,1,37900.0
39,Female,PhD,Divorced,90416.7,161300.0,82.0,1,225800.0
39,Male,High School,Married,77901.76,58000.0,60.0,1,72500.0
26,Male,High School,Married,23672.61,10100.0,41.0,0,10100.0
30,Male,Bachelor,Single,139320.12,284700.0,84.0,1,398600.0
47,Male,High School,Married,80102.09,102700.0,71.0,1,133500.0
41,Male,High School,Married,65398.12,160200.0,70.0,1,183400.0
58,Male,Master,Married,61951.3,116000.0,75.0,1,150800.0
48,Male,Bachelor,Married,87276.29,0.0,64.0,1,130900.0
48,Male,High School,Divorced,10351.19,25500.0,51.0,1,17800.0
20,Female,High School,Single,24437.42,54100.0,56.0,1,55000.0
44,Male,High School,Single,371472.22,369700.0,70.0,1,480600.0
35,Female,Bachelor,Married,42383.46,0.0,50.0,1,63600.0
29,Female,High School,Single,61772.95,86800.0,59.0,1,99800.0
37,Male,Master,Married,34424.53,51400.0,70.0,1,66800.0
46,Female,Bachelor,Divorced,104795.63,164800.0,77.0,1,214200.0
41,Female,High School,Married,84792.57,66000.0,66.0,1,82500.0
26,Male,High School,Married,66107.87,27800.0,49.0,1,30600.0
44,Male,Bachelor,Married,34974.03,52200.0,67.0,1,65200.0
28,Male,High School,Married,11416.72,18700.0,46.0,1,20600.0
38,Female,Bachelor,Married,72667.01,0.0,58.0,1,109000.0
32,Male,Master,Married,18349.9,27500.0,63.0,1,34400.0
33,Male,High School,Married,58262.31,37500.0,60.0,1,46900.0
44,Female,High School,Married,85326.63,0.0,54.0,1,128000.0
24,Male,Bachelor,Married,108351.44,44900.0,65.0,1,56100.0
57,Female,High School,Single,42639.77,14200.0,40.0,0,14200.0
18,Male,High School,Single,76650.49,103600.0,59.0,1,119100.0
29,Female,High School,Married,82388.29,144700.0,67.0,1,152000.0
40,Male,Master,Divorced,18389.05,44000.0,64.0,1,42500.0
42,Male,Master,Married,64279.05,0.0,61.0,1,96400.0
34,Male,High School,Single,29626.19,20700.0,50.0,1,23800.0
35,Female,Bachelor,Single,18808.88,43200.0,63.0,1,44700.0
40,Male,High School,Married,28857.77,64500.0,62.0,1,50600.0
33,Female,Bachelor,Single,10742.28,0.0,41.0,0,0.0
51,Female,High School,Single,112230.61,162700.0,69.0,1,203400.0
45,Female,High School,Married,78985.53,110500.0,65.0,1,123900.0
45,Male,Bachelor,Married,19518.65,24800.0,60.0,1,31000.0
25,Female,High School,Married,28361.97,0.0,36.0,0,0.0
35,Female,High School,Married,59756.54,0.0,48.0,1,89600.0
32,Male,Master,Married,69720.23,160200.0,83.0,1,224300.0
24,Female,Bachelor,Married,13143.62,13600.0,56.0,1,15600.0
39,Female,Bachelor,Married,17274.08,28500.0,60.0,1,33600.0
30,Female,Master,Single,115383.92,0.0,65.0,1,173100.0
43,Male,Bachelor,Married,24780.13,48100.0,67.0,1,48300.0
24,Female,High School,Single,25561.14,55100.0,56.0,1,57500.0
54,Male,High School,Single,13006.6,0.0,31.0,0,0.0
26,Male,High School,Single,52555.76,24500.0,47.0,1,27000.0
38,Male,High School,Widowed,88845.42,0.0,51.0,1,133300.0
44,Male,Bachelor,Married,74626.67,31400.0,63.0,1,39200.0
29,Female,High School,Married,12151.1,25500.0,51.0,1,22400.0
45,Male,High School,Single,64075.64,101700.0,63.0,1,122500.0
22,Male,High School,Single,28189.98,62500.0,56.0,1,63400.0
51,Male,High School,Married,75803.83,85900.0,65.0,1,107400.0
36,Male,Bachelor,Married,84027.44,71500.0,76.0,1,93000.0
29,Female,High School,Married,268181.85,634300.0,78.0,1,791700.0
32,Female,High School,Single,64297.67,146700.0,68.0,1,137400.0
44,Male,PhD,Married,62930.98,0.0,63.0,1,94400.0
29,Female,Bachelor,Widowed,65215.11,0.0,51.0,1,97800.0
27,Male,Bachelor,Single,22824.59,53400.0,66.0,1,57100.0
33,Female,Bachelor,Married,71667.21,0.0,58.0,1,107500.0
23,Female,Bachelor,Single,43896.87,99400.0,66.0,1,109700.0
56,Male,High School,Single,80339.51,103200.0,66.0,1,129000.0
29,Female,High School,Married,41812.46,17800.0,41.0,0,17800.0
45,Male,Bachelor,Married,27270.13,41000.0,67.0,1,47500.0
38,Male,High School,Married,72323.1,170600.0,70.0,1,202800.0
25,Female,High School,Married,85183.67,125600.0,67.0,1,157000.0
35,Female,High School,Married,48087.28,29100.0,60.0,1,36400.0
44,Male,High School,Single,84476.45,107000.0,69.0,1,133800.0
33,Female,Master,Single,23483.52,12500.0,63.0,1,15600.0
49,Female,High School,Divorced,178476.16,283400.0,73.0,1,368400.0
47,Male,High School,Married,11007.06,0.0,33.0,0,0.0
46,Male,Bachelor,Married,30463.23,53600.0,67.0,1,53100.0
30,Female,Bachelor,Married,10655.78,4400.0,48.0,1,4800.0
24,Male,Bachelor,Single,47554.78,103000.0,74.0,1,133900.0
29,Male,High School,Divorced,41924.54,97100.0,54.0,1,84900.0
38,Female,Bachelor,Married,23462.96,21800.0,62.0,1,27200.0
42,Female,Bachelor,Single,80667.97,163200.0,84.0,1,228500.0
18,Male,High School,Married,85809.65,117000.0,67.0,1,146200.0
35,Female,High School,Single,87077.24,127900.0,69.0,1,159900.0
37,Male,Master,Single,83881.97,70000.0,77.0,1,91000.0
32,Male,High School,Single,390136.15,885000.0,80.0,1,1239000.0
50,Female,High School,Single,94661.41,228000.0,74.0,1,289700.0
40,Female,High School,Single,44922.0,78200.0,55.0,1,89900.0
50,Male,High School,Single,45921.99,29100.0,58.0,1,33500.0
33,Male,High School,Single,52493.14,77500.0,63.0,1,96900.0
46,Female,High School,Single,10971.38,0.0,31.0,0,0.0
53,Male,High School,Single,18927.94,24500.0,48.0,1,27000.0
50,Male,High School,Single,48916.28,87300.0,63.0,1,93600.0
23,Male,High School,Married,58170.85,26500.0,49.0,1,29200.0
33,Female,Bachelor,Married,73713.44,55100.0,70.0,1,71600.0
32,Male,Bachelor,Married,33454.39,0.0,50.0,1,50200.0
41,Male,High School,Single,102260.29,0.0,52.0,1,153400.0
43,Male,PhD,Divorced,68469.09,111200.0,76.0,1,144600.0
26,Male,Bachelor,Married,120659.64,107100.0,72.0,1,139200.0
36,Male,Bachelor,Married,17031.27,38900.0,65.0,1,33200.0
18,Male,High School,Married,69232.32,147700.0,66.0,1,127700.0
51,Male,Master,Single,89527.82,207900.0,87.0,1,291100.0
30,Female,Master,Married,20362.21,0.0,46.0,1,30500.0
36,Male,High School,Married,22084.35,0.0,40.0,0,0.0
32,Male,Bachelor,Married,26048.27,16000.0,62.0,1,20000.0
48,Female,Bachelor,Married,380890.26,843400.0,92.0,1,1061900.0
18,Female,High School,Married,69275.58,78100.0,61.0,1,97600.0
35,Female,Bachelor,Married,39467.77,94800.0,72.0,1,123000.0
34,Male,High School,Single,67657.8,20500.0,51.0,1,23600.0
31,Male,High School,Married,80359.39,145900.0,71.0,1,189700.0
54,Female,High School,Single,25053.79,62400.0,60.0,1,47900.0
26,Female,Bachelor,Single,342338.4,625300.0,81.0,1,875400.0
44,Male,Bachelor,Married,168264.63,312000.0,87.0,1,436800.0
39,Male,Master,Single,28109.93,49700.0,68.0,1,62100.0
49,Female,Bachelor,Divorced,61576.46,151100.0,76.0,1,188400.0
28,Male,High School,Married,71576.18,134500.0,61.0,1,132100.0
27,Male,High School,Married,41969.57,58500.0,53.0,1,67300.0
48,Male,Master,Single,171701.5,145100.0,83.0,1,203100.0
40,Female,Bachelor,Single,138098.31,277500.0,84.0,1,388500.0
19,Female,Bachelor,Married,74612.94,48800.0,66.0,1,61000.0
30,Female,High School,Married,42076.94,0.0,40.0,1,63100.0
40,Male,Bachelor,Single,12775.57,25300.0,58.0,1,29100.0
45,Male,High School,Married,40979.93,45500.0,57.0,1,52300.0
28,Male,High School,Married,13142.25,0.0,29.0,0,0.0
18,Female,Bachelor,Married,142290.36,282800.0,77.0,1,367600.0
41,Female,Bachelor,Widowed,174119.85,384600.0,89.0,1,538400.0
22,Female,High School,Single,16137.94,8600.0,39.0,0,8600.0
18,Male,Bachelor,Married,49203.47,59700.0,71.0,1,77600.0
18,Female,High School,Divorced,42603.63,15000.0,37.0,0,15000.0
44,Male,High School,Single,17019.63,36100.0,53.0,1,36400.0
37,Male,Master,Married,23636.47,7500.0,58.0,1,8600.0
33,Male,High School,Married,22242.16,25800.0,57.0,1,29700.0
51,Male,Master,Married,13135.39,30000.0,68.0,1,24700.0
43,Female,Bachelor,Married,24766.64,39200.0,67.0,1,48200.0
53,Male,High School,Widowed,73279.56,151400.0,67.0,1,123300.0
20,Female,Bachelor,Married,35724.46,21300.0,58.0,1,24500.0
35,Male,High School,Married,82839.65,45800.0,66.0,1,57200.0
18,Male,High School,Married,136202.52,147100.0,67.0,1,183900.0
33,Male,Bachelor,Married,13037.45,23200.0,60.0,1,25400.0
33,Male,High School,Single,47262.72,31200.0,58.0,1,35900.0
42,Male,High School,Single,22241.61,9900.0,43.0,1,10900.0
36,Male,Bachelor,Married,86660.02,0.0,64.0,1,130000.0
42,Male,Bachelor,Married,25323.79,23800.0,62.0,1,29800.0
43,Female,Bachelor,Married,67463.76,112900.0,75.0,1,146800.0
59,Female,Bachelor,Married,80765.23,141400.0,78.0,1,183800.0
32,Female,Bachelor,Married,43358.56,16700.0,55.0,1,19200.0
25,Male,Master,Married,26639.0,41200.0,66.0,1,51500.0
38,Male,High School,Single,55436.96,41100.0,58.0,1,47300.0
27,Male,Bachelor,Married,26134.24,13000.0,51.0,1,14900.0
52,Female,High School,Single,25655.41,0.0,38.0,1,19600.0
32,Male,PhD,Single,65472.98,133800.0,83.0,1,187300.0
29,Male,High School,Married,36625.82,89100.0,58.0,1,67600.0
30,Female,Master,Single,38244.0,53100.0,68.0,1,66400.0
43,Male,Bachelor,Single,59723.94,134500.0,78.0,1,174800.0
34,Female,Bachelor,Married,73071.51,173900.0,80.0,1,227700.0
28,Male,Bachelor,Married,45106.59,57500.0,71.0,1,74800.0
54,Male,High School,Married,169944.58,105300.0,72.0,1,136900.0
26,Female,Bachelor,Widowed,168277.7,0.0,63.0,1,252400.0
36,Male,High School,Married,34513.97,39800.0,57.0,1,45800.0
43,Male,Master,Married,55951.66,72700.0,78.0,1,94500.0
18,Male,Bachelor,Married,88750.24,152500.0,77.0,1,198200.0
41,Female,Bachelor,Married,162957.74,280200.0,87.0,1,392300.0
24,Female,High School,Single,91525.86,136800.0,65.0,1,171000.0
45,Female,High School,Married,66133.85,53100.0,60.0,1,66400.0
25,Female,Bachelor,Single,49593.52,54500.0,69.0,1,68100.0
43,Male,High School,Single,25041.54,0.0,38.0,0,0.0
48,Male,Master,Married,22030.09,38800.0,70.0,1,50400.0
45,Male,Bachelor,Married,75947.07,0.0,58.0,1,113900.0
38,Female,High School,Married,13030.25,0.0,33.0,0,0.0
33,Male,Bachelor,Married,29011.38,26800.0,62.0,1,33500.0
29,Female,Bachelor,Married,94233.03,135700.0,77.0,1,176400.0
52,Female,Bachelor,Married,181747.79,357400.0,87.0,1,500400.0
28,Female,Bachelor,Single,19512.67,0.0,37.0,0,0.0
24,Male,High School,Married,149526.86,289100.0,67.0,1,275900.0
43,Male,High School,Single,124408.66,242100.0,69.0,1,265900.0
27,Male,Bachelor,Married,48145.42,40000.0,66.0,1,50000.0
25,Male,High School,Married,39843.59,89500.0,58.0,1,73500.0
20,Female,Bachelor,Single,173372.01,72100.0,69.0,1,90100.0
30,Male,Bachelor,Married,16329.18,0.0,43.0,1,24500.0
35,Female,Master,Divorced,102505.25,50700.0,68.0,1,63400.0
38,Female,PhD,Married,37008.26,60000.0,72.0,1,78000.0
46,Female,Bachelor,Married,48218.28,19500.0,63.0,1,24400.0
41,Male,High School,Married,25807.15,0.0,40.0,0,0.0
33,Male,Bachelor,Married,66182.96,24800.0,63.0,1,31000.0
33,Male,High School,Single,112412.98,74600.0,64.0,1,93200.0
41,Male,High School,Married,43394.93,84900.0,57.0,1,76100.0
49,Male,Bachelor,Married,81399.19,78600.0,76.0,1,102200.0
37,Male,Bachelor,Married,114909.02,0.0,64.0,1,172400.0
30,Female,High School,Married,176741.48,0.0,60.0,1,265100.0
25,Male,High School,Single,124046.55,182000.0,65.0,1,227500.0
20,Male,Bachelor,Widowed,70576.79,164900.0,73.0,1,214400.0
43,Male,Master,Single,70380.58,85100.0,76.0,1,110600.0
42,Female,High School,Single,36940.48,37700.0,55.0,1,43400.0
42,Female,High School,Married,55963.29,135700.0,70.0,1,156900.0
34,Male,Master,Married,43207.18,53300.0,70.0,1,69300.0
51,Female,High School,Married,28110.58,51700.0,57.0,1,44100.0
30,Female,Bachelor,Married,17978.09,41800.0,65.0,1,35000.0
46,Female,Bachelor,Married,79459.24,25700.0,63.0,1,32100.0
35,Male,High School,Single,42274.76,65600.0,55.0,1,75400.0
29,Female,Bachelor,Married,32509.53,60800.0,63.0,1,66600.0
42,Male,Master,Married,18540.22,22700.0,63.0,1,28400.0
40,Female,High School,Single,23963.93,0.0,38.0,0,0.0
39,Male,High School,Divorced,160021.78,331900.0,78.0,1,431500.0
36,Female,Bachelor,Single,79004.56,78600.0,68.0,1,98200.0
35,Female,High School,Married,63477.21,64200.0,65.0,1,80200.0
62,Male,Bachelor,Divorced,13761.49,6800.0,41.0,0,6800.0
49,Female,Master,Single,62109.0,149100.0,81.0,1,208700.0
43,Male,Master,Single,49075.49,18300.0,64.0,1,22900.0
37,Male,High School,Married,36669.53,49000.0,57.0,1,56300.0
47,Male,High School,Single,380867.09,560700.0,75.0,1,728900.0
41,Female,High School,Married,149915.36,91500.0,66.0,1,114400.0
36,Male,Master,Married,307714.54,0.0,73.0,1,461600.0
32,Male,High School,Widowed,44786.19,42500.0,49.0,1,46800.0
35,Female,High School,Married,138765.43,286600.0,76.0,1,372600.0
18,Female,Bachelor,Married,29954.12,0.0,46.0,1,44900.0
38,Female,Bachelor,Single,76709.76,0.0,56.0,1,115100.0
30,Male,High School,Single,136928.48,172000.0,69.0,1,215000.0
53,Male,High School,Single,44358.06,20700.0,43.0,1,22800.0
36,Male,Bachelor,Married,20775.46,22600.0,60.0,1,28200.0
22,Female,Bachelor,Single,21362.1,25500.0,54.0,1,29300.0
35,Male,Bachelor,Married,45045.99,57800.0,75.0,1,75100.0
24,Male,High School,Married,60039.5,0.0,44.0,1,90100.0
41,Female,High School,Married,73224.92,0.0,48.0,1,109800.0
39,Male,Bachelor,Married,58874.34,38800.0,70.0,1,50400.0
46,Male,Master,Married,149079.94,0.0,67.0,1,223600.0
27,Male,High School,Single,154345.65,174800.0,71.0,1,227200.0
36,Male,High School,Single,36335.53,22300.0,50.0,1,25600.0
20,Male,Bachelor,Married,32540.0,56200.0,63.0,1,66700.0
43,Male,Bachelor,Married,152707.75,85300.0,82.0,1,119400.0
41,Female,High School,Single,80116.94,24900.0,57.0,1,28600.0
41,Male,Bachelor,Married,76323.99,125800.0,75.0,1,163500.0
36,Male,PhD,Married,163080.3,78600.0,80.0,1,110000.0
40,Female,Bachelor,Single,87626.34,37900.0,67.0,1,47400.0
53,Female,High School,Married,49613.01,24200.0,53.0,1,27800.0
32,Female,Bachelor,Married,42847.65,101100.0,72.0,1,131400.0
37,Female,High School,Single,114616.69,61000.0,64.0,1,76200.0
24,Female,High School,Married,16765.23,36000.0,51.0,1,30900.0
26,Male,Bachelor,Widowed,43674.54,87700.0,65.0,1,96100.0
37,Female,Bachelor,Married,145806.54,313600.0,86.0,1,439000.0
48,Male,Master,Divorced,48787.67,79600.0,74.0,1,103500.0
33,Male,High School,Married,67465.23,43300.0,60.0,1,54100.0
33,Male,High School,Married,85245.67,170100.0,71.0,1,221100.0
31,Male,Master,Married,31478.17,48600.0,70.0,1,63200.0
30,Male,High School,Single,83158.11,128900.0,69.0,1,161100.0
39,Male,High School,Single,80738.24,0.0,52.0,1,121100.0
19,Male,Bachelor,Married,42847.94,0.0,46.0,1,64300.0
50,Female,PhD,Married,56838.31,53500.0,75.0,1,69600.0
28,Female,Bachelor,Married,15958.66,39700.0,61.0,1,32700.0
43,Female,High School,Married,60084.46,133500.0,70.0,1,168500.0
22,Female,Bachelor,Single,69042.08,75300.0,69.0,1,94100.0
43,Male,PhD,Married,45860.53,113300.0,85.0,1,158600.0
43,Female,Bachelor,Married,111750.58,50600.0,69.0,1,63200.0
40,Male,High School,Single,44402.83,47400.0,55.0,1,54500.0
25,Male,Bachelor,Divorced,72140.86,109800.0,67.0,1,137200.0
38,Male,Master,Married,12079.9,20100.0,63.0,1,25100.0
22,Male,Bachelor,Single,67874.3,140600.0,74.0,1,182800.0
33,Male,Bachelor,Married,38053.7,73100.0,67.0,1,74100.0
47,Male,High School,Married,72167.45,130900.0,65.0,1,113200.0
44,Male,Bachelor,Married,16023.09,39200.0,65.0,1,31200.0
36,Male,Bachelor,Widowed,328271.42,530600.0,84.0,1,742800.0
25,Male,High School,Married,52512.45,16500.0,49.0,1,18200.0
43,Female,High School,Married,32078.3,53100.0,57.0,1,56200.0
36,Male,High School,Divorced,78761.75,155100.0,61.0,1,151500.0
18,Male,Master,Single,71075.51,164900.0,77.0,1,214400.0
44,Female,Bachelor,Single,379381.48,441300.0,85.0,1,617800.0
35,Female,Bachelor,Married,64969.24,26900.0,63.0,1,33600.0
49,Male,Bachelor,Married,25040.12,14500.0,62.0,1,18100.0
23,Female,Bachelor,Married,190727.02,438200.0,88.0,1,613500.0
18,Male,Master,Married,32981.22,78900.0,71.0,1,102600.0
39,Male,High School,Married,64690.78,52500.0,60.0,1,65600.0
39,Male,Bachelor,Married,56543.08,101000.0,75.0,1,131300.0
18,Female,Bachelor,Married,35581.86,0.0,46.0,1,53400.0
25,Male,High School,Married,235038.67,0.0,56.0,1,352600.0
66,Female,High School,Single,26975.38,11100.0,40.0,0,11100.0
32,Male,High School,Married,36311.01,0.0,40.0,0,0.0
44,Female,Bachelor,Married,43733.67,58500.0,67.0,1,73100.0
28,Male,Bachelor,Married,108249.71,216500.0,82.0,1,303100.0
18,Male,Bachelor,Single,26204.91,37600.0,61.0,1,47000.0
34,Male,High School,Single,16232.2,35500.0,53.0,1,34700.0
33,Female,High School,Married,11433.26,19300.0,50.0,1,20000.0
31,Male,Master,Widowed,28764.02,28900.0,67.0,1,36100.0
34,Female,High School,Divorced,89584.19,125100.0,67.0,1,156400.0
38,Female,Bachelor,Married,20092.52,41000.0,65.0,1,39100.0
34,Male,High School,Married,18473.47,16400.0,45.0,1,18000.0
22,Female,High School,Single,10312.29,0.0,27.0,0,0.0
41,Female,Master,Married,56928.31,105800.0,78.0,1,137500.0
18,Male,PhD,Married,35102.38,11200.0,56.0,1,12900.0
18,Male,High School,Married,76962.64,0.0,44.0,1,115400.0
44,Male,High School,Single,18020.5,26100.0,48.0,1,28700.0
41,Male,High School,Married,106691.56,249700.0,76.0,1,299200.0
35,Male,High School,Married,32724.58,10600.0,45.0,1,11700.0
20,Male,Bachelor,Single,53932.79,118400.0,74.0,1,153900.0
28,Female,Bachelor,Married,173121.31,345300.0,83.0,1,483400.0
33,Male,Bachelor,Single,302631.44,530900.0,85.0,1,743300.0
18,Female,Bachelor,Married,62561.67,101100.0,71.0,1,131400.0
27,Male,High School,Married,43114.43,69800.0,53.0,1,79500.0
43,Male,Bachelor,Married,42791.1,91800.0,72.0,1,119300.0
51,Female,Master,Married,16049.21,39900.0,68.0,1,30200.0
31,Female,Bachelor,Widowed,151810.01,0.0,67.0,1,227700.0
44,Male,Master,Single,29333.43,45400.0,68.0,1,56800.0
18,Male,Bachelor,Single,58844.85,41200.0,64.0,1,51500.0
43,Male,Bachelor,Married,69730.3,0.0,58.0,1,104600.0
27,Female,Master,Single,166198.02,111800.0,79.0,1,145300.0
39,Male,Bachelor,Married,71872.2,23200.0,63.0,1,29000.0
33,Female,Bachelor,Married,15508.47,29300.0,60.0,1,30200.0
50,Female,High School,Married,74886.37,72900.0,60.0,1,91100.0
26,Male,Master,Single,40682.74,90100.0,69.0,1,109800.0
42,Male,High School,Married,80430.41,111100.0,71.0,1,144400.0
32,Male,Bachelor,Widowed,123353.66,255200.0,83.0,1,357300.0
34,Male,Bachelor,Married,174209.33,0.0,70.0,1,261300.0
33,Male,Bachelor,Widowed,10189.1,21700.0,62.0,1,21300.0
26,Male,Bachelor,Single,15409.47,0.0,37.0,0,0.0
35,Female,Bachelor,Single,85838.64,0.0,62.0,1,128800.0
35,Male,High School,Widowed,76320.27,0.0,45.0,1,114500.0
38,Female,Master,Married,38191.81,36300.0,65.0,1,45400.0
36,Male,Bachelor,Single,52041.17,58400.0,73.0,1,75900.0
44,Male,Master,Married,16984.67,22900.0,63.0,1,28600.0
46,Female,High School,Married,88512.7,0.0,54.0,1,132800.0
24,Female,Bachelor,Married,109039.31,128400.0,77.0,1,166900.0
45,Male,Bachelor,Married,59723.14,0.0,58.0,1,89600.0
22,Female,High School,Single,14663.47,4500.0,32.0,0,4500.0
42,Female,Bachelor,Married,259175.32,575400.0,92.0,1,807600.0
42,Female,High School,Married,36422.14,0.0,40.0,1,54600.0
18,Male,Bachelor,Married,27395.19,18500.0,58.0,1,21300.0
37,Female,Bachelor,Married,16068.27,36700.0,65.0,1,31300.0
30,Female,Bachelor,Married,31205.5,58900.0,67.0,1,60800.0
27,Female,Bachelor,Single,36823.05,73000.0,61.0,1,91200.0
50,Female,High School,Married,55887.34,0.0,48.0,1,83800.0
28,Female,Bachelor,Single,69890.61,0.0,52.0,1,104800.0
27,Male,High School,Single,78316.48,127900.0,59.0,1,147100.0
36,Male,Bachelor,Married,152365.95,291900.0,87.0,1,408700.0
43,Male,High School,Single,363541.5,379700.0,75.0,1,493600.0
34,Male,Bachelor,Married,43991.69,65000.0,67.0,1,81200.0
48,Male,Bachelor,Single,41641.28,15800.0,53.0,1,18200.0
41,Female,Master,Married,87219.24,0.0,67.0,1,130800.0
18,Male,Bachelor,Widowed,45787.91,100000.0,73.0,1,130000.0
30,Female,High School,Single,17547.18,30600.0,48.0,1,33700.0
29,Female,Bachelor,Married,57047.66,121000.0,76.0,1,157300.0
41,Male,Bachelor,Married,81404.79,124900.0,81.0,1,174900.0
18,Female,High School,Single,360188.36,0.0,54.0,1,540300.0
64,Male,High School,Married,47149.59,98700.0,67.0,1,65200.0
41,Female,Bachelor,Single,71799.99,29000.0,61.0,1,36200.0
37,Female,High School,Single,83289.7,0.0,52.0,1,124900.0
48,Male,High School,Married,17048.96,28000.0,50.0,1,26700.0
61,Male,High School,Single,64149.3,24300.0,48.0,1,26700.0
45,Male,High School,Married,48455.1,50300.0,65.0,1,62900.0
46,Female,High School,Single,18763.26,27000.0,48.0,1,29700.0
37,Female,Bachelor,Single,48358.86,0.0,56.0,1,72500.0
34,Male,High School,Single,35752.03,35000.0,50.0,1,40200.0
30,Female,High School,Married,86293.21,28700.0,59.0,1,33000.0
26,Male,High School,Married,31639.54,28400.0,48.0,1,31200.0
28,Male,Bachelor,Married,19241.98,47200.0,61.0,1,39400.0
21,Female,Master,Married,40395.65,0.0,49.0,1,60600.0
35,Male,Bachelor,Married,22237.84,0.0,50.0,1,33400.0
18,Female,Bachelor,Married,86172.3,0.0,60.0,1,129300.0
38,Female,Bachelor,Widowed,12265.36,0.0,40.0,0,0.0
35,Female,High School,Married,28502.06,67300.0,62.0,1,50000.0
37,Male,High School,Divorced,168369.72,161700.0,68.0,1,202100.0
30,Male,High School,Married,151793.21,160800.0,77.0,1,209000.0
69,Male,High School,Married,61733.61,59700.0,57.0,1,68700.0
50,Female,High School,Married,48954.58,62300.0,65.0,1,76800.0
22,Female,Bachelor,Married,62380.47,28800.0,59.0,1,33100.0
38,Male,High School,Married,44225.64,92700.0,62.0,1,77500.0
29,Female,Master,Married,203015.53,97500.0,74.0,1,126800.0
24,Male,Master,Married,83075.93,112400.0,80.0,1,157400.0
21,Male,PhD,Married,29481.93,0.0,51.0,1,44200.0
40,Male,High School,Widowed,37054.96,64500.0,54.0,1,69700.0
28,Male,Master,Single,73419.46,94700.0,72.0,1,123100.0
46,Male,Bachelor,Married,29488.55,8900.0,55.0,1,10200.0
46,Male,Master,Single,23248.74,29000.0,68.0,1,36200.0
51,Female,Bachelor,Single,51696.84,56900.0,73.0,1,74000.0
26,Female,Bachelor,Divorced,35014.52,80900.0,64.0,1,78800.0
41,Male,High School,Married,87698.61,141900.0,71.0,1,184500.0
42,Female,High School,Married,173319.13,367400.0,82.0,1,486100.0
30,Male,High School,Married,11361.67,7000.0,45.0,1,7700.0
27,Male,Master,Married,20502.75,0.0,42.0,1,30800.0
53,Female,High School,Single,111042.85,78000.0,64.0,1,97500.0
38,Female,High School,Single,42927.04,102000.0,60.0,1,91800.0
42,Female,Master,Married,19101.92,9900.0,58.0,1,11400.0
26,Female,High School,Single,176513.75,240700.0,71.0,1,312900.0
22,Female,Master,Single,32159.75,15000.0,52.0,1,17200.0
29,Male,Bachelor,Married,38826.46,76500.0,63.0,1,79600.0
34,Female,High School,Married,38911.32,0.0,40.0,0,0.0
24,Male,High School,Single,134655.46,221600.0,65.0,1,277000.0
35,Female,Bachelor,Married,88853.34,0.0,64.0,1,133300.0
18,Male,PhD,Married,55964.8,0.0,59.0,1,83900.0
23,Male,Master,Single,89379.63,53100.0,73.0,1,69000.0
43,Female,High School,Married,19745.42,0.0,33.0,0,0.0
42,Male,High School,Married,145448.75,104100.0,66.0,1,130100.0
31,Female,High School,Married,48401.39,65800.0,65.0,1,82200.0
24,Male,Bachelor,Divorced,27965.34,0.0,42.0,1,41900.0
24,Female,High School,Single,165715.4,194600.0,71.0,1,253000.0
31,Male,High School,Married,155533.83,355900.0,82.0,1,436200.0
43,Male,Bachelor,Married,88321.16,177100.0,86.0,1,247900.0
46,Male,Bachelor,Single,267293.2,519400.0,85.0,1,727200.0
30,Female,High School,Single,42572.44,85900.0,60.0,1,91000.0
23,Female,Bachelor,Married,83782.17,156100.0,77.0,1,202900.0
38,Female,Bachelor,Single,44221.09,33000.0,60.0,1,41200.0
26,Female,Bachelor,Married,57260.26,122800.0,76.0,1,159600.0
30,Female,Bachelor,Married,134507.91,151600.0,81.0,1,212200.0
50,Female,Bachelor,Married,48643.35,43400.0,70.0,1,56400.0
45,Male,Bachelor,Married,71591.26,152700.0,80.0,1,199600.0
37,Male,Master,Single,18787.87,0.0,44.0,1,28200.0
22,Male,Bachelor,Married,55710.53,0.0,54.0,1,83600.0
38,Male,Bachelor,Divorced,12035.83,27100.0,61.0,1,25700.0
47,Male,Bachelor,Single,17674.37,26300.0,58.0,1,30200.0
31,Male,Bachelor,Married,62690.75,22100.0,63.0,1,27600.0
50,Female,High School,Single,64195.39,0.0,46.0,1,96300.0
50,Female,High School,Married,32835.76,0.0,40.0,0,0.0
54,Female,Bachelor,Married,68016.35,44600.0,70.0,1,58000.0
39,Female,High School,Divorced,53798.67,0.0,44.0,1,80700.0
42,Male,High School,Married,70998.21,57000.0,60.0,1,71200.0
51,Male,Bachelor,Married,10829.16,8500.0,55.0,1,9800.0
40,Male,High School,Single,50107.98,23500.0,51.0,1,27000.0
30,Male,Bachelor,Married,77018.78,102100.0,75.0,1,132700.0
31,Male,Bachelor,Married,77914.55,0.0,58.0,1,116900.0
38,Male,High School,Married,113968.88,94400.0,66.0,1,118000.0
21,Male,High School,Married,53311.33,0.0,44.0,1,80000.0
34,Female,High School,Widowed,94859.35,148000.0,68.0,1,178400.0
48,Female,High School,Single,272154.95,208700.0,70.0,1,271300.0
18,Male,High School,Single,67907.02,105500.0,59.0,1,121300.0
52,Male,High School,Widowed,42687.56,61900.0,54.0,1,71200.0
48,Female,Bachelor,Married,10029.52,8000.0,55.0,1,9200.0
30,Male,Bachelor,Married,126527.51,42700.0,69.0,1,53400.0
41,Male,Bachelor,Single,15031.38,18000.0,58.0,1,20700.0
36,Male,Bachelor,Single,20638.65,20900.0,58.0,1,24000.0
49,Male,High School,Single,107643.58,99300.0,64.0,1,124100.0
46,Male,High School,Single,47978.43,88100.0,63.0,1,91800.0
20,Female,High School,Married,30777.03,57300.0,53.0,1,56800.0
42,Male,Master,Married,314709.85,736000.0,95.0,1,1059100.0
33,Male,Master,Married,83616.5,30100.0,72.0,1,39100.0
36,Male,High School,Single,57106.02,131500.0,68.0,1,122100.0
27,Female,Bachelor,Married,27780.16,49500.0,63.0,1,56900.0
55,Male,PhD,Married,59668.95,104500.0,80.0,1,146300.0
47,Male,Bachelor,Single,50320.49,124900.0,78.0,1,162400.0
27,Female,Bachelor,Married,88974.69,41900.0,65.0,1,52400.0
21,Male,High School,Married,34434.21,0.0,36.0,0,0.0
31,Male,High School,Widowed,57250.04,0.0,45.0,1,85900.0
40,Male,Bachelor,Single,61278.17,40200.0,68.0,1,50200.0
38,Female,Bachelor,Single,167936.05,335200.0,85.0,1,469300.0
49,Female,Bachelor,Married,75317.6,82000.0,75.0,1,106600.0
44,Male,High School,Single,16638.47,14200.0,43.0,1,15600.0
46,Male,Master,Married,38670.57,60700.0,70.0,1,78900.0
39,Male,Master,Divorced,79012.04,106600.0,74.0,1,138600.0
20,Female,High School,Single,53739.48,34700.0,54.0,1,39900.0
33,Male,High School,Single,25649.63,48900.0,55.0,1,54800.0
47,Female,Bachelor,Single,44234.02,43600.0,60.0,1,54500.0
35,Female,High School,Married,12228.71,16900.0,50.0,1,19400.0
41,Female,High School,Married,32689.52,30600.0,52.0,1,35200.0
32,Female,High School,Married,21793.37,27600.0,50.0,1,31700.0
24,Female,Master,Married,127549.12,108300.0,75.0,1,140800.0
34,Male,Master,Married,68168.21,0.0,61.0,1,102300.0
39,Male,High School,Married,355639.97,232400.0,72.0,1,302100.0
28,Male,Master,Married,120635.41,111200.0,75.0,1,144600.0
33,Male,Bachelor,Married,64396.52,49500.0,70.0,1,64400.0
25,Female,High School,Single,59947.8,65600.0,59.0,1,75400.0
48,Male,Master,Single,115865.71,0.0,65.0,1,173800.0
32,Female,Bachelor,Single,32851.82,45700.0,65.0,1,57100.0
51,Male,Master,Married,39155.36,48300.0,70.0,1,62800.0
52,Female,Bachelor,Married,41947.63,65400.0,67.0,1,73100.0
35,Male,Bachelor,Single,15641.38,31700.0,63.0,1,37100.0
24,Male,High School,Married,29383.08,28000.0,48.0,1,30800.0
18,Male,High School,Married,20939.11,43500.0,51.0,1,38600.0
19,Female,Bachelor,Single,14031.11,11900.0,49.0,1,13100.0
20,Male,Master,Married,79875.21,173000.0,79.0,1,224900.0
51,Male,Bachelor,Married,78687.88,167900.0,80.0,1,219400.0
37,Male,High School,Single,47239.91,0.0,46.0,1,70900.0
40,Female,High School,Widowed,12131.67,13200.0,47.0,1,14500.0
18,Male,Master,Single,35175.48,0.0,47.0,1,52800.0
22,Female,High School,Married,20411.53,0.0,29.0,0,0.0
45,Male,High School,Widowed,71729.69,34500.0,50.0,1,39700.0
39,Male,Bachelor,Married,156843.91,318500.0,92.0,1,477800.0
34,Female,Master,Married,18812.94,11200.0,58.0,1,12900.0
42,Male,Bachelor,Divorced,15932.4,33400.0,61.0,1,34100.0
53,Female,High School,Single,34898.45,79700.0,60.0,1,66700.0
33,Male,High School,Single,23639.48,33800.0,55.0,1,38900.0
36,Female,Bachelor,Married,43337.84,84800.0,67.0,1,84400.0
38,Female,Master,Married,37509.96,28000.0,65.0,1,35000.0
62,Female,PhD,Married,25553.43,51000.0,69.0,1,45200.0
18,Male,Bachelor,Widowed,233681.23,0.0,63.0,1,350500.0
43,Male,Bachelor,Single,90418.69,50000.0,74.0,1,65000.0
34,Female,High School,Married,56880.35,80100.0,65.0,1,99700.0
42,Female,High School,Divorced,118495.93,235300.0,67.0,1,228000.0
28,Male,High School,Married,18197.67,9200.0,41.0,0,9200.0
35,Male,PhD,Widowed,15719.89,0.0,45.0,1,23600.0
43,Male,High School,Single,41383.91,85400.0,60.0,1,88500.0
70,Female,High School,Divorced,48905.42,52200.0,58.0,1,60000.0
44,Male,Master,Divorced,153631.96,175200.0,86.0,1,245300.0
26,Male,High School,Single,42122.57,38100.0,46.0,1,41900.0
31,Male,High School,Married,15055.92,10700.0,45.0,1,11800.0
31,Male,Bachelor,Married,115986.02,279200.0,86.0,1,361400.0
18,Male,Bachelor,Single,32248.04,59600.0,61.0,1,74500.0
32,Female,Bachelor,Single,80497.91,33500.0,67.0,1,41900.0
44,Male,Master,Single,86356.86,202200.0,87.0,1,283100.0
21,Female,High School,Married,23508.52,13000.0,48.0,1,14300.0
47,Male,Master,Married,68783.34,0.0,61.0,1,103200.0
41,Male,Bachelor,Divorced,36713.33,0.0,46.0,1,55100.0
27,Male,High School,Married,22401.95,30700.0,53.0,1,35300.0
34,Female,Bachelor,Married,106312.34,0.0,64.0,1,159500.0
53,Female,High School,Single,10750.74,0.0,31.0,0,0.0
44,Male,High School,Married,28678.49,0.0,40.0,1,43000.0
36,Male,Master,Divorced,26724.31,46500.0,66.0,1,58100.0
33,Female,High School,Married,15841.6,24900.0,50.0,1,27800.0
36,Female,High School,Married,17864.1,0.0,33.0,0,0.0
30,Male,High School,Married,41371.0,0.0,40.0,1,62100.0
18,Female,High School,Married,58693.91,109400.0,61.0,1,108300.0
58,Male,Master,Married,23159.35,0.0,50.0,1,34700.0
37,Male,Master,Single,90346.34,210900.0,87.0,1,295300.0
40,Male,Bachelor,Married,41424.69,97400.0,72.0,1,126600.0
35,Male,High School,Married,84516.1,0.0,54.0,1,126800.0
27,Female,Bachelor,Divorced,24322.83,46700.0,59.0,1,53700.0
33,Male,High School,Married,10122.11,8200.0,45.0,0,8200.0
18,Female,High School,Single,40406.11,69300.0,51.0,1,79700.0
61,Female,High School,Single,147665.52,71900.0,54.0,1,82700.0
22,Male,High School,Divorced,16673.73,0.0,25.0,0,0.0
24,Male,Bachelor,Divorced,34263.67,0.0,42.0,1,51400.0
31,Female,Master,Single,19285.12,0.0,44.0,1,28900.0
50,Male,Bachelor,Divorced,58199.15,117100.0,76.0,1,152200.0
36,Male,Bachelor,Widowed,125020.32,87800.0,73.0,1,114100.0
22,Male,High School,Married,23790.58,31600.0,53.0,1,36300.0
49,Male,Master,Married,70475.84,105200.0,78.0,1,136800.0
44,Female,Master,Married,88236.52,187300.0,89.0,1,262200.0
41,Female,Master,Married,242447.05,366300.0,90.0,1,549400.0
43,Male,High School,Single,86816.24,117100.0,69.0,1,146400.0
62,Male,Bachelor,Married,18750.49,35000.0,57.0,1,28800.0
60,Female,Bachelor,Divorced,12806.55,0.0,36.0,0,0.0
28,Male,High School,Married,74828.45,145700.0,61.0,1,138100.0
53,Male,PhD,Married,61480.53,82700.0,80.0,1,115800.0
40,Female,High School,Married,24812.95,46900.0,57.0,1,43500.0
41,Female,High School,Married,49172.48,119800.0,70.0,1,137900.0
18,Male,Bachelor,Married,45775.24,32000.0,66.0,1,40000.0
34,Male,High School,Married,40349.6,16700.0,45.0,1,18400.0
27,Male,Master,Married,84818.24,131900.0,80.0,1,184700.0
45,Male,High School,Single,133428.45,86500.0,64.0,1,108100.0
47,Female,High School,Single,33958.29,22500.0,50.0,1,25900.0
18,Male,Bachelor,Married,76121.38,135400.0,71.0,1,176000.0
35,Male,High School,Married,18410.9,22600.0,50.0,1,26000.0
48,Male,Bachelor,Married,13889.53,5200.0,48.0,1,5700.0
33,Female,Bachelor,Married,104326.37,160200.0,81.0,1,224300.0
44,Male,Bachelor,Married,64368.77,53900.0,70.0,1,70100.0
39,Male,Master,Married,76365.61,95800.0,78.0,1,124500.0
39,Female,Bachelor,Widowed,40496.79,15600.0,52.0,1,17900.0
33,Male,Bachelor,Single,24050.73,10600.0,53.0,1,12200.0
22,Male,Master,Divorced,35531.23,25600.0,57.0,1,29400.0
23,Male,Bachelor,Single,47434.38,89200.0,69.0,1,111500.0
43,Male,High School,Married,82115.09,167300.0,76.0,1,217500.0
36,Male,High School,Married,37336.55,0.0,40.0,1,56000.0
34,Male,Bachelor,Married,38022.39,0.0,50.0,1,57000.0
31,Male,PhD,Widowed,79277.33,187100.0,82.0,1,261900.0
32,Male,Bachelor,Single,289041.32,587300.0,90.0,1,881000.0
47,Male,High School,Married,58450.41,38700.0,60.0,1,48400.0
32,Male,Bachelor,Married,80354.88,64200.0,76.0,1,83500.0
21,Male,Bachelor,Single,79981.63,30400.0,57.0,1,35000.0
44,Male,High School,Widowed,25103.69,57300.0,59.0,1,47200.0
33,Female,Master,Married,42763.53,100600.0,75.0,1,130800.0
36,Male,Master,Divorced,54954.58,0.0,57.0,1,82400.0
53,Male,Bachelor,Married,58790.67,36600.0,70.0,1,47600.0
35,Female,High School,Married,54716.24,41100.0,60.0,1,51400.0
39,Male,Bachelor,Married,44208.74,30900.0,62.0,1,38600.0
23,Female,High School,Married,28887.61,0.0,36.0,0,0.0
33,Female,Bachelor,Single,88713.12,0.0,62.0,1,133100.0
42,Female,High School,Married,73707.24,82900.0,65.0,1,103600.0
18,Female,Bachelor,Single,26060.99,11800.0,49.0,1,13000.0
38,Male,High School,Married,69922.92,117700.0,65.0,1,122600.0
37,Female,Master,Single,84701.89,75000.0,77.0,1,97500.0
36,Male,Bachelor,Divorced,70275.37,59000.0,66.0,1,73800.0
47,Male,PhD,Married,50966.8,0.0,63.0,1,76500.0
39,Female,High School,Married,115824.16,44600.0,59.0,1,51300.0
52,Male,High School,Married,55116.33,39200.0,60.0,1,49000.0
25,Female,High School,Married,24894.68,35600.0,53.0,1,40900.0
37,Male,High School,Single,252003.01,387300.0,75.0,1,503500.0
36,Male,High School,Married,17932.75,33500.0,50.0,1,31400.0
24,Male,Bachelor,Widowed,30797.73,23400.0,55.0,1,26900.0
46,Female,Bachelor,Single,15325.62,0.0,41.0,1,23000.0
61,Male,High School,Married,118859.37,110800.0,63.0,1,138500.0
35,Male,High School,Married,89751.23,191700.0,76.0,1,249200.0
41,Male,Bachelor,Married,71378.9,0.0,58.0,1,107100.0
36,Female,High School,Divorced,41179.3,36000.0,48.0,1,39600.0
28,Male,Master,Married,64859.81,107500.0,74.0,1,139800.0
18,Female,High School,Single,25878.66,13900.0,46.0,1,15300.0
28,Male,High School,Widowed,166212.69,0.0,53.0,1,249300.0
20,Male,High School,Married,39558.99,36200.0,48.0,1,39800.0
54,Male,High School,Married,29585.61,62500.0,62.0,1,46400.0
34,Female,Master,Single,313411.87,777600.0,93.0,1,1166400.0
32,Male,High School,Divorced,49206.06,17100.0,49.0,1,18800.0
45,Male,Bachelor,Single,22605.42,16300.0,60.0,1,20400.0
23,Female,High School,Married,40762.46,79200.0,53.0,1,75200.0
27,Male,Bachelor,Single,174773.51,84300.0,69.0,1,105400.0
36,Female,Master,Widowed,29913.37,38400.0,67.0,1,48000.0
47,Male,Master,Married,35744.18,22600.0,65.0,1,28200.0
41,Male,High School,Married,18607.5,0.0,33.0,0,0.0
38,Male,Master,Married,78571.91,25700.0,66.0,1,32100.0
36,Male,Bachelor,Divorced,133296.41,84100.0,72.0,1,109300.0
40,Female,High School,Widowed,314922.09,285000.0,69.0,1,356200.0
38,Female,Bachelor,Married,324551.6,238700.0,82.0,1,334200.0
24,Male,Master,Married,49646.49,54400.0,74.0,1,70700.0
36,Female,High School,Married,74029.98,45800.0,60.0,1,57200.0
24,Male,Bachelor,Married,67988.6,143200.0,76.0,1,186200.0
36,Male,High School,Married,62032.48,89600.0,65.0,1,108700.0
30,Female,High School,Married,113556.26,111600.0,66.0,1,139500.0
63,Female,Master,Divorced,147412.75,0.0,60.0,1,221100.0
35,Male,Bachelor,Single,12001.11,10000.0,53.0,1,11500.0
20,Female,High School,Married,162975.17,230000.0,73.0,1,299000.0
34,Male,Bachelor,Married,105461.76,0.0,64.0,1,158200.0
41,Female,Bachelor,Married,79722.78,0.0,58.0,1,119600.0
54,Female,Bachelor,Single,163567.54,275400.0,85.0,1,385600.0
29,Male,High School,Married,87284.44,128200.0,67.0,1,160200.0
18,Male,High School,Married,65848.1,25300.0,49.0,1,27800.0
44,Female,Master,Married,47865.92,72300.0,78.0,1,94000.0
20,Female,Bachelor,Married,75495.69,104900.0,71.0,1,136400.0
31,Male,Bachelor,Married,28500.32,64800.0,72.0,1,84200.0
33,Male,Bachelor,Married,98345.39,0.0,64.0,1,147500.0
35,Female,High School,Widowed,167018.93,226300.0,74.0,1,294200.0
43,Male,Bachelor,Married,210742.22,169000.0,82.0,1,236600.0
28,Male,High School,Married,16076.45,30100.0,46.0,1,29700.0
32,Male,High School,Married,40135.77,0.0,40.0,0,0.0
35,Male,High School,Married,53959.23,58100.0,65.0,1,72600.0
37,Female,Bachelor,Married,170697.19,311200.0,87.0,1,435700.0
37,Female,High School,Married,59921.43,59200.0,60.0,1,74000.0
40,Male,High School,Married,62838.79,0.0,48.0,1,94300.0
45,Female,High School,Married,50917.21,64800.0,65.0,1,79900.0
40,Female,High School,Single,17733.52,0.0,31.0,0,0.0
40,Female,Bachelor,Widowed,67289.23,0.0,55.0,1,100900.0
18,Male,Bachelor,Married,21689.93,13600.0,51.0,1,15600.0
36,Female,High School,Married,18379.96,15700.0,45.0,1,17300.0
41,Male,High School,Married,79154.63,195300.0,70.0,1,222000.0
44,Male,Bachelor,Married,53958.81,89400.0,75.0,1,116200.0
28,Male,Bachelor,Single,18553.26,6000.0,42.0,0,6000.0
28,Female,Bachelor,Single,70082.75,159000.0,74.0,1,206700.0
29,Male,High School,Married,14845.99,13700.0,41.0,1,15100.0
41,Female,Bachelor,Married,40001.17,60400.0,67.0,1,75500.0
47,Male,Bachelor,Single,44506.59,49300.0,65.0,1,61600.0
31,Female,Bachelor,Married,24179.98,16500.0,62.0,1,20600.0
45,Male,High School,Single,40144.46,0.0,38.0,0,0.0
37,Male,High School,Married,43148.03,33300.0,52.0,1,38300.0
34,Female,Bachelor,Married,13782.23,11000.0,55.0,1,12600.0
33,Female,High School,Single,61336.0,126700.0,68.0,1,131100.0
44,Female,High School,Single,40279.76,69100.0,55.0,1,79500.0
39,Female,Bachelor,Married,175827.81,0.0,70.0,1,263700.0
61,Female,Bachelor,Married,174502.86,220500.0,84.0,1,308700.0
26,Female,Bachelor,Married,95006.38,134100.0,77.0,1,174300.0
41,Male,Bachelor,Married,84214.27,38100.0,69.0,1,47600.0
30,Male,Bachelor,Widowed,35488.43,38700.0,64.0,1,48400.0
26,Male,Bachelor,Married,31685.91,12900.0,51.0,1,14800.0
35,Male,Master,Single,83049.04,88900.0,82.0,1,124500.0
37,Female,Bachelor,Married,81019.51,97200.0,81.0,1,136100.0
68,Male,Bachelor,Married,67920.69,46200.0,67.0,1,57800.0
33,Male,High School,Single,63482.42,138500.0,68.0,1,135700.0
23,Male,Master,Divorced,132522.59,137900.0,76.0,1,179300.0
39,Female,High School,Married,118652.12,49900.0,59.0,1,57400.0
18,Male,Bachelor,Single,151246.85,175300.0,81.0,1,245400.0
34,Male,High School,Divorced,20704.4,31200.0,46.0,1,34300.0
36,Female,Bachelor,Married,235110.01,317800.0,87.0,1,444900.0
44,Female,High School,Married,82147.85,0.0,54.0,1,123200.0
46,Male,Bachelor,Married,61233.49,137300.0,80.0,1,170700.0
30,Female,High School,Married,11581.95,4200.0,38.0,1,4600.0
34,Male,High School,Married,46822.28,0.0,48.0,1,70200.0
27,Female,Master,Single,66571.27,75000.0,72.0,1,97500.0
23,Male,High School,Married,35071.21,40100.0,53.0,1,46100.0
39,Female,High School,Married,10072.4,16100.0,50.0,1,17700.0
21,Female,Bachelor,Married,74368.2,119400.0,71.0,1,155200.0
31,Female,PhD,Married,33926.18,0.0,55.0,1,50900.0
25,Male,High School,Married,21968.99,37200.0,46.0,1,40500.0
42,Male,High School,Married,49703.2,34100.0,60.0,1,42600.0
55,Male,Bachelor,Married,18460.23,0.0,43.0,1,27700.0
21,Female,High School,Single,26991.74,36800.0,51.0,1,42300.0
18,Female,High School,Single,26745.87,47300.0,51.0,1,54400.0
34,Female,Master,Married,184118.17,361900.0,90.0,1,542800.0
36,Female,High School,Single,10078.52,19000.0,48.0,1,20900.0
38,Male,Bachelor,Single,53398.02,77100.0,73.0,1,100200.0
31,Male,Bachelor,Single,26036.56,0.0,48.0,1,39100.0
33,Male,Master,Single,22010.06,39400.0,68.0,1,49200.0
40,Male,PhD,Married,38494.43,0.0,55.0,1,57700.0
47,Female,Bachelor,Married,290808.18,609500.0,92.0,1,810800.0
18,Female,Bachelor,Single,14753.75,0.0,37.0,0,0.0
31,Female,Bachelor,Single,49670.74,65100.0,73.0,1,84600.0
38,Female,High School,Single,60025.42,144000.0,68.0,1,128300.0
25,Female,High School,Married,66176.52,29700.0,49.0,1,32700.0
55,Male,PhD,Married,89912.15,0.0,69.0,1,134900.0
29,Male,High School,Single,33743.79,20600.0,46.0,1,22700.0
35,Female,High School,Married,45877.88,0.0,48.0,1,68800.0
42,Male,Master,Single,225703.14,208900.0,83.0,1,292500.0
29,Male,Bachelor,Single,121906.95,98100.0,70.0,1,127500.0
18,Male,High School,Married,65516.69,26200.0,49.0,1,28800.0
31,Female,High School,Married,75342.59,164000.0,70.0,1,211300.0
47,Male,High School,Single,17087.12,36500.0,53.0,1,32700.0
32,Female,Master,Single,67916.93,122100.0,76.0,1,158700.0
26,Female,Master,Single,41271.57,82100.0,64.0,1,102600.0
46,Female,High School,Married,12354.99,5500.0,38.0,1,6100.0
32,Male,Master,Married,48504.58,43700.0,73.0,1,56800.0
30,Female,High School,Single,20058.45,32100.0,48.0,1,35300.0
37,Male,Bachelor,Married,15545.97,35200.0,65.0,1,30300.0
44,Male,High School,Single,34727.15,64400.0,55.0,1,74100.0
62,Female,Bachelor,Single,364224.6,123500.0,70.0,1,160600.0
45,Male,High School,Single,175123.28,144700.0,70.0,1,188100.0
48,Female,High School,Single,69840.03,83100.0,63.0,1,103900.0
30,Male,High School,Single,40681.9,67900.0,55.0,1,78100.0
24,Male,High School,Divorced,69515.24,122500.0,57.0,1,140800.0
36,Female,PhD,Married,46499.57,76500.0,80.0,1,107100.0
37,Female,PhD,Married,21470.3,9800.0,53.0,1,11300.0
24,Male,Bachelor,Married,359908.76,0.0,66.0,1,539900.0
34,Female,High School,Married,78904.0,140000.0,65.0,1,138300.0
40,Female,High School,Married,277201.66,213300.0,72.0,1,277300.0
39,Male,High School,Married,87414.53,0.0,54.0,1,131100.0
41,Female,High School,Married,67043.09,57900.0,60.0,1,72400.0
39,Male,High School,Single,77435.4,140200.0,63.0,1,165500.0
30,Male,Bachelor,Single,11207.11,8700.0,53.0,1,10000.0
30,Male,High School,Divorced,109697.49,37800.0,55.0,1,43500.0
22,Male,Bachelor,Single,31756.73,39700.0,61.0,1,49600.0
55,Male,Bachelor,Married,71158.41,0.0,58.0,1,106700.0
36,Female,High School,Married,40527.76,16000.0,45.0,1,17600.0
33,Female,Bachelor,Married,27540.05,19800.0,62.0,1,24800.0
25,Male,High School,Single,79846.01,150600.0,59.0,1,173200.0
68,Female,High School,Married,85049.65,201900.0,73.0,1,188300.0
24,Female,High School,Married,163660.53,0.0,56.0,1,245500.0
31,Female,Bachelor,Married,316930.93,567800.0,87.0,1,794900.0
40,Male,High School,Married,40629.83,16600.0,45.0,1,18300.0
42,Female,Bachelor,Married,42182.55,86000.0,72.0,1,111800.0
46,Female,High School,Married,69979.5,90000.0,65.0,1,109700.0
55,Female,High School,Married,40633.71,55300.0,57.0,1,63600.0
41,Female,High School,Divorced,63950.69,0.0,44.0,1,95900.0
24,Male,Bachelor,Divorced,68511.53,38100.0,62.0,1,47600.0
33,Female,Bachelor,Married,23210.08,30200.0,67.0,1,37800.0
39,Male,Bachelor,Single,169514.11,0.0,68.0,1,254300.0
58,Male,High School,Single,51316.68,84700.0,60.0,1,98100.0
20,Female,High School,Married,13314.36,24700.0,46.0,1,24600.0
49,Female,Bachelor,Married,29301.65,49500.0,67.0,1,51100.0
37,Male,High School,Married,100431.07,217400.0,76.0,1,281600.0
45,Male,High School,Married,43200.33,106300.0,62.0,1,67700.0
34,Male,High School,Married,393407.41,132700.0,65.0,1,165900.0
26,Male,Bachelor,Single,83933.86,0.0,58.0,1,125900.0
44,Male,Bachelor,Divorced,29966.39,36000.0,63.0,1,45000.0
43,Male,High School,Married,47485.66,92600.0,65.0,1,83200.0
46,Male,Bachelor,Single,12194.7,11500.0,53.0,1,13200.0
35,Female,Bachelor,Married,159488.99,53100.0,75.0,1,69000.0
29,Female,High School,Divorced,57868.84,26900.0,45.0,1,29600.0
18,Male,High School,Married,376373.16,877700.0,78.0,1,1111100.0
45,Female,Bachelor,Married,82580.84,191600.0,86.0,1,230200.0
40,Female,Bachelor,Married,12843.34,11100.0,55.0,1,12800.0
25,Male,High School,Married,76205.46,179800.0,66.0,1,140600.0
30,Male,Bachelor,Married,64903.26,144500.0,80.0,1,202200.0
30,Male,Bachelor,Single,109345.24,198600.0,79.0,1,258200.0
19,Male,Bachelor,Single,35572.59,29800.0,56.0,1,34300.0
27,Male,High School,Married,82681.19,0.0,50.0,1,124000.0
23,Male,High School,Married,43316.24,29000.0,48.0,1,31900.0
31,Male,Bachelor,Married,23350.77,17200.0,62.0,1,21500.0
27,Female,Bachelor,Married,63843.07,132500.0,76.0,1,172200.0
18,Male,High School,Divorced,72198.96,72600.0,57.0,1,83500.0
58,Female,Bachelor,Married,29773.79,0.0,47.0,1,44700.0
49,Female,Bachelor,Widowed,29306.26,58300.0,64.0,1,54800.0
27,Female,Bachelor,Married,39754.47,49800.0,63.0,1,62200.0
38,Male,High School,Married,80212.85,0.0,54.0,1,120300.0
40,Female,Bachelor,Single,18747.06,25200.0,58.0,1,29000.0
49,Female,Bachelor,Single,85433.63,50900.0,74.0,1,66200.0
26,Female,High School,Married,15936.5,33400.0,51.0,1,29400.0
48,Female,High School,Married,80451.53,0.0,54.0,1,120700.0
29,Male,High School,Married,10134.54,23900.0,51.0,1,18700.0
21,Female,Bachelor,Married,178868.66,0.0,66.0,1,268300.0
43,Male,High School,Married,86365.5,149200.0,71.0,1,194000.0
50,Male,PhD,Married,82860.7,0.0,69.0,1,124300.0
64,Male,Master,Married,142899.0,199000.0,81.0,1,278600.0
22,Male,Bachelor,Married,34515.55,24500.0,58.0,1,28200.0
43,Female,Bachelor,Single,51755.86,92200.0,73.0,1,119900.0
31,Female,Bachelor,Single,94856.69,202700.0,84.0,1,283800.0
44,Male,High School,Single,56514.46,103600.0,63.0,1,120800.0
19,Female,Bachelor,Married,25472.53,61300.0,68.0,1,52200.0
22,Female,High School,Married,34898.88,85200.0,58.0,1,64400.0
27,Male,High School,Married,29648.64,54300.0,53.0,1,54700.0
36,Male,High School,Married,62453.58,121200.0,65.0,1,109500.0
28,Female,Bachelor,Married,10316.7,10500.0,56.0,1,12100.0
43,Male,High School,Married,34618.21,13800.0,45.0,1,15200.0
47,Male,Bachelor,Married,74527.41,163100.0,80.0,1,207800.0
42,Male,Master,Married,60048.23,108900.0,78.0,1,141600.0
53,Male,High School,Married,50906.38,123300.0,70.0,1,127700.0
40,Female,Bachelor,Married,153335.47,0.0,70.0,1,230000.0
22,Male,Bachelor,Single,24966.59,46800.0,61.0,1,58500.0
50,Male,High School,Married,81758.54,72800.0,66.0,1,91000.0
29,Male,Master,Married,16552.27,21100.0,59.0,1,24300.0
46,Male,Master,Married,27461.22,35500.0,70.0,1,46200.0
53,Male,High School,Single,170885.61,64700.0,63.0,1,80900.0
41,Female,High School,Single,51379.75,0.0,46.0,1,77100.0
19,Female,PhD,Married,144106.53,71300.0,70.0,1,92700.0
25,Male,Master,Single,72788.01,174400.0,77.0,1,226700.0
50,Male,High School,Single,22858.07,35600.0,55.0,1,40900.0
34,Male,High School,Single,72437.13,0.0,46.0,1,108700.0
36,Male,Bachelor,Single,76239.75,130000.0,73.0,1,169000.0
44,Male,High School,Married,42933.04,100500.0,62.0,1,75300.0
43,Male,Master,Married,18507.21,37300.0,68.0,1,38900.0
39,Male,Bachelor,Single,133598.76,88800.0,74.0,1,115400.0
33,Female,Bachelor,Married,41625.9,40900.0,62.0,1,51100.0
32,Male,High School,Married,60920.35,32800.0,60.0,1,41000.0
45,Female,Bachelor,Married,41676.84,79600.0,67.0,1,72600.0
42,Male,High School,Married,165957.33,123200.0,72.0,1,160200.0
33,Male,High School,Single,144329.37,280100.0,69.0,1,308500.0
47,Female,Bachelor,Married,60508.05,35700.0,70.0,1,46400.0
34,Male,Bachelor,Married,71604.24,141600.0,75.0,1,184100.0
26,Male,Bachelor,Married,85765.41,122800.0,77.0,1,159600.0
27,Female,Master,Single,73644.28,158000.0,77.0,1,205400.0
25,Female,High School,Single,165601.16,238700.0,71.0,1,310300.0
33,Female,High School,Single,255817.74,216700.0,70.0,1,281700.0
49,Female,Bachelor,Single,28723.13,51600.0,65.0,1,61000.0
27,Female,High School,Single,27884.48,0.0,34.0,0,0.0
38,Male,Bachelor,Single,33298.76,16700.0,60.0,1,20900.0
28,Male,Bachelor,Married,64438.92,0.0,54.0,1,96700.0
33,Male,Master,Married,83439.94,159000.0,84.0,1,222600.0
19,Male,Bachelor,Married,11351.23,4800.0,44.0,1,5300.0
33,Male,High School,Single,16648.56,38900.0,53.0,1,35600.0
33,Female,High School,Widowed,63153.29,47200.0,57.0,1,54300.0
41,Male,High School,Married,43564.11,84300.0,57.0,1,76400.0
38,Female,High School,Single,19460.67,0.0,31.0,0,0.0
22,Male,High School,Single,31967.07,43300.0,51.0,1,49800.0
47,Male,High School,Single,147655.21,127700.0,64.0,1,159600.0
38,Male,PhD,Married,39148.6,59600.0,72.0,1,77500.0
38,Male,High School,Single,48201.37,0.0,46.0,1,72300.0
35,Male,Bachelor,Single,150634.78,209800.0,85.0,1,293700.0
30,Female,High School,Married,25208.26,8200.0,45.0,1,9000.0
38,Male,High School,Married,53502.66,122900.0,70.0,1,150000.0
41,Male,High School,Married,131509.04,273400.0,76.0,1,355400.0
18,Female,High School,Married,44527.41,0.0,36.0,0,0.0
30,Male,Bachelor,Single,389474.6,962100.0,90.0,1,1443200.0
33,Male,Bachelor,Married,42752.23,100100.0,72.0,1,130100.0
38,Male,Bachelor,Married,22789.57,39900.0,67.0,1,44400.0
49,Male,Bachelor,Married,166755.25,194600.0,87.0,1,272400.0
27,Female,Master,Married,79927.47,179400.0,79.0,1,233200.0
30,Female,Master,Single,67445.15,147600.0,81.0,1,206600.0
30,Female,Bachelor,Single,59644.17,0.0,56.0,1,89500.0
27,Male,High School,Single,79001.48,0.0,42.0,0,0.0
32,Female,PhD,Single,11284.35,23500.0,68.0,1,29400.0
44,Male,Master,Single,36960.2,77600.0,73.0,1,100900.0
24,Male,Bachelor,Single,75234.4,183700.0,74.0,1,238800.0
40,Male,Bachelor,Married,34735.0,71600.0,72.0,1,93100.0
18,Female,High School,Single,84500.12,128500.0,65.0,1,160600.0
29,Female,Bachelor,Married,252569.18,522500.0,88.0,1,731500.0
32,Female,Master,Married,15737.93,15200.0,58.0,1,17500.0
54,Female,Bachelor,Married,158279.61,133500.0,82.0,1,186900.0
32,Male,Bachelor,Married,38483.8,36600.0,62.0,1,45800.0
18,Male,High School,Divorced,140621.43,210500.0,63.0,1,263100.0
18,Female,High School,Married,114492.14,182600.0,67.0,1,211200.0
36,Female,Bachelor,Married,58241.27,58500.0,75.0,1,76000.0
42,Female,High School,Married,78354.24,106600.0,65.0,1,133200.0
40,Male,Bachelor,Divorced,45258.48,71000.0,71.0,1,92300.0
37,Female,Bachelor,Married,148746.1,135400.0,76.0,1,176000.0
48,Male,High School,Single,27710.29,11800.0,43.0,0,11800.0
30,Female,High School,Single,37478.87,19900.0,50.0,1,22900.0
45,Male,Bachelor,Married,26299.57,43300.0,67.0,1,45800.0
18,Female,High School,Married,123879.5,0.0,50.0,1,185800.0
26,Male,High School,Single,19045.79,24400.0,44.0,0,24400.0
18,Female,Bachelor,Single,78984.05,112100.0,69.0,1,140100.0
32,Female,Bachelor,Married,26822.87,10400.0,55.0,1,12000.0
35,Male,Master,Married,123865.34,296700.0,89.0,1,415400.0
37,Male,Bachelor,Married,33557.64,73400.0,72.0,1,95400.0
36,Female,Bachelor,Married,309218.99,424800.0,87.0,1,594700.0
25,Male,Master,Married,18909.21,42400.0,64.0,1,41900.0
33,Male,Bachelor,Single,22543.65,28400.0,65.0,1,35500.0
19,Female,Bachelor,Married,50189.58,65600.0,71.0,1,85300.0
50,Female,High School,Single,25627.63,46200.0,55.0,1,49000.0
32,Male,High School,Married,53579.82,0.0,48.0,1,80400.0
30,Female,Bachelor,Married,92724.61,207600.0,86.0,1,288900.0
53,Male,High School,Married,86421.21,66600.0,66.0,1,83200.0
22,Female,High School,Married,215682.88,520500.0,78.0,1,636700.0
23,Female,PhD,Married,48313.76,113000.0,81.0,1,158200.0
23,Female,High School,Married,283779.59,0.0,56.0,1,425700.0
35,Male,High School,Single,21294.2,37300.0,48.0,1,41000.0
40,Female,High School,Married,176794.73,246200.0,77.0,1,320100.0
44,Male,Bachelor,Single,18116.83,0.0,41.0,0,0.0
64,Male,Master,Divorced,53025.69,36100.0,66.0,1,45100.0
18,Female,Bachelor,Divorced,45170.81,0.0,50.0,1,67800.0
42,Male,Master,Married,120152.9,0.0,67.0,1,180200.0
29,Female,Master,Married,50645.52,26800.0,69.0,1,33500.0
29,Female,Master,Single,39367.2,81000.0,69.0,1,101200.0
29,Male,High School,Married,177219.53,404800.0,78.0,1,523200.0
26,Male,Bachelor,Married,97535.05,30600.0,65.0,1,38200.0
54,Female,High School,Married,14763.21,30600.0,55.0,1,23200.0
45,Female,High School,Married,171222.26,265100.0,77.0,1,344600.0
36,Female,Bachelor,Married,77773.1,32000.0,63.0,1,40000.0
50,Female,High School,Married,168280.25,215400.0,77.0,1,280000.0
19,Male,Bachelor,Married,43228.5,0.0,46.0,1,64800.0
21,Male,High School,Married,31490.18,22800.0,48.0,1,25100.0
18,Female,High School,Single,76214.8,83200.0,59.0,1,95700.0
28,Male,High School,Married,38314.7,0.0,36.0,0,0.0
37,Female,Bachelor,Married,73386.72,110700.0,75.0,1,143900.0
37,Male,Bachelor,Married,59659.83,37000.0,70.0,1,48100.0
37,Male,PhD,Married,82447.6,131100.0,86.0,1,183500.0
20,Female,Master,Married,79600.38,0.0,57.0,1,119400.0
44,Female,Bachelor,Married,65034.59,42800.0,70.0,1,55600.0
38,Female,High School,Widowed,31682.26,32600.0,54.0,1,37500.0
44,Female,Bachelor,Married,10129.4,0.0,43.0,1,15200.0
18,Female,Bachelor,Married,165909.99,400100.0,88.0,1,544200.0
39,Female,Bachelor,Married,115558.56,244300.0,86.0,1,342000.0
22,Female,High School,Married,15649.64,34500.0,51.0,1,28900.0
31,Female,Bachelor,Married,127017.09,98600.0,76.0,1,128200.0
41,Female,High School,Married,37597.2,49500.0,57.0,1,56900.0
37,Male,Master,Married,30972.38,0.0,53.0,1,46500.0
26,Male,Bachelor,Single,26133.94,34300.0,61.0,1,42900.0
36,Male,High School,Single,84087.76,62200.0,64.0,1,77800.0
19,Male,High School,Married,12202.55,26300.0,51.0,1,22500.0
48,Male,Bachelor,Married,92558.65,95300.0,81.0,1,133400.0
33,Male,Bachelor,Married,107661.58,144600.0,81.0,1,202400.0
48,Female,Bachelor,Single,280131.75,307500.0,85.0,1,430500.0
30,Female,Bachelor,Married,15078.74,0.0,43.0,1,22600.0
30,Male,Bachelor,Widowed,161668.9,266900.0,84.0,1,373700.0
27,Male,High School,Married,53771.92,133600.0,66.0,1,99200.0
45,Female,Master,Married,79902.47,179500.0,83.0,1,240600.0
28,Female,Bachelor,Married,98673.13,231000.0,82.0,1,323400.0
43,Female,High School,Married,66314.73,83200.0,65.0,1,104000.0
31,Female,High School,Married,83939.8,60300.0,66.0,1,75400.0
18,Female,High School,Married,63582.02,21000.0,49.0,1,23100.0
29,Male,High School,Single,88347.64,0.0,48.0,1,132500.0
23,Male,Bachelor,Married,146793.56,278600.0,77.0,1,362200.0
36,Female,High School,Married,158098.68,0.0,60.0,1,237100.0
22,Male,Master,Married,67943.6,118100.0,74.0,1,153500.0
46,Female,Bachelor,Divorced,31884.43,48300.0,63.0,1,60400.0
34,Male,High School,Single,23947.59,58800.0,60.0,1,51200.0
34,Female,High School,Married,24758.83,46200.0,57.0,1,43400.0
43,Male,Bachelor,Married,35149.19,0.0,50.0,1,52700.0
46,Male,High School,Married,72613.52,69700.0,60.0,1,87100.0
35,Male,High School,Single,178627.94,183900.0,75.0,1,239100.0
27,Female,High School,Single,41728.09,59300.0,51.0,1,68200.0
18,Male,High School,Widowed,166003.81,231100.0,70.0,1,300400.0
28,Female,High School,Married,57897.17,83700.0,61.0,1,104600.0
29,Female,High School,Married,31470.99,68400.0,58.0,1,58100.0
37,Female,Master,Married,49595.81,92800.0,78.0,1,120600.0
32,Female,High School,Married,71169.14,49200.0,60.0,1,61500.0
43,Female,Bachelor,Married,48129.2,0.0,58.0,1,72200.0
29,Male,High School,Married,32277.11,22100.0,48.0,1,24300.0
35,Male,High School,Married,16794.4,20600.0,50.0,1,23700.0
49,Female,Bachelor,Divorced,12738.22,29300.0,61.0,1,24400.0
39,Female,High School,Married,159789.99,73700.0,65.0,1,92100.0
35,Male,High School,Single,37521.5,90800.0,60.0,1,80200.0
29,Female,Bachelor,Married,51653.93,40700.0,66.0,1,50900.0
29,Male,High School,Married,178531.25,122500.0,68.0,1,153100.0
26,Male,High School,Married,138784.09,188400.0,67.0,1,235500.0
30,Male,High School,Married,10317.02,23400.0,55.0,1,18100.0
44,Male,High School,Married,121509.89,86600.0,66.0,1,108200.0
33,Male,High School,Married,89068.98,28200.0,59.0,1,32400.0
21,Male,PhD,Married,42753.12,52200.0,68.0,1,65200.0
55,Female,Bachelor,Married,51802.33,80900.0,75.0,1,105200.0
39,Male,Bachelor,Single,166950.52,324500.0,85.0,1,454300.0
20,Male,Bachelor,Married,36223.45,15300.0,51.0,1,17600.0
31,Male,Bachelor,Single,91956.11,0.0,62.0,1,137900.0
37,Male,Bachelor,Married,19089.16,12700.0,55.0,1,14600.0
54,Male,Bachelor,Divorced,63577.64,79200.0,71.0,1,103000.0
23,Male,High School,Single,31111.2,75700.0,56.0,1,70000.0
46,Male,High School,Married,62226.0,152800.0,70.0,1,156100.0
51,Female,Bachelor,Married,35720.84,88200.0,72.0,1,99600.0
29,Male,Master,Married,38426.93,42200.0,66.0,1,52800.0
32,Male,High School,Married,17771.71,32800.0,50.0,1,31100.0
24,Male,Bachelor,Single,111758.57,248100.0,80.0,1,347300.0
33,Male,Bachelor,Single,18481.63,26100.0,58.0,1,30000.0
35,Female,High School,Single,51098.29,68700.0,63.0,1,85900.0
43,Male,Master,Divorced,88710.34,167600.0,80.0,1,234600.0
47,Male,Bachelor,Married,15683.36,22100.0,60.0,1,27300.0
27,Male,Bachelor,Widowed,49110.58,77600.0,68.0,1,97000.0
18,Male,High School,Married,70948.12,0.0,44.0,1,106400.0
35,Male,High School,Married,70964.18,135500.0,65.0,1,124400.0
39,Female,High School,Married,93493.03,0.0,54.0,1,140200.0
38,Male,High School,Married,10130.36,13200.0,50.0,1,15200.0
32,Male,Bachelor,Single,179649.2,248000.0,85.0,1,347200.0
37,Female,Master,Single,125107.62,291500.0,87.0,1,408100.0
52,Female,Bachelor,Single,12945.47,0.0,41.0,0,0.0
40,Female,High School,Married,69647.62,93700.0,65.0,1,117100.0
31,Male,High School,Married,45375.19,0.0,48.0,1,68100.0
30,Male,Bachelor,Single,45580.28,20300.0,61.0,1,25400.0
34,Male,High School,Single,50075.08,83700.0,63.0,1,104600.0
54,Female,PhD,Married,40458.08,14400.0,60.0,1,18000.0
33,Female,Bachelor,Married,56171.17,72300.0,75.0,1,94000.0
35,Male,Bachelor,Married,33579.51,34000.0,67.0,1,42500.0
30,Female,High School,Widowed,55062.95,69200.0,62.0,1,86500.0
48,Female,Bachelor,Married,139034.56,317900.0,86.0,1,387600.0
57,Male,High School,Single,16105.67,22900.0,45.0,1,25200.0
40,Female,Bachelor,Single,63032.6,99900.0,73.0,1,129900.0
36,Female,High School,Married,64493.91,0.0,48.0,1,96700.0
36,Male,Bachelor,Married,37027.7,91400.0,72.0,1,115400.0
18,Female,High School,Married,82896.93,0.0,50.0,1,124300.0
44,Male,Bachelor,Married,13832.91,0.0,43.0,0,0.0
37,Female,High School,Married,68946.55,128100.0,65.0,1,120800.0
40,Female,High School,Married,83437.89,103600.0,71.0,1,134700.0
28,Male,Bachelor,Single,52556.65,30400.0,64.0,1,38000.0
31,Male,Master,Married,44529.82,0.0,53.0,1,66800.0
31,Female,Bachelor,Married,39264.47,0.0,50.0,1,58900.0
47,Male,Bachelor,Married,61475.09,94400.0,75.0,1,122700.0
31,Male,High School,Single,14502.15,0.0,31.0,0,0.0
58,Male,High School,Married,26723.0,54600.0,59.0,1,41900.0
40,Female,High School,Married,114112.38,0.0,54.0,1,171200.0
21,Female,PhD,Married,17044.42,14800.0,56.0,1,17000.0
34,Male,High School,Married,45168.21,0.0,48.0,1,67800.0
28,Female,Master,Married,46042.2,76000.0,74.0,1,98800.0
18,Male,Bachelor,Single,21837.72,0.0,37.0,0,0.0
53,Female,Bachelor,Married,27417.19,39900.0,67.0,1,47800.0
43,Female,Master,Married,82330.43,180600.0,89.0,1,252800.0
41,Male,High School,Married,36085.23,25700.0,52.0,1,29600.0
37,Male,Bachelor,Single,15351.76,23300.0,58.0,1,26800.0
20,Male,Master,Married,38840.15,0.0,49.0,1,58300.0
30,Male,Bachelor,Single,10600.26,10700.0,58.0,1,12300.0
45,Female,High School,Married,346337.28,180200.0,72.0,1,234300.0
24,Male,High School,Married,41710.77,31400.0,48.0,1,34500.0
18,Female,Bachelor,Single,57610.3,129900.0,74.0,1,168900.0
33,Female,High School,Married,28937.17,0.0,40.0,0,0.0
34,Female,Master,Married,49635.73,108600.0,83.0,1,152000.0
37,Male,High School,Single,83515.23,0.0,52.0,1,125300.0
44,Female,Bachelor,Married,81355.93,79000.0,76.0,1,102700.0
43,Female,Bachelor,Single,128269.07,173400.0,79.0,1,225400.0
38,Female,Bachelor,Married,30687.53,39800.0,67.0,1,49800.0
49,Female,Bachelor,Married,31833.11,72400.0,72.0,1,88800.0
19,Male,Master,Married,272476.15,450400.0,86.0,1,630600.0
41,Male,Bachelor,Single,128665.5,162400.0,79.0,1,211100.0
42,Female,Bachelor,Married,25352.09,0.0,50.0,1,38000.0
22,Female,High School,Single,91212.93,196200.0,70.0,1,255100.0
19,Female,High School,Married,79309.49,77500.0,56.0,1,89100.0
27,Male,High School,Single,29906.25,36300.0,51.0,1,41700.0
28,Female,High School,Married,134180.0,78800.0,62.0,1,98500.0
44,Male,Bachelor,Married,58834.66,91200.0,75.0,1,118600.0
29,Male,Bachelor,Single,124347.58,302600.0,80.0,1,423600.0
26,Male,Bachelor,Single,23721.86,25100.0,61.0,1,31400.0
29,Male,High School,Single,61662.91,146100.0,64.0,1,138700.0
48,Male,High School,Married,32651.66,0.0,40.0,0,0.0
36,Female,Master,Married,82477.85,168500.0,89.0,1,235900.0
34,Female,Master,Divorced,29410.72,56900.0,66.0,1,67900.0
34,Female,Master,Single,24036.52,47400.0,68.0,1,59200.0
50,Female,Bachelor,Single,79163.73,82500.0,73.0,1,107200.0
27,Male,Bachelor,Divorced,14507.63,30900.0,57.0,1,32600.0
50,Female,Master,Married,172382.71,421000.0,95.0,1,519100.0
38,Female,Bachelor,Married,88156.61,46700.0,76.0,1,60700.0
34,Female,Master,Divorced,84233.35,48800.0,75.0,1,63400.0
63,Female,High School,Widowed,27212.86,8900.0,39.0,0,8900.0
24,Male,Master,Single,56421.45,104100.0,72.0,1,135300.0
32,Male,Bachelor,Single,80735.5,37100.0,67.0,1,46400.0
22,Male,High School,Single,130149.88,0.0,48.0,1,195200.0
46,Female,High School,Married,116802.15,211800.0,71.0,1,275300.0
54,Male,Master,Married,28759.88,46300.0,70.0,1,60200.0
54,Female,Bachelor,Married,70985.97,116100.0,75.0,1,150900.0
49,Male,PhD,Married,85276.36,206000.0,91.0,1,273400.0
33,Female,High School,Married,72851.71,70200.0,60.0,1,87800.0
31,Male,High School,Single,145825.2,242700.0,69.0,1,303400.0
18,Male,High School,Married,157224.88,263900.0,73.0,1,343100.0
58,Male,Bachelor,Single,79213.51,71800.0,65.0,1,89800.0
41,Female,Bachelor,Married,85925.26,83000.0,76.0,1,107900.0
30,Male,Bachelor,Single,104590.1,201800.0,79.0,1,262300.0
50,Female,High School,Single,178616.96,177200.0,70.0,1,230400.0
25,Male,High School,Married,29563.11,24000.0,48.0,1,26400.0
40,Female,High School,Widowed,57670.55,142100.0,67.0,1,108500.0
34,Male,Master,Widowed,135880.82,68500.0,76.0,1,89000.0
43,Female,High School,Single,28080.28,0.0,38.0,0,0.0
35,Male,High School,Married,12794.94,27500.0,55.0,1,22400.0
20,Female,Bachelor,Married,21601.68,16100.0,51.0,1,18500.0
36,Male,Master,Married,24391.87,21100.0,65.0,1,26400.0
47,Female,High School,Married,179094.87,0.0,60.0,1,268600.0
35,Female,High School,Widowed,17469.74,27700.0,47.0,1,30500.0
44,Male,Bachelor,Single,88136.08,27000.0,67.0,1,33800.0
24,Male,PhD,Married,170766.08,380200.0,93.0,1,570300.0
35,Female,Bachelor,Married,148355.93,167000.0,81.0,1,233800.0
29,Female,High School,Single,35566.28,49900.0,51.0,1,57400.0
44,Male,Bachelor,Married,89668.43,76000.0,76.0,1,98800.0
36,Male,PhD,Single,33849.88,0.0,53.0,1,50800.0
43,Male,Bachelor,Divorced,12145.1,29400.0,61.0,1,26000.0
47,Male,High School,Married,44837.71,100300.0,62.0,1,70300.0
43,Male,High School,Married,13882.28,12600.0,45.0,1,13900.0
39,Female,PhD,Married,24010.53,12500.0,67.0,1,15600.0
25,Male,Bachelor,Single,38488.54,49700.0,61.0,1,62100.0
35,Female,Bachelor,Married,32259.13,0.0,50.0,1,48400.0
30,Female,High School,Single,124922.16,0.0,52.0,1,187400.0
32,Male,Bachelor,Married,73422.36,170100.0,80.0,1,228800.0
31,Female,High School,Married,47378.35,84400.0,65.0,1,83000.0
25,Female,High School,Married,152839.98,253000.0,73.0,1,328900.0
18,Male,Master,Married,16041.38,7800.0,47.0,1,8600.0
28,Male,High School,Single,67060.87,97500.0,59.0,1,112100.0
38,Female,High School,Single,42700.78,0.0,38.0,0,0.0
21,Female,Master,Married,41117.85,69300.0,66.0,1,86600.0
36,Male,High School,Single,34226.49,22400.0,50.0,1,25800.0
56,Male,Bachelor,Married,16940.09,40900.0,62.0,1,29500.0
47,Male,Bachelor,Married,40560.16,0.0,50.0,1,60800.0
54,Male,Master,Married,270483.07,328900.0,90.0,1,493400.0
40,Male,Master,Married,75205.56,132400.0,78.0,1,172100.0
48,Female,Bachelor,Married,69334.91,42900.0,70.0,1,55800.0
28,Female,High School,Married,67483.28,85000.0,61.0,1,106200.0
28,Male,Bachelor,Single,178624.88,0.0,64.0,1,267900.0
18,Female,Master,Single,10210.09,24200.0,62.0,1,27600.0
49,Male,High School,Married,63658.13,81700.0,65.0,1,99800.0
52,Male,Bachelor,Married,173716.01,293100.0,87.0,1,410300.0
29,Male,High School,Married,86766.67,108300.0,67.0,1,135400.0
33,Male,High School,Married,78647.14,114200.0,65.0,1,137800.0
27,Male,High School,Single,143271.57,201500.0,65.0,1,251900.0
40,Female,High School,Single,76088.06,0.0,46.0,1,114100.0
48,Male,PhD,Married,235643.73,409500.0,92.0,1,614200.0
18,Female,Master,Married,33233.1,10500.0,54.0,1,12100.0
40,Male,Bachelor,Married,138245.49,66800.0,69.0,1,83500.0
32,Male,Bachelor,Single,47867.46,94500.0,73.0,1,122800.0
37,Male,Bachelor,Single,41923.07,0.0,48.0,1,62900.0
41,Female,Bachelor,Married,131101.92,261300.0,81.0,1,365800.0
33,Male,Master,Married,377758.38,0.0,73.0,1,566600.0
34,Female,High School,Married,14679.52,34600.0,55.0,1,25700.0
33,Female,Bachelor,Single,126798.04,265100.0,84.0,1,371100.0
46,Female,Bachelor,Widowed,27616.97,40700.0,64.0,1,50900.0
40,Male,PhD,Divorced,36819.42,28200.0,63.0,1,35200.0
38,Female,Bachelor,Married,16581.97,9700.0,55.0,1,11200.0
22,Male,Master,Married,172167.21,382700.0,91.0,1,574000.0
31,Female,Master,Divorced,64315.67,0.0,57.0,1,96500.0
45,Male,Bachelor,Single,17776.9,7400.0,46.0,1,8100.0
36,Male,Master,Married,76840.35,81800.0,78.0,1,106300.0
43,Male,High School,Single,13838.27,30600.0,53.0,1,29600.0
55,Male,High School,Married,84637.17,130100.0,71.0,1,169100.0
47,Male,Bachelor,Single,30759.58,52600.0,65.0,1,65400.0
37,Female,High School,Divorced,17648.31,15100.0,41.0,1,16600.0
30,Female,High School,Married,145425.64,0.0,54.0,1,218100.0
18,Male,Bachelor,Divorced,63963.35,148200.0,72.0,1,192700.0
34,Male,High School,Single,53250.32,0.0,46.0,1,79900.0
32,Male,Master,Married,71662.4,0.0,61.0,1,107500.0
40,Male,Master,Married,30637.29,67800.0,75.0,1,88100.0
34,Female,Bachelor,Married,62059.13,34400.0,70.0,1,44700.0
32,Female,Bachelor,Married,15915.06,39800.0,65.0,1,31000.0
18,Male,Bachelor,Married,37576.54,78100.0,68.0,1,77000.0
25,Male,Bachelor,Single,77832.87,168600.0,74.0,1,219200.0
41,Female,High School,Widowed,64218.25,0.0,45.0,0,0.0
54,Female,Bachelor,Married,100789.25,236200.0,86.0,1,281000.0
34,Female,Bachelor,Single,80627.15,158400.0,79.0,1,205900.0
39,Male,High School,Married,150247.24,219100.0,77.0,1,284800.0
46,Male,Master,Married,81031.17,24300.0,72.0,1,31600.0
27,Male,Bachelor,Married,59214.97,54200.0,66.0,1,67800.0
40,Male,High School,Married,42909.75,69500.0,57.0,1,75200.0
27,Male,Bachelor,Married,56822.89,56100.0,66.0,1,70100.0
45,Female,High School,Single,58039.37,69800.0,63.0,1,87200.0
37,Male,High School,Married,69136.92,0.0,48.0,1,103700.0
39,Female,Master,Married,21968.11,54000.0,68.0,1,46200.0
27,Male,Master,Married,12425.83,6900.0,54.0,1,7900.0
43,Male,High School,Single,20062.05,9200.0,36.0,0,9200.0
58,Male,Master,Married,22054.11,35000.0,67.0,1,41500.0
24,Male,High School,Divorced,27463.0,45800.0,49.0,1,50400.0
32,Female,High School,Married,121152.75,176100.0,71.0,1,228900.0
38,Male,High School,Married,148374.68,0.0,54.0,1,222600.0
44,Male,High School,Single,100238.26,233900.0,74.0,1,304100.0
29,Female,High School,Married,50791.52,0.0,44.0,1,76200.0
18,Male,Master,Single,51586.07,50700.0,67.0,1,63400.0
50,Male,High School,Married,149629.88,356000.0,76.0,1,375500.0
44,Male,High School,Married,24636.76,55400.0,62.0,1,43200.0
18,Male,Bachelor,Married,14778.7,19900.0,56.0,1,22900.0
29,Male,High School,Single,52050.44,0.0,42.0,1,78100.0
53,Male,Bachelor,Married,62193.18,36400.0,70.0,1,47300.0
51,Female,High School,Married,77131.97,158700.0,70.0,1,193500.0
46,Female,High School,Married,28387.64,53900.0,57.0,1,44500.0
34,Male,Bachelor,Married,72794.08,0.0,58.0,1,109200.0
36,Male,High School,Single,56182.72,108400.0,63.0,1,120100.0
34,Male,High School,Married,38964.2,0.0,40.0,0,0.0
48,Female,High School,Married,79967.95,33800.0,53.0,1,38900.0
26,Male,Bachelor,Married,58967.72,71000.0,71.0,1,92300.0
27,Female,Bachelor,Married,10285.48,12300.0,56.0,1,14100.0
47,Female,Bachelor,Married,24968.97,52000.0,72.0,1,67600.0
35,Male,Bachelor,Married,67093.0,37700.0,70.0,1,49000.0
51,Female,Bachelor,Single,124384.95,78700.0,74.0,1,102300.0
28,Male,High School,Single,60550.2,69200.0,59.0,1,79600.0
35,Male,Master,Widowed,35323.97,76800.0,72.0,1,99800.0
25,Male,Master,Married,52267.54,129100.0,79.0,1,167800.0
36,Male,Bachelor,Single,32503.67,0.0,48.0,1,48800.0
19,Female,High School,Married,26677.83,17300.0,48.0,1,19000.0
30,Male,Bachelor,Single,89147.69,0.0,62.0,1,133700.0
20,Male,High School,Married,47188.1,31000.0,56.0,1,35600.0
43,Female,Bachelor,Single,10189.39,0.0,41.0,1,15300.0
43,Male,High School,Widowed,16770.17,32400.0,47.0,1,31500.0
18,Male,Bachelor,Married,10751.55,0.0,39.0,0,0.0
50,Male,High School,Married,162989.15,0.0,60.0,1,244500.0
63,Female,Master,Married,19835.15,23700.0,60.0,1,29600.0
36,Female,High School,Single,31941.95,76000.0,60.0,1,68300.0
28,Female,Bachelor,Married,364441.79,547200.0,83.0,1,766100.0
67,Female,Master,Married,18886.11,0.0,43.0,1,28300.0
21,Male,High School,Widowed,11624.98,5800.0,31.0,0,5800.0
36,Male,Master,Married,41770.83,63800.0,70.0,1,82900.0
37,Male,High School,Married,42108.41,0.0,40.0,1,63200.0
50,Female,PhD,Married,59522.08,37600.0,75.0,1,48900.0
39,Male,PhD,Married,39824.84,86300.0,77.0,1,112200.0
30,Female,High School,Married,42639.31,0.0,40.0,1,64000.0
25,Male,Master,Married,344041.63,616300.0,86.0,1,862800.0
32,Male,High School,Married,24162.28,0.0,40.0,0,0.0
24,Male,High School,Married,49258.95,90000.0,61.0,1,90900.0
36,Female,High School,Married,178415.22,165500.0,72.0,1,215200.0
29,Male,High School,Single,138721.69,75400.0,60.0,1,94200.0
19,Male,Bachelor,Married,36822.27,55800.0,63.0,1,69800.0
49,Male,High School,Married,380697.03,518300.0,77.0,1,673800.0
30,Female,Bachelor,Married,45334.67,0.0,58.0,1,68000.0
22,Female,High School,Married,64201.12,46000.0,56.0,1,52900.0
34,Female,PhD,Married,70487.98,50700.0,75.0,1,65900.0
36,Male,High School,Married,22049.27,54400.0,62.0,1,38600.0
18,Female,High School,Single,36361.53,85100.0,56.0,1,81800.0
39,Female,Bachelor,Married,83292.2,71400.0,76.0,1,92800.0
24,Male,Master,Divorced,23262.88,10000.0,50.0,1,11500.0
54,Male,Bachelor,Married,81190.15,82300.0,81.0,1,115200.0
41,Male,Bachelor,Single,44483.18,0.0,48.0,1,66700.0
31,Male,High School,Married,86412.94,68400.0,66.0,1,85500.0
27,Female,High School,Single,34351.31,84700.0,56.0,1,77300.0
34,Female,Bachelor,Married,41790.62,31300.0,62.0,1,39100.0
42,Female,Bachelor,Married,79678.65,0.0,58.0,1,119500.0
35,Male,High School,Married,40806.31,0.0,40.0,0,0.0
33,Female,Bachelor,Single,62912.27,36900.0,68.0,1,46100.0
36,Male,Bachelor,Married,66402.94,48800.0,70.0,1,63400.0
29,Male,Bachelor,Married,27499.83,0.0,46.0,1,41200.0
32,Female,High School,Married,10618.83,21600.0,55.0,1,18600.0
18,Male,Bachelor,Single,35736.3,65900.0,61.0,1,82400.0
46,Female,High School,Single,58930.93,0.0,46.0,1,88400.0
39,Female,High School,Single,135243.69,168700.0,69.0,1,210900.0
27,Female,Bachelor,Single,44141.92,89600.0,66.0,1,110400.0
56,Male,Bachelor,Married,23452.41,0.0,47.0,1,35200.0
36,Female,Bachelor,Married,20481.84,17200.0,55.0,1,19800.0
24,Female,High School,Single,23995.55,48900.0,56.0,1,54000.0
45,Female,Master,Single,323786.97,297400.0,83.0,1,416400.0
40,Female,High School,Divorced,29894.99,0.0,36.0,0,0.0
40,Female,Master,Married,11201.77,24100.0,68.0,1,23600.0
31,Male,High School,Married,79062.26,157400.0,65.0,1,138600.0
40,Female,High School,Married,76436.24,130400.0,65.0,1,134000.0
33,Female,High School,Single,73811.6,0.0,46.0,1,110700.0
42,Female,High School,Widowed,44192.29,77800.0,54.0,1,83100.0
18,Female,Bachelor,Single,46065.49,87900.0,69.0,1,109900.0
31,Male,Master,Married,64559.83,64100.0,73.0,1,83300.0
54,Male,High School,Single,34941.25,77000.0,60.0,1,66800.0
27,Male,Bachelor,Married,30227.13,26300.0,58.0,1,30200.0
29,Male,Master,Married,150254.75,0.0,69.0,1,225400.0
31,Male,Bachelor,Married,42681.67,0.0,50.0,1,64000.0
22,Male,High School,Married,76364.25,158400.0,66.0,1,140900.0
18,Male,PhD,Married,70621.87,88500.0,76.0,1,115000.0
33,Female,High School,Single,78202.83,110800.0,63.0,1,138500.0
37,Male,Bachelor,Divorced,49933.39,0.0,54.0,1,74900.0
35,Male,Bachelor,Married,73349.75,183300.0,80.0,1,228600.0
34,Male,High School,Married,126651.94,259000.0,76.0,1,336700.0
36,Male,Bachelor,Married,29332.29,28300.0,62.0,1,35400.0
47,Male,High School,Single,67819.88,0.0,46.0,1,101700.0
33,Male,High School,Married,81212.98,148500.0,71.0,1,193000.0
29,Female,High School,Married,63565.66,115100.0,61.0,1,117300.0
32,Male,PhD,Married,153220.44,210800.0,92.0,1,316200.0
42,Female,Master,Divorced,71500.27,135400.0,74.0,1,176000.0
51,Female,High School,Single,43071.58,18900.0,43.0,1,20800.0
29,Female,High School,Single,130035.79,323500.0,70.0,1,420600.0
37,Male,High School,Married,81896.4,111800.0,71.0,1,145300.0
39,Male,Bachelor,Single,82888.95,128300.0,79.0,1,166800.0
25,Male,Master,Married,65887.9,97000.0,74.0,1,126100.0
36,Male,PhD,Married,33237.55,49800.0,72.0,1,64700.0
19,Male,Bachelor,Single,60003.64,121300.0,74.0,1,157700.0
18,Female,Bachelor,Single,15946.63,7300.0,42.0,1,8000.0
40,Male,High School,Single,112432.85,261400.0,74.0,1,339800.0
31,Male,High School,Single,83622.0,88200.0,69.0,1,110200.0
38,Male,Bachelor,Single,27748.0,46500.0,65.0,1,58100.0
35,Female,Bachelor,Single,27925.34,0.0,48.0,1,41900.0
25,Female,Master,Married,42600.15,0.0,49.0,1,63900.0
35,Male,High School,Married,137894.42,0.0,54.0,1,206800.0
22,Male,High School,Single,11261.65,0.0,27.0,0,0.0
51,Male,High School,Married,60557.62,66100.0,65.0,1,82600.0
21,Female,PhD,Single,38223.89,0.0,49.0,1,57300.0
33,Female,Bachelor,Married,126522.39,0.0,64.0,1,189800.0
24,Female,High School,Married,31733.05,36300.0,53.0,1,41700.0
42,Male,Master,Married,67440.97,136200.0,83.0,1,190700.0
32,Female,Bachelor,Single,27117.62,48100.0,65.0,1,60100.0
30,Female,High School,Married,31753.26,47600.0,57.0,1,54700.0
45,Female,High School,Married,26952.87,42800.0,57.0,1,42300.0
36,Female,Bachelor,Married,60783.53,52300.0,70.0,1,68000.0
41,Male,Bachelor,Single,297121.38,708300.0,90.0,1,1062400.0
25,Male,Bachelor,Divorced,37955.64,94600.0,64.0,1,85400.0
20,Male,Bachelor,Married,73526.62,0.0,54.0,1,110300.0
37,Female,High School,Married,35237.07,0.0,40.0,0,0.0
32,Female,High School,Single,71799.02,0.0,46.0,1,107700.0
42,Male,Master,Married,67991.78,67600.0,73.0,1,87900.0
35,Male,Bachelor,Married,72657.62,135500.0,75.0,1,176200.0
38,Male,High School,Married,61898.34,91700.0,65.0,1,108500.0
18,Female,High School,Single,170950.29,72300.0,59.0,1,83100.0
56,Male,High School,Married,17086.72,24000.0,47.0,1,26400.0
34,Male,High School,Married,174293.23,280800.0,77.0,1,365000.0
43,Male,High School,Married,63206.19,0.0,48.0,1,94800.0
26,Male,Bachelor,Married,31073.84,15200.0,51.0,1,17500.0
39,Female,Bachelor,Married,44195.46,54000.0,67.0,1,67500.0
21,Female,High School,Married,155615.04,0.0,56.0,1,233400.0
40,Male,Master,Single,68343.28,45300.0,71.0,1,58900.0
32,Female,Bachelor,Married,77332.78,0.0,58.0,1,116000.0
36,Male,High School,Single,31124.64,0.0,38.0,0,0.0
43,Female,Bachelor,Married,39452.58,34100.0,62.0,1,42600.0
22,Male,High School,Married,108862.03,61200.0,62.0,1,76500.0
28,Male,Bachelor,Married,389193.56,892800.0,88.0,1,1249900.0
41,Male,High School,Divorced,65738.45,0.0,44.0,1,98600.0
59,Male,High School,Single,49180.79,59900.0,60.0,1,74900.0
34,Male,Bachelor,Married,83025.58,201800.0,86.0,1,258700.0
42,Female,High School,Married,85246.13,157800.0,71.0,1,205100.0
34,Female,High School,Widowed,77848.11,179400.0,67.0,1,146400.0
57,Male,High School,Married,318534.88,308600.0,69.0,1,385800.0
18,Female,Bachelor,Married,86778.85,141800.0,77.0,1,184300.0
37,Male,Master,Single,72992.52,0.0,59.0,1,109500.0
18,Female,High School,Single,40202.55,100400.0,56.0,1,90500.0
18,Female,High School,Single,283673.95,387900.0,71.0,1,504300.0
39,Female,Bachelor,Married,77724.26,140900.0,75.0,1,183200.0
37,Male,High School,Married,179908.42,133700.0,72.0,1,173800.0
32,Male,Bachelor,Married,62212.73,37900.0,70.0,1,49300.0
34,Male,High School,Married,18641.28,9600.0,45.0,1,10600.0
70,Male,Bachelor,Married,51700.14,80600.0,72.0,1,104800.0
33,Female,Bachelor,Single,147158.87,327000.0,84.0,1,457800.0
41,Male,High School,Divorced,13874.66,30800.0,51.0,1,26700.0
28,Male,Bachelor,Single,167993.73,76100.0,69.0,1,95100.0
39,Male,Bachelor,Single,61183.78,125300.0,78.0,1,162900.0
33,Male,High School,Married,15341.73,34300.0,55.0,1,26900.0
31,Female,High School,Married,44547.14,92500.0,62.0,1,78100.0
56,Male,High School,Divorced,12584.45,4400.0,31.0,0,4400.0
48,Female,High School,Married,16777.13,31100.0,50.0,1,26300.0
37,Male,High School,Divorced,167738.25,0.0,56.0,1,251600.0
18,Female,Bachelor,Single,59167.2,112500.0,69.0,1,140600.0
32,Female,Bachelor,Married,22351.28,29300.0,67.0,1,36600.0
65,Female,Master,Widowed,20756.09,36800.0,57.0,1,37000.0
33,Female,Bachelor,Married,17435.59,15700.0,55.0,1,18100.0
48,Male,Bachelor,Single,110738.26,68800.0,74.0,1,89400.0
51,Female,Bachelor,Single,57435.06,133700.0,78.0,1,173800.0
38,Female,PhD,Married,40390.51,76000.0,72.0,1,98800.0
26,Female,High School,Married,73894.41,175600.0,66.0,1,136300.0
18,Female,High School,Married,341172.11,708200.0,78.0,1,920700.0
43,Female,High School,Married,70975.01,57100.0,60.0,1,71400.0
27,Male,Bachelor,Married,40170.93,74000.0,63.0,1,82400.0
37,Male,High School,Married,163895.98,251200.0,77.0,1,326600.0
22,Male,High School,Married,62410.35,56700.0,56.0,1,65200.0
33,Female,Bachelor,Married,20811.54,45900.0,65.0,1,40500.0
36,Male,Master,Married,135467.96,273000.0,89.0,1,382200.0
38,Female,PhD,Single,104414.9,60800.0,79.0,1,79000.0
23,Male,Bachelor,Single,54831.35,85200.0,69.0,1,106500.0
49,Male,High School,Married,78022.11,155300.0,65.0,1,122400.0
29,Female,Master,Married,30678.84,20100.0,61.0,1,25100.0
18,Female,Master,Married,113619.57,0.0,63.0,1,170400.0
34,Female,Master,Married,35909.76,58500.0,70.0,1,76000.0
36,Male,Bachelor,Married,80202.16,0.0,64.0,1,120300.0
37,Male,High School,Single,24512.21,36800.0,55.0,1,42300.0
50,Male,High School,Married,32329.9,31700.0,52.0,1,36500.0
33,Male,Master,Married,349723.5,0.0,73.0,1,524600.0
34,Male,High School,Married,85663.3,0.0,54.0,1,128500.0
23,Male,High School,Married,91219.53,144300.0,67.0,1,168300.0
45,Male,Bachelor,Married,149048.09,233500.0,81.0,1,326900.0
38,Female,High School,Married,311421.7,133800.0,65.0,1,167200.0
31,Male,Master,Single,293903.01,307600.0,88.0,1,430600.0
18,Male,High School,Single,52208.87,0.0,42.0,0,0.0
51,Male,High School,Single,343193.29,0.0,58.0,1,514800.0
22,Female,PhD,Divorced,31034.31,16500.0,59.0,1,19000.0
29,Male,High School,Married,55558.13,0.0,44.0,1,83300.0
39,Male,Master,Married,166502.26,0.0,73.0,1,249800.0
22,Male,Bachelor,Single,117632.7,165200.0,75.0,1,214800.0
19,Female,Bachelor,Single,53928.7,73500.0,69.0,1,91900.0
18,Female,High School,Single,29177.07,50700.0,51.0,1,58300.0
43,Female,Bachelor,Divorced,53147.37,115300.0,76.0,1,149900.0
30,Male,High School,Married,79977.29,63900.0,60.0,1,79900.0
68,Female,Master,Married,53193.16,58300.0,75.0,1,75800.0
25,Female,High School,Married,154500.13,0.0,56.0,1,231800.0
25,Female,High School,Married,104625.04,202100.0,67.0,1,193000.0
29,Female,Master,Married,27205.05,31100.0,66.0,1,38900.0
38,Male,Bachelor,Single,60413.4,53400.0,68.0,1,66800.0
30,Male,Bachelor,Married,21400.73,38200.0,60.0,1,41700.0
42,Female,Bachelor,Married,86121.73,151600.0,81.0,1,212200.0
25,Female,High School,Married,11021.39,0.0,29.0,0,0.0
20,Male,High School,Married,120224.07,167700.0,67.0,1,209600.0
18,Male,Master,Married,29965.93,14000.0,54.0,1,16100.0
18,Female,High School,Married,26865.97,0.0,36.0,0,0.0
30,Male,High School,Married,64602.76,64000.0,60.0,1,80000.0
32,Male,Bachelor,Single,39203.89,97800.0,70.0,1,127100.0
29,Male,High School,Widowed,24284.85,38300.0,50.0,1,44000.0
49,Female,Bachelor,Single,75224.3,95700.0,73.0,1,124400.0
49,Female,Bachelor,Married,27997.56,55300.0,67.0,1,48800.0
32,Male,Master,Single,36776.11,90200.0,73.0,1,117300.0
18,Male,High School,Single,37683.55,52200.0,51.0,1,60000.0
29,Male,High School,Married,18737.65,19300.0,46.0,0,19300.0
29,Male,Master,Widowed,83776.93,113900.0,77.0,1,148100.0
28,Female,High School,Married,42691.25,78000.0,53.0,1,78800.0
28,Male,High School,Single,79160.86,141000.0,59.0,1,162200.0
28,Male,Bachelor,Married,66649.42,0.0,54.0,1,100000.0
31,Female,Bachelor,Single,93976.44,0.0,62.0,1,141000.0
29,Male,High School,Married,21245.29,0.0,29.0,0,0.0
38,Male,High School,Single,144119.47,158900.0,69.0,1,198600.0
39,Female,Bachelor,Married,34295.13,10400.0,55.0,1,12000.0
25,Female,High School,Single,111553.71,70100.0,60.0,1,87600.0
49,Male,Master,Single,18210.83,7200.0,49.0,1,7900.0
25,Male,High School,Married,398840.81,253100.0,68.0,1,316400.0
18,Male,Bachelor,Divorced,119702.62,92500.0,68.0,1,115600.0
40,Female,High School,Single,19594.96,17600.0,43.0,1,19400.0
27,Male,High School,Single,28695.83,10200.0,39.0,0,10200.0
39,Female,High School,Married,66947.9,0.0,48.0,1,100400.0
18,Female,High School,Married,54597.88,34200.0,56.0,1,39300.0
51,Female,High School,Divorced,68075.31,33300.0,49.0,1,36600.0
43,Male,High School,Married,65668.53,0.0,48.0,1,98500.0
19,Male,Master,Single,46751.22,0.0,55.0,1,70100.0
19,Male,High School,Single,30781.53,14700.0,39.0,0,14700.0
54,Male,PhD,Married,23442.62,16300.0,67.0,1,20400.0
27,Female,High School,Married,15407.51,34000.0,51.0,1,28400.0
26,Male,Bachelor,Married,44543.94,0.0,46.0,1,66800.0
18,Male,Master,Divorced,28738.47,42400.0,62.0,1,53000.0
32,Male,Master,Single,68203.79,61300.0,71.0,1,79700.0
33,Female,High School,Married,101717.67,146000.0,71.0,1,189800.0
43,Male,Bachelor,Married,25541.37,49000.0,67.0,1,49700.0
20,Male,High School,Married,60996.13,98300.0,61.0,1,112500.0
19,Male,High School,Married,33263.96,49300.0,53.0,1,56700.0
40,Female,Bachelor,Married,334309.97,0.0,70.0,1,501500.0
47,Male,High School,Married,65551.17,110600.0,65.0,1,102800.0
18,Male,High School,Married,46097.34,100700.0,66.0,1,85000.0
47,Male,High School,Single,57193.15,41200.0,58.0,1,47400.0
36,Female,High School,Married,22569.79,47700.0,62.0,1,39600.0
48,Female,High School,Married,43112.66,58800.0,57.0,1,67600.0
35,Female,Master,Single,46306.58,113700.0,81.0,1,159200.0
18,Female,High School,Married,94463.14,82800.0,62.0,1,103500.0
34,Male,Bachelor,Married,28860.34,14900.0,62.0,1,18600.0
47,Female,Bachelor,Married,73454.8,0.0,58.0,1,110200.0
26,Male,Bachelor,Married,61108.06,20900.0,59.0,1,24000.0
31,Male,Bachelor,Married,47770.46,0.0,58.0,1,71700.0
34,Male,Bachelor,Married,82631.3,83000.0,81.0,1,116200.0
18,Male,Bachelor,Single,38105.07,0.0,44.0,0,0.0
54,Male,High School,Single,62836.74,41400.0,58.0,1,47600.0
26,Male,Master,Single,37568.86,74200.0,64.0,1,92800.0
41,Female,PhD,Single,57356.41,57900.0,78.0,1,75300.0
35,Female,Bachelor,Married,34140.96,76100.0,72.0,1,98900.0
49,Male,High School,Widowed,20566.1,14500.0,42.0,1,16000.0
40,Male,High School,Married,11292.17,23200.0,55.0,1,19800.0
33,Female,Bachelor,Divorced,166220.43,0.0,66.0,1,249300.0
26,Female,Bachelor,Married,19462.58,6700.0,44.0,1,7400.0
44,Female,Bachelor,Single,43829.32,18800.0,53.0,1,21600.0
18,Male,Bachelor,Single,33816.87,0.0,44.0,1,50700.0
43,Male,Bachelor,Married,13298.93,19600.0,60.0,1,24500.0
23,Male,High School,Married,60889.47,61300.0,61.0,1,76600.0
49,Female,Bachelor,Single,73791.42,126300.0,73.0,1,164200.0
37,Male,High School,Married,210974.98,0.0,60.0,1,316500.0
43,Male,Bachelor,Married,121650.12,255900.0,86.0,1,358300.0
36,Male,High School,Single,18717.2,36400.0,48.0,1,40000.0
18,Female,High School,Married,35196.19,0.0,36.0,0,0.0
26,Male,High School,Single,23443.3,7600.0,39.0,0,7600.0
43,Female,Master,Married,134716.89,0.0,67.0,1,202100.0
37,Female,Bachelor,Married,34056.99,38900.0,67.0,1,48600.0
48,Female,High School,Married,76536.28,123000.0,65.0,1,120000.0
40,Male,Bachelor,Single,45479.48,29700.0,68.0,1,37100.0
25,Female,Bachelor,Single,31853.27,56100.0,61.0,1,70100.0
27,Male,Bachelor,Married,84897.74,64000.0,72.0,1,83200.0
37,Male,Bachelor,Single,10301.78,25300.0,63.0,1,24500.0
18,Female,High School,Married,75258.46,158200.0,66.0,1,138900.0
54,Male,High School,Married,27133.19,19000.0,52.0,1,21800.0
40,Male,High School,Married,30912.17,46300.0,57.0,1,53200.0
49,Male,Bachelor,Single,42334.56,55100.0,65.0,1,68900.0
18,Male,High School,Married,122627.49,255400.0,72.0,1,332000.0
49,Male,Bachelor,Married,139090.61,268100.0,81.0,1,375300.0
60,Male,High School,Single,98067.73,93300.0,61.0,1,116600.0
21,Male,High School,Married,29468.23,32500.0,53.0,1,37400.0
44,Female,Master,Single,25257.97,10900.0,56.0,1,12500.0
36,Male,Master,Married,16738.69,25900.0,63.0,1,32400.0
19,Male,High School,Married,65690.4,129400.0,61.0,1,121200.0
41,Male,Bachelor,Married,28085.26,34300.0,67.0,1,42900.0
45,Female,Bachelor,Married,44991.33,107100.0,72.0,1,125400.0
29,Female,Bachelor,Married,25525.31,15400.0,58.0,1,17700.0
48,Female,High School,Divorced,82146.66,0.0,50.0,1,123200.0
18,Male,High School,Married,22822.5,7900.0,41.0,0,7900.0
19,Male,Master,Married,366304.24,845800.0,91.0,1,1268700.0
37,Male,Master,Married,66464.68,0.0,61.0,1,99700.0
36,Male,Bachelor,Single,19938.28,0.0,41.0,1,29900.0
28,Male,Master,Single,39185.35,97000.0,69.0,1,105800.0
44,Female,Bachelor,Married,16871.61,32700.0,60.0,1,32900.0
41,Male,High School,Married,30546.03,44800.0,57.0,1,51500.0
45,Female,High School,Single,37306.78,43500.0,55.0,1,50000.0
34,Male,High School,Married,82464.66,0.0,54.0,1,123700.0
42,Female,Bachelor,Married,67648.77,109200.0,75.0,1,142000.0
31,Male,PhD,Married,14978.42,19300.0,65.0,1,24100.0
58,Female,Bachelor,Single,51430.23,72700.0,70.0,1,94500.0
27,Male,Bachelor,Widowed,377174.52,0.0,63.0,1,565800.0
59,Female,Bachelor,Married,57028.65,97700.0,72.0,1,127000.0
36,Male,High School,Married,207174.61,483300.0,82.0,1,581000.0
20,Male,High School,Married,23523.09,56400.0,58.0,1,43400.0
51,Male,High School,Married,78785.12,168400.0,70.0,1,197700.0
37,Male,Bachelor,Married,75374.82,67100.0,70.0,1,87200.0
45,Female,Master,Divorced,100841.26,85200.0,75.0,1,110800.0
49,Female,High School,Widowed,34193.27,0.0,37.0,0,0.0
39,Female,Bachelor,Single,213593.02,522100.0,90.0,1,783200.0
29,Female,Bachelor,Single,62260.75,0.0,52.0,1,93400.0
46,Male,High School,Married,40005.97,21800.0,52.0,1,25100.0
36,Female,Bachelor,Married,12734.03,28100.0,65.0,1,24800.0
43,Male,High School,Single,22637.44,0.0,38.0,0,0.0
18,Female,Bachelor,Single,12320.04,10200.0,49.0,1,11200.0
40,Male,Bachelor,Widowed,63022.27,106200.0,72.0,1,138100.0
28,Female,High School,Married,55875.7,44400.0,56.0,1,51100.0
54,Male,Master,Married,77500.02,95800.0,78.0,1,124500.0
42,Male,High School,Widowed,80513.07,66100.0,63.0,1,82600.0
38,Male,High School,Married,111645.28,180100.0,71.0,1,234100.0
41,Male,Bachelor,Married,13223.47,12800.0,55.0,1,14700.0
25,Male,Master,Single,34881.67,0.0,47.0,1,52300.0
53,Male,High School,Married,78863.2,0.0,48.0,1,118300.0
57,Female,High School,Single,21512.43,36400.0,45.0,1,40000.0
40,Male,Bachelor,Single,13606.62,21900.0,58.0,1,25200.0
53,Female,High School,Single,85998.2,62600.0,64.0,1,78200.0
29,Male,High School,Married,53179.2,16300.0,49.0,1,17900.0
27,Male,High School,Divorced,93695.4,56200.0,58.0,1,64600.0
36,Male,Bachelor,Single,161324.42,156800.0,80.0,1,219500.0
40,Male,PhD,Married,33008.13,47900.0,72.0,1,62300.0
31,Male,High School,Married,196908.31,442700.0,82.0,1,552200.0
41,Female,Bachelor,Married,10853.27,8300.0,55.0,1,9500.0
39,Male,High School,Divorced,91225.67,70600.0,62.0,1,88200.0
25,Female,Bachelor,Single,29045.48,62700.0,66.0,1,72600.0
41,Male,High School,Single,156182.7,221500.0,75.0,1,288000.0
45,Male,High School,Married,37302.22,67900.0,57.0,1,58500.0
37,Female,Bachelor,Married,89985.05,95600.0,81.0,1,133800.0
48,Female,High School,Single,35660.43,76500.0,60.0,1,68200.0
22,Male,High School,Single,24540.86,31600.0,51.0,1,36300.0
41,Female,Master,Married,21742.01,49700.0,68.0,1,45700.0
23,Female,PhD,Single,76183.72,90000.0,74.0,1,117000.0
23,Male,High School,Married,30602.82,63600.0,58.0,1,56500.0
29,Male,Bachelor,Divorced,56114.77,0.0,50.0,1,84200.0
25,Female,Bachelor,Married,12666.0,22800.0,56.0,1,26000.0
29,Male,Bachelor,Married,88030.49,53800.0,72.0,1,69900.0
33,Male,Master,Married,31646.68,72000.0,75.0,1,93600.0
45,Male,Bachelor,Married,66906.3,162100.0,80.0,1,186500.0
32,Female,Bachelor,Married,165312.2,166400.0,87.0,1,233000.0
18,Female,High School,Married,176747.77,271800.0,73.0,1,353300.0
48,Female,High School,Married,22101.05,26100.0,57.0,1,30000.0
26,Female,Bachelor,Married,21882.92,36100.0,56.0,1,41500.0
35,Male,High School,Single,10905.54,11800.0,48.0,1,13000.0
40,Male,High School,Single,165315.15,347500.0,80.0,1,486500.0
38,Female,High School,Married,43857.33,16200.0,45.0,1,17800.0
48,Female,High School,Single,34905.61,67400.0,55.0,1,66800.0
41,Male,High School,Married,34689.41,11500.0,45.0,1,12700.0
26,Male,High School,Married,150211.25,363300.0,78.0,1,443400.0
59,Male,High School,Married,257622.93,100300.0,62.0,1,125400.0
38,Male,Bachelor,Married,52461.15,107500.0,80.0,1,150500.0
34,Male,Bachelor,Married,95977.36,176500.0,81.0,1,247100.0
46,Male,High School,Married,84649.55,185700.0,76.0,1,212400.0
38,Female,Master,Married,69629.74,0.0,61.0,1,104400.0
40,Male,Bachelor,Married,76233.18,82400.0,75.0,1,107100.0
63,Female,Bachelor,Divorced,13984.63,6800.0,41.0,1,7500.0
32,Male,Master,Married,19684.1,18400.0,58.0,1,21200.0
32,Male,High School,Married,60746.46,0.0,48.0,1,91100.0
37,Female,High School,Married,22684.51,55200.0,62.0,1,39800.0
47,Female,High School,Married,60160.7,51700.0,60.0,1,64600.0
19,Male,High School,Married,83264.67,87400.0,67.0,1,109200.0
18,Female,High School,Married,84414.98,101100.0,67.0,1,126400.0
29,Female,Bachelor,Married,174124.68,0.0,66.0,1,261200.0
18,Male,High School,Single,33488.0,60800.0,51.0,1,69900.0
31,Male,PhD,Single,44001.64,25400.0,65.0,1,31800.0
41,Female,Bachelor,Married,33481.11,74700.0,72.0,1,97100.0
26,Male,Bachelor,Married,11846.99,14400.0,56.0,1,16600.0
20,Male,High School,Single,16024.44,0.0,27.0,0,0.0
36,Male,Bachelor,Married,20423.37,39100.0,60.0,1,39800.0
45,Male,High School,Single,40070.87,0.0,38.0,1,30700.0
18,Female,High School,Married,31983.22,36000.0,53.0,1,41400.0
45,Male,Bachelor,Married,26888.5,56200.0,72.0,1,73100.0
44,Male,High School,Married,71150.38,109100.0,65.0,1,124700.0
46,Male,Bachelor,Single,86905.14,58400.0,74.0,1,75900.0
49,Female,Master,Married,26082.32,59000.0,75.0,1,76700.0
60,Female,High School,Divorced,82216.81,98300.0,64.0,1,122900.0
32,Female,Bachelor,Married,11767.9,26800.0,65.0,1,22900.0
37,Female,Bachelor,Married,382312.19,599000.0,87.0,1,838600.0
31,Male,High School,Married,37944.89,0.0,40.0,1,56900.0
36,Male,Bachelor,Single,99826.32,0.0,62.0,1,149700.0
52,Male,Master,Single,26655.77,9500.0,56.0,1,10900.0
21,Female,Bachelor,Married,383922.78,198900.0,78.0,1,258600.0
26,Female,Bachelor,Single,135680.98,141300.0,75.0,1,183700.0
51,Female,Bachelor,Single,32430.29,54800.0,65.0,1,68500.0
47,Female,Bachelor,Married,23340.25,29000.0,67.0,1,36200.0
32,Male,Bachelor,Married,11008.48,12900.0,60.0,1,16100.0
45,Male,High School,Married,37907.92,47100.0,57.0,1,54200.0
39,Male,High School,Single,39869.48,23100.0,50.0,1,26600.0
52,Male,Master,Widowed,84015.29,154400.0,81.0,1,216200.0
36,Male,High School,Married,16033.72,11900.0,45.0,1,13100.0
47,Male,Bachelor,Married,59785.81,0.0,58.0,1,89700.0
65,Male,Bachelor,Single,73148.52,0.0,53.0,1,109700.0
42,Female,High School,Married,36234.24,0.0,40.0,0,0.0
36,Male,Bachelor,Widowed,22797.33,0.0,47.0,1,34200.0
43,Female,High School,Married,87246.13,196200.0,76.0,1,244700.0
31,Male,PhD,Single,17710.72,0.0,46.0,1,26600.0
62,Male,High School,Married,22148.78,46600.0,59.0,1,30600.0
37,Female,High School,Married,88183.54,74600.0,66.0,1,93200.0
32,Male,Bachelor,Single,43910.97,57100.0,65.0,1,71400.0
26,Female,Bachelor,Married,43756.15,40800.0,58.0,1,46900.0
48,Male,High School,Married,170000.89,65200.0,65.0,1,81500.0
45,Male,High School,Married,106617.24,0.0,54.0,1,159900.0
30,Male,High School,Single,177945.56,0.0,58.0,1,266900.0
42,Male,High School,Single,19143.19,34600.0,48.0,1,38100.0
19,Male,Bachelor,Divorced,36737.41,38700.0,59.0,1,44500.0
38,Female,High School,Single,87420.18,0.0,52.0,1,131100.0
40,Male,Bachelor,Married,263839.2,0.0,70.0,1,395800.0
54,Male,Bachelor,Married,43421.49,51200.0,67.0,1,64000.0
27,Male,Master,Married,144511.61,288400.0,80.0,1,403800.0
21,Male,Bachelor,Married,71068.38,119400.0,71.0,1,155200.0
26,Female,High School,Married,322109.31,732700.0,78.0,1,950900.0
21,Female,High School,Widowed,19049.92,29800.0,43.0,1,32800.0
50,Male,PhD,Married,32233.16,0.0,55.0,1,48300.0
53,Male,Master,Widowed,89127.19,112200.0,81.0,1,157100.0
39,Male,Bachelor,Married,48983.35,59900.0,75.0,1,77900.0
49,Female,Master,Single,86122.08,0.0,65.0,1,129200.0
37,Male,Bachelor,Single,149168.08,0.0,62.0,1,223800.0
34,Female,Master,Married,171892.48,0.0,73.0,1,257800.0
32,Male,Bachelor,Married,14425.12,26600.0,60.0,1,28100.0
32,Female,Master,Married,82304.94,175200.0,89.0,1,245300.0
18,Male,Master,Divorced,36167.73,15400.0,50.0,1,17700.0
38,Male,High School,Single,362843.95,684800.0,75.0,1,890200.0
35,Female,PhD,Married,29475.51,60400.0,77.0,1,78500.0
44,Female,High School,Married,86278.55,94500.0,71.0,1,122800.0
37,Female,High School,Married,43257.54,103500.0,62.0,1,75800.0
34,Female,Bachelor,Married,66367.05,141400.0,80.0,1,198000.0
26,Female,Bachelor,Married,31207.24,0.0,46.0,1,46800.0
36,Male,Master,Single,70883.73,82600.0,76.0,1,107400.0
44,Female,High School,Married,108016.6,248200.0,76.0,1,302900.0
23,Female,High School,Married,15954.52,34000.0,51.0,1,29400.0
36,Male,High School,Married,85356.94,177200.0,76.0,1,230400.0
38,Female,Bachelor,Single,260338.72,634400.0,90.0,1,951600.0
28,Male,Bachelor,Married,38929.12,18100.0,51.0,1,20800.0
29,Male,High School,Married,36331.82,0.0,36.0,0,0.0
38,Female,Bachelor,Married,56762.56,71400.0,75.0,1,92800.0
23,Male,High School,Married,137858.88,318200.0,72.0,1,407000.0
39,Male,Bachelor,Married,83366.6,0.0,64.0,1,125000.0
26,Male,High School,Married,69971.35,164700.0,66.0,1,129100.0
47,Male,Bachelor,Widowed,18362.13,11800.0,52.0,1,13600.0
61,Male,High School,Married,350585.63,673800.0,74.0,1,776200.0
26,Female,High School,Divorced,23136.19,23400.0,49.0,1,25700.0
41,Female,Master,Married,23178.85,41500.0,70.0,1,54000.0
28,Female,Bachelor,Married,24644.08,0.0,46.0,1,37000.0
47,Male,Bachelor,Single,25749.01,24900.0,60.0,1,31100.0
22,Female,Bachelor,Married,81514.92,0.0,60.0,1,122300.0
41,Female,Bachelor,Married,64601.37,74800.0,75.0,1,97200.0
26,Male,Bachelor,Married,106673.65,85600.0,72.0,1,111300.0
33,Female,Bachelor,Married,16381.63,10400.0,55.0,1,12000.0
24,Female,Bachelor,Married,79350.31,54700.0,66.0,1,68400.0
45,Male,High School,Married,25221.46,0.0,40.0,0,0.0
26,Female,High School,Single,14132.83,0.0,27.0,0,0.0
42,Female,Master,Married,107493.29,50100.0,72.0,1,65100.0
32,Male,PhD,Married,17756.5,23000.0,65.0,1,28800.0
34,Female,High School,Single,11642.02,0.0,31.0,0,0.0
37,Male,High School,Married,19373.15,0.0,33.0,0,0.0
27,Male,High School,Married,26779.93,61000.0,58.0,1,49400.0
38,Female,Bachelor,Single,23347.85,33000.0,65.0,1,41200.0
52,Male,High School,Married,42949.98,0.0,40.0,0,0.0
27,Female,Bachelor,Single,59994.55,123700.0,74.0,1,160800.0
48,Male,Master,Single,16032.94,0.0,44.0,1,24000.0
52,Male,PhD,Married,99089.3,176600.0,86.0,1,247200.0
27,Male,High School,Married,33027.62,60700.0,53.0,1,60900.0
19,Male,Master,Married,55015.33,0.0,57.0,1,82500.0
39,Male,Bachelor,Single,20084.54,8400.0,46.0,1,9200.0
29,Female,High School,Married,38416.35,27400.0,48.0,1,30100.0
56,Female,High School,Single,17959.67,0.0,28.0,0,0.0
36,Female,Bachelor,Single,39969.01,85400.0,70.0,1,111000.0
27,Male,Master,Married,28755.52,25200.0,61.0,1,31500.0
23,Female,High School,Married,65414.2,94400.0,61.0,1,118000.0
47,Female,High School,Single,23991.12,10200.0,43.0,1,11200.0
29,Male,Bachelor,Single,48050.3,34900.0,64.0,1,43600.0
36,Male,PhD,Single,29569.11,45700.0,70.0,1,59400.0
46,Male,PhD,Married,19872.94,16100.0,60.0,1,20100.0
30,Male,High School,Single,35746.3,14700.0,43.0,1,16200.0
35,Female,High School,Single,64102.96,144700.0,68.0,1,137000.0
35,Male,Master,Widowed,392737.85,318600.0,82.0,1,446000.0
43,Female,Bachelor,Single,32169.9,64600.0,70.0,1,84000.0
42,Male,PhD,Married,32784.22,40300.0,72.0,1,52400.0
33,Male,Master,Widowed,21910.36,40600.0,60.0,1,49500.0
36,Male,High School,Single,50911.32,55200.0,63.0,1,69000.0
31,Female,Bachelor,Married,27879.12,45300.0,67.0,1,54300.0
19,Male,High School,Married,65398.81,114100.0,61.0,1,120700.0
38,Female,Bachelor,Divorced,141416.29,80900.0,72.0,1,105200.0
56,Male,Bachelor,Divorced,51663.71,116000.0,73.0,1,150800.0
26,Female,Master,Married,59797.02,64400.0,74.0,1,83700.0
27,Female,PhD,Single,54911.87,111600.0,79.0,1,145100.0
26,Female,High School,Married,83245.32,126100.0,67.0,1,153600.0
43,Male,High School,Widowed,20015.44,14100.0,42.0,1,15500.0
40,Male,Bachelor,Single,55792.67,60300.0,73.0,1,78400.0
34,Male,Master,Widowed,64571.68,31500.0,63.0,1,39400.0
25,Female,Bachelor,Married,74323.91,66700.0,66.0,1,83400.0
37,Male,PhD,Single,23107.75,0.0,53.0,1,34700.0
18,Male,Bachelor,Married,42322.99,38200.0,58.0,1,43900.0
37,Male,High School,Single,135992.13,281100.0,74.0,1,365400.0
45,Male,High School,Married,27210.39,13000.0,45.0,1,14300.0
22,Female,High School,Married,125707.95,0.0,50.0,1,188600.0
19,Female,Bachelor,Married,378367.49,407900.0,83.0,1,571100.0
53,Male,Master,Married,92230.49,125800.0,84.0,1,176100.0
29,Female,High School,Married,11713.49,9000.0,41.0,1,9900.0
48,Female,Master,Married,107346.5,257400.0,89.0,1,323200.0
34,Male,High School,Married,47705.05,84000.0,65.0,1,83600.0
34,Female,High School,Widowed,27180.88,20200.0,49.0,1,22200.0
40,Female,Bachelor,Married,19805.87,27300.0,60.0,1,34100.0
26,Male,High School,Married,34122.76,21900.0,48.0,1,24100.0
37,Female,Master,Married,17265.19,39700.0,68.0,1,36300.0
31,Male,Bachelor,Single,11870.62,15900.0,58.0,1,18300.0
21,Male,High School,Single,241229.35,0.0,54.0,1,361800.0
39,Female,Master,Married,172573.94,109000.0,85.0,1,152600.0
33,Female,PhD,Married,54469.8,76000.0,80.0,1,106400.0
34,Female,Bachelor,Married,42855.1,31400.0,62.0,1,39200.0
22,Male,High School,Divorced,17958.56,0.0,25.0,0,0.0
53,Female,High School,Married,67624.77,83600.0,65.0,1,104500.0
45,Male,High School,Married,52827.72,81400.0,65.0,1,82800.0
46,Male,High School,Married,328192.09,544800.0,77.0,1,708200.0
32,Male,Master,Married,169775.76,405000.0,95.0,1,571300.0
18,Male,High School,Married,104380.28,0.0,50.0,1,156600.0
57,Male,Bachelor,Divorced,22142.12,25000.0,60.0,1,31200.0
35,Female,Bachelor,Married,39021.41,0.0,50.0,1,58500.0
27,Female,Master,Married,35810.6,89100.0,71.0,1,115800.0
40,Female,High School,Divorced,16037.05,35900.0,51.0,1,30900.0
48,Female,High School,Married,65522.06,0.0,48.0,1,98300.0
35,Male,High School,Single,134783.68,0.0,52.0,1,202200.0
50,Female,High School,Married,30615.41,16600.0,52.0,1,19100.0
47,Female,High School,Married,97409.86,0.0,54.0,1,146100.0
24,Male,Bachelor,Single,19308.69,20600.0,54.0,1,23700.0
28,Female,High School,Married,66052.53,47200.0,56.0,1,54300.0
46,Male,High School,Married,82122.95,62100.0,66.0,1,77600.0
18,Male,High School,Married,44591.08,50200.0,53.0,1,57700.0
34,Male,PhD,Single,52728.75,84900.0,78.0,1,110400.0
20,Female,Bachelor,Married,40250.13,72400.0,63.0,1,82500.0
30,Female,Master,Married,44482.92,15500.0,58.0,1,17800.0
32,Male,High School,Married,77599.67,190800.0,70.0,1,217600.0
32,Female,Bachelor,Divorced,27657.28,10800.0,51.0,1,12400.0
29,Female,High School,Widowed,170683.72,419300.0,75.0,1,540700.0
23,Female,High School,Single,161390.05,143900.0,66.0,1,179900.0
61,Male,Bachelor,Single,32334.12,73200.0,67.0,1,60600.0
56,Male,Bachelor,Single,35169.06,78700.0,67.0,1,74700.0
23,Female,PhD,Married,38604.21,52700.0,68.0,1,65900.0
53,Male,Bachelor,Married,24863.98,48500.0,67.0,1,43300.0
31,Male,High School,Married,86714.28,152800.0,71.0,1,198600.0
37,Male,High School,Single,21849.33,0.0,31.0,0,0.0
35,Female,Bachelor,Single,119747.92,182400.0,79.0,1,237100.0
28,Female,High School,Single,38446.95,40000.0,51.0,1,46000.0
46,Male,Bachelor,Married,15055.66,0.0,43.0,1,22600.0
37,Male,Bachelor,Married,46248.08,28100.0,70.0,1,36500.0
30,Female,Master,Married,88142.26,82100.0,79.0,1,106700.0
21,Male,Bachelor,Single,211310.78,513100.0,86.0,1,718300.0
26,Male,Bachelor,Married,48372.46,0.0,54.0,1,72600.0
18,Male,High School,Married,41255.35,77100.0,53.0,1,76100.0
36,Male,High School,Single,187450.85,0.0,58.0,1,281200.0
22,Male,Master,Married,37821.4,0.0,49.0,1,56700.0
33,Female,PhD,Single,173706.84,234300.0,90.0,1,351400.0
51,Female,High School,Single,31342.29,63800.0,60.0,1,59900.0
49,Male,Bachelor,Married,10820.22,12700.0,60.0,1,15900.0
35,Male,Bachelor,Married,54823.16,132800.0,80.0,1,170800.0
35,Male,Master,Married,43811.45,30900.0,65.0,1,38600.0
56,Female,High School,Divorced,32703.88,0.0,33.0,0,0.0
41,Male,Bachelor,Married,69361.2,45900.0,70.0,1,59700.0
32,Male,High School,Married,25589.41,22500.0,52.0,1,25900.0
20,Female,Bachelor,Married,21016.2,30300.0,56.0,1,34800.0
40,Female,High School,Single,33894.0,23200.0,50.0,1,26700.0
45,Male,Bachelor,Married,137597.46,74000.0,76.0,1,96200.0
29,Male,Bachelor,Single,16912.57,0.0,37.0,1,16900.0
39,Female,High School,Single,79531.88,87800.0,63.0,1,109800.0
32,Female,Bachelor,Single,12435.44,23200.0,58.0,1,26700.0
33,Male,Bachelor,Single,21307.95,0.0,41.0,0,0.0
18,Female,Master,Married,26034.32,50500.0,66.0,1,57600.0
33,Female,High School,Married,53883.68,47200.0,60.0,1,59000.0
46,Female,High School,Widowed,22285.39,11500.0,49.0,1,12700.0
29,Male,Bachelor,Married,22452.74,32500.0,63.0,1,40600.0
36,Female,High School,Single,64297.87,109100.0,63.0,1,136400.0
27,Female,Bachelor,Single,106467.46,0.0,58.0,1,159700.0
39,Male,High School,Single,109071.16,218300.0,74.0,1,283800.0
33,Female,High School,Single,21855.14,48600.0,53.0,1,46700.0
25,Male,High School,Married,43374.22,82700.0,53.0,1,80000.0
50,Male,High School,Divorced,59510.41,148100.0,66.0,1,102400.0
46,Male,PhD,Married,120884.2,233200.0,86.0,1,326500.0
29,Female,PhD,Married,13505.18,23500.0,61.0,1,29400.0
41,Male,Bachelor,Married,84700.4,0.0,64.0,1,127100.0
41,Female,High School,Married,98845.73,83400.0,66.0,1,104200.0
43,Female,Master,Divorced,35433.98,32400.0,61.0,1,40500.0
18,Male,Master,Married,26284.96,9500.0,54.0,1,10900.0
47,Male,Master,Married,79116.89,64500.0,73.0,1,83800.0
29,Female,Bachelor,Married,318899.14,295900.0,78.0,1,384700.0
32,Female,High School,Single,62452.96,30500.0,51.0,1,35100.0
65,Male,High School,Married,24256.51,7900.0,42.0,0,7900.0
39,Male,Master,Single,19208.91,0.0,44.0,1,28800.0
31,Male,Master,Married,48466.63,33800.0,73.0,1,43900.0
18,Male,High School,Married,28296.08,0.0,36.0,0,0.0
51,Male,High School,Married,27833.84,68400.0,62.0,1,43700.0
21,Male,Bachelor,Single,71033.62,44500.0,64.0,1,55600.0
24,Male,Bachelor,Single,33815.86,0.0,44.0,1,50700.0
32,Male,Bachelor,Married,13356.91,28300.0,65.0,1,26000.0
51,Female,Bachelor,Married,64366.88,57600.0,70.0,1,74900.0
44,Female,High School,Single,64636.5,91200.0,63.0,1,114000.0
34,Male,High School,Widowed,70810.18,0.0,45.0,1,106200.0
39,Female,Bachelor,Married,170841.49,0.0,70.0,1,256300.0
29,Male,Bachelor,Married,25264.45,57200.0,68.0,1,51800.0
37,Female,High School,Married,34827.02,61300.0,57.0,1,61000.0
36,Female,High School,Single,45827.06,0.0,46.0,1,68700.0
46,Female,Bachelor,Widowed,18378.65,36100.0,57.0,1,34400.0
46,Male,High School,Widowed,147635.45,115400.0,63.0,1,144200.0
41,Female,Bachelor,Married,76230.71,51700.0,70.0,1,67200.0
32,Male,Bachelor,Married,32923.68,70700.0,72.0,1,91900.0
44,Male,Bachelor,Married,53408.63,121800.0,80.0,1,166400.0
34,Male,Bachelor,Married,32305.86,21100.0,62.0,1,26400.0
24,Female,High School,Married,22542.75,0.0,36.0,0,0.0
31,Female,Bachelor,Married,30773.02,0.0,50.0,1,46200.0
36,Male,High School,Single,82735.88,30300.0,57.0,1,34800.0
46,Male,Master,Married,29787.49,41700.0,70.0,1,54200.0
33,Male,Master,Married,71628.94,0.0,61.0,1,107400.0
22,Male,High School,Single,56750.18,75600.0,59.0,1,86900.0
36,Female,High School,Married,11610.61,23400.0,55.0,1,20400.0
37,Male,High School,Married,136883.03,110600.0,66.0,1,138200.0
38,Male,Bachelor,Married,22822.58,53100.0,72.0,1,69000.0
46,Male,High School,Single,42803.04,65900.0,55.0,1,75800.0
47,Female,Bachelor,Married,79973.19,117700.0,75.0,1,153000.0
29,Male,Bachelor,Married,399542.19,517600.0,83.0,1,724600.0
29,Female,Bachelor,Married,21918.22,16900.0,51.0,1,19400.0
24,Male,Master,Married,77804.37,71800.0,69.0,1,89800.0
43,Female,High School,Married,79951.09,121200.0,65.0,1,140100.0
51,Male,Master,Married,68764.12,132900.0,78.0,1,172800.0
32,Male,High School,Married,12622.52,7700.0,45.0,1,8500.0
33,Male,High School,Single,81378.36,118000.0,69.0,1,147500.0
52,Male,High School,Married,13236.32,4800.0,38.0,0,4800.0
41,Male,Bachelor,Married,17799.82,0.0,43.0,1,26700.0
40,Male,High School,Married,77889.46,161100.0,70.0,1,209400.0
22,Male,Bachelor,Single,70393.11,63900.0,64.0,1,79900.0
43,Male,High School,Single,149645.48,0.0,52.0,1,224500.0
25,Female,Master,Single,13514.94,19800.0,57.0,1,22800.0
23,Female,Bachelor,Single,39491.86,0.0,44.0,1,59200.0
32,Male,Bachelor,Married,21322.58,45900.0,65.0,1,41500.0
29,Male,Master,Single,33132.13,43000.0,64.0,1,53800.0
33,Male,Bachelor,Married,50443.99,110100.0,80.0,1,154100.0
20,Male,High School,Widowed,72887.32,23300.0,46.0,1,25600.0
46,Female,Bachelor,Single,29852.5,62100.0,70.0,1,80700.0
48,Female,Bachelor,Married,63859.75,23200.0,63.0,1,29000.0
18,Male,High School,Married,25487.38,0.0,36.0,0,0.0
46,Male,High School,Married,73160.44,175100.0,70.0,1,183600.0
27,Female,High School,Single,160852.47,361900.0,76.0,1,470500.0
45,Male,Bachelor,Divorced,39628.12,0.0,46.0,0,0.0
35,Male,High School,Divorced,44859.28,68100.0,53.0,1,78300.0
36,Female,High School,Divorced,54548.86,130000.0,66.0,1,104900.0
33,Male,High School,Married,86136.41,48700.0,66.0,1,60900.0
49,Male,Bachelor,Single,38850.23,21200.0,60.0,1,26500.0
22,Female,Bachelor,Single,18489.83,16800.0,49.0,1,18500.0
42,Male,Bachelor,Divorced,330426.85,496300.0,83.0,1,694800.0
48,Female,High School,Single,69226.41,46400.0,58.0,1,53400.0
43,Male,Master,Married,62039.24,138500.0,83.0,1,193900.0
61,Female,Bachelor,Single,87450.56,76400.0,71.0,1,99300.0
30,Female,Bachelor,Married,51798.91,119800.0,80.0,1,161400.0
46,Male,Master,Married,218716.06,203300.0,85.0,1,284600.0
34,Female,PhD,Widowed,45752.16,27700.0,72.0,1,36000.0
49,Female,Bachelor,Married,39005.86,75500.0,67.0,1,68000.0
35,Male,Master,Married,376676.71,155300.0,78.0,1,201900.0
31,Female,Bachelor,Married,53372.0,107400.0,80.0,1,150400.0
50,Female,High School,Married,10413.04,24500.0,55.0,1,16300.0
30,Female,High School,Single,55984.68,45300.0,58.0,1,52100.0
20,Male,Bachelor,Married,20604.02,43100.0,61.0,1,42200.0
30,Male,Bachelor,Married,45728.25,106100.0,80.0,1,142500.0
42,Male,High School,Married,99104.09,100200.0,71.0,1,130300.0
51,Male,Master,Single,46124.48,92900.0,81.0,1,130100.0
37,Male,High School,Married,43692.45,22700.0,52.0,1,26100.0
50,Male,High School,Married,102195.28,225300.0,76.0,1,256400.0
21,Male,High School,Single,171037.64,226300.0,71.0,1,294200.0
31,Male,PhD,Married,32889.09,0.0,55.0,1,49300.0
32,Male,Bachelor,Single,62768.62,91500.0,73.0,1,119000.0
34,Male,Bachelor,Married,273832.67,237200.0,82.0,1,332100.0
36,Female,Master,Married,31629.39,65000.0,75.0,1,84500.0
43,Male,Bachelor,Married,29859.82,30100.0,67.0,1,37600.0
31,Male,Master,Married,40648.38,18700.0,58.0,1,21500.0
37,Male,High School,Married,16095.95,6100.0,38.0,0,6100.0
35,Male,Bachelor,Single,44792.56,0.0,48.0,1,67200.0
25,Male,High School,Divorced,68299.72,0.0,40.0,1,102400.0
34,Female,PhD,Single,40824.91,69300.0,70.0,1,90100.0
34,Male,PhD,Single,78529.36,111000.0,78.0,1,144300.0
34,Female,Bachelor,Single,31225.36,57400.0,65.0,1,71800.0
36,Male,Bachelor,Divorced,19463.62,35000.0,56.0,1,40200.0
36,Male,Bachelor,Married,51973.55,81200.0,75.0,1,105600.0
31,Female,High School,Married,54150.39,97500.0,65.0,1,94900.0
49,Female,High School,Single,145699.16,320000.0,74.0,1,416000.0
23,Female,Bachelor,Single,38365.97,0.0,44.0,1,57500.0
28,Female,High School,Married,17725.95,37800.0,51.0,1,32700.0
66,Male,PhD,Single,16113.33,17500.0,60.0,1,21900.0
24,Female,High School,Married,51192.33,49800.0,56.0,1,57300.0
21,Male,Master,Married,30573.48,67200.0,71.0,1,87400.0
44,Female,Bachelor,Married,313076.04,511900.0,87.0,1,716700.0
18,Male,High School,Married,110346.31,0.0,50.0,1,165500.0
33,Male,High School,Single,17654.03,12700.0,43.0,1,14000.0
59,Female,PhD,Single,111085.27,0.0,64.0,1,166600.0
19,Male,Bachelor,Married,24250.74,29300.0,63.0,1,36600.0
18,Male,High School,Married,59595.22,53600.0,56.0,1,61600.0
19,Male,High School,Married,57273.91,42100.0,56.0,1,48400.0
45,Female,Bachelor,Married,19725.35,30100.0,60.0,1,34400.0
48,Female,High School,Married,15803.37,38400.0,55.0,1,24800.0
30,Female,High School,Single,23472.97,14000.0,50.0,1,16100.0
43,Female,Bachelor,Married,81700.51,0.0,64.0,1,122600.0
51,Male,Bachelor,Single,28179.83,39200.0,65.0,1,49000.0
55,Male,Bachelor,Married,70554.34,54600.0,70.0,1,71000.0
33,Male,Master,Single,34455.06,86100.0,73.0,1,111900.0
18,Male,Bachelor,Single,88721.44,106500.0,75.0,1,138400.0
26,Male,Master,Married,27863.51,35400.0,66.0,1,44200.0
31,Male,High School,Single,103066.6,80600.0,64.0,1,100800.0
33,Male,High School,Single,236853.18,485700.0,80.0,1,680000.0
33,Female,High School,Widowed,141881.53,187800.0,68.0,1,234800.0
48,Male,High School,Married,27003.49,0.0,40.0,1,40500.0
50,Female,PhD,Married,60321.18,0.0,63.0,1,90500.0
34,Female,PhD,Married,74612.47,43600.0,75.0,1,56700.0
48,Female,Bachelor,Married,100483.2,154100.0,81.0,1,215700.0
39,Female,Bachelor,Single,43742.0,30300.0,60.0,1,37900.0
36,Male,Bachelor,Married,68955.85,98900.0,75.0,1,128600.0
45,Female,Bachelor,Married,66761.85,166800.0,80.0,1,186100.0
36,Female,High School,Married,14356.53,18300.0,50.0,1,21000.0
58,Female,Bachelor,Single,56054.91,19900.0,58.0,1,22900.0
20,Female,Bachelor,Single,33118.22,56200.0,61.0,1,70200.0
30,Male,High School,Married,33184.27,28900.0,52.0,1,33200.0
34,Female,High School,Married,23290.81,0.0,40.0,1,34900.0
40,Male,High School,Single,20168.65,16400.0,43.0,1,18000.0
49,Female,Bachelor,Married,19849.15,46700.0,65.0,1,34600.0
35,Female,High School,Widowed,65151.3,22200.0,50.0,1,25500.0
20,Female,Bachelor,Married,120308.05,295000.0,82.0,1,394600.0
45,Female,High School,Widowed,67451.94,60800.0,57.0,1,69900.0
44,Male,High School,Single,27092.99,0.0,38.0,0,0.0
18,Male,Bachelor,Married,22019.37,0.0,46.0,1,33000.0
35,Female,Bachelor,Married,60943.58,68000.0,75.0,1,88400.0
18,Male,High School,Single,91620.47,0.0,48.0,1,137400.0
28,Male,Master,Married,22936.16,54400.0,71.0,1,70700.0
26,Male,High School,Married,46326.16,0.0,44.0,1,69500.0
44,Male,Master,Married,84602.66,200200.0,89.0,1,280300.0
37,Female,Bachelor,Married,102924.64,0.0,64.0,1,154400.0
21,Male,High School,Married,56445.23,62100.0,61.0,1,77600.0
45,Female,Bachelor,Married,67061.96,152300.0,80.0,1,187000.0
20,Female,High School,Single,16351.73,17800.0,44.0,0,17800.0
39,Male,High School,Married,24807.57,59100.0,62.0,1,43500.0
27,Male,High School,Married,85928.11,0.0,50.0,1,128900.0
31,Male,High School,Single,55398.69,106700.0,63.0,1,118400.0
41,Female,Bachelor,Divorced,174832.99,297500.0,83.0,1,416500.0
41,Male,Master,Married,56559.41,108200.0,78.0,1,140700.0
50,Male,Master,Married,22059.66,15400.0,65.0,1,19200.0
35,Female,High School,Married,88733.76,0.0,54.0,1,133100.0
39,Male,Bachelor,Divorced,66767.23,140800.0,76.0,1,183000.0
31,Female,High School,Single,84543.77,142700.0,69.0,1,178400.0
38,Female,Bachelor,Married,156090.87,119600.0,82.0,1,167400.0
40,Male,Master,Single,26117.43,0.0,51.0,1,39200.0
34,Female,High School,Single,83037.09,104600.0,69.0,1,130800.0
18,Male,PhD,Single,23174.8,7900.0,54.0,1,9100.0
39,Female,Bachelor,Married,33673.84,78500.0,72.0,1,102000.0
40,Female,Bachelor,Married,13049.36,26000.0,60.0,1,25400.0
28,Male,Bachelor,Married,61271.38,0.0,54.0,1,91900.0
21,Male,Bachelor,Married,158132.55,257300.0,83.0,1,360200.0
52,Female,PhD,Divorced,18200.6,18800.0,61.0,1,23500.0
41,Male,Bachelor,Married,129607.52,164200.0,81.0,1,229900.0
33,Female,High School,Single,23056.12,0.0,38.0,1,19700.0
23,Male,Bachelor,Single,46796.21,34600.0,64.0,1,43200.0
26,Male,High School,Single,76599.2,0.0,42.0,0,0.0
50,Female,PhD,Single,87697.33,45700.0,79.0,1,59400.0
37,Male,Master,Married,41487.15,21500.0,65.0,1,26900.0
29,Female,Bachelor,Married,100996.56,138400.0,77.0,1,179900.0
41,Male,Bachelor,Single,50455.21,96900.0,73.0,1,126000.0
27,Male,Master,Married,144947.56,327400.0,85.0,1,458400.0
52,Female,High School,Married,149185.11,231100.0,71.0,1,300400.0
50,Male,Bachelor,Married,145484.02,0.0,64.0,1,218200.0
30,Female,Bachelor,Married,42364.03,48800.0,67.0,1,61000.0
29,Female,Bachelor,Widowed,230821.03,0.0,63.0,1,346200.0
18,Female,High School,Married,105506.51,39400.0,55.0,1,45300.0
19,Female,Bachelor,Married,43025.85,82100.0,63.0,1,88200.0
21,Male,High School,Married,154993.47,70600.0,61.0,1,88200.0
37,Female,High School,Married,77027.72,151600.0,65.0,1,135000.0
32,Male,High School,Married,60092.05,112400.0,65.0,1,105300.0
21,Male,High School,Married,17534.46,43400.0,51.0,1,32400.0
32,Male,High School,Married,18720.42,6400.0,38.0,1,7000.0
41,Male,Bachelor,Widowed,72012.4,60100.0,67.0,1,75100.0
41,Female,Bachelor,Single,38933.08,18700.0,53.0,1,21500.0
18,Male,High School,Married,17080.6,40200.0,51.0,1,31500.0
34,Male,Bachelor,Married,44586.73,63800.0,67.0,1,79800.0
20,Male,Bachelor,Married,134280.3,322600.0,82.0,1,440400.0
45,Male,High School,Single,45561.1,29200.0,58.0,1,33600.0
44,Female,High School,Married,52350.41,53700.0,65.0,1,67100.0
26,Male,Bachelor,Married,176774.25,301500.0,83.0,1,422100.0
27,Male,High School,Married,32798.97,29700.0,48.0,1,32700.0
30,Male,High School,Married,11446.26,26600.0,55.0,1,20100.0
18,Male,PhD,Married,25583.86,32400.0,68.0,1,40500.0
39,Female,Bachelor,Married,186368.9,0.0,70.0,1,279600.0
32,Male,Bachelor,Married,55185.28,59200.0,75.0,1,77000.0
46,Male,Bachelor,Married,89399.04,67900.0,76.0,1,88300.0
23,Male,Master,Married,59796.68,122900.0,79.0,1,159800.0
29,Male,Master,Single,13003.02,26600.0,62.0,1,33200.0
19,Female,High School,Married,75042.95,157100.0,66.0,1,138500.0
24,Male,Bachelor,Single,37506.55,38500.0,61.0,1,48100.0
22,Female,Bachelor,Married,44260.17,96500.0,68.0,1,90700.0
46,Female,High School,Married,38780.75,0.0,40.0,1,58200.0
28,Male,Master,Married,24529.24,26800.0,66.0,1,33500.0
37,Female,High School,Single,44668.75,42800.0,50.0,1,49200.0
31,Female,High School,Married,19002.85,23700.0,50.0,1,27300.0
22,Female,Master,Single,113329.48,40600.0,66.0,1,50800.0
34,Male,High School,Divorced,28007.51,23800.0,48.0,1,26200.0
42,Male,High School,Married,88199.88,76000.0,66.0,1,95000.0
22,Male,Bachelor,Married,26430.64,57500.0,68.0,1,54200.0
44,Male,High School,Married,27234.51,49800.0,57.0,1,47700.0
26,Female,Bachelor,Married,61151.91,0.0,54.0,1,91700.0
30,Female,High School,Divorced,75576.21,83000.0,61.0,1,103800.0
41,Male,High School,Married,31883.65,77100.0,62.0,1,55900.0
28,Female,High School,Married,59006.89,95200.0,61.0,1,108900.0
36,Female,Bachelor,Married,13211.49,24300.0,60.0,1,25700.0
32,Male,High School,Married,24877.21,60600.0,62.0,1,43600.0
37,Male,Bachelor,Single,69581.5,121800.0,73.0,1,158300.0
18,Male,Bachelor,Married,28288.48,33400.0,63.0,1,41800.0
18,Female,Master,Married,29624.11,33800.0,66.0,1,42200.0
42,Female,Bachelor,Single,45350.83,0.0,56.0,1,68000.0
47,Male,High School,Married,68905.79,36000.0,60.0,1,45000.0
25,Male,Bachelor,Married,76339.05,86400.0,71.0,1,112300.0
33,Female,Bachelor,Single,21130.41,25800.0,58.0,1,29700.0
39,Female,Master,Married,107741.43,188000.0,84.0,1,263200.0
43,Male,Master,Married,21032.35,0.0,46.0,1,31500.0
18,Male,Master,Married,61250.88,116300.0,74.0,1,151200.0
26,Female,Bachelor,Single,81107.68,42200.0,70.0,1,54900.0
32,Male,High School,Married,42626.45,42400.0,52.0,1,48800.0
43,Male,Bachelor,Widowed,176522.81,403900.0,89.0,1,565500.0
63,Female,Bachelor,Single,59644.97,0.0,53.0,1,89500.0
33,Male,Master,Single,27990.43,48900.0,68.0,1,61100.0
20,Female,Master,Widowed,32109.98,0.0,46.0,1,48200.0
40,Male,Bachelor,Married,16655.84,7200.0,48.0,1,7900.0
50,Male,Bachelor,Married,152158.4,89700.0,82.0,1,125600.0
37,Male,High School,Single,37913.18,35300.0,50.0,1,40600.0
26,Male,Bachelor,Single,24682.94,12900.0,56.0,1,14800.0
46,Male,Bachelor,Single,17341.81,19300.0,58.0,1,22200.0
43,Female,PhD,Married,12014.42,21300.0,65.0,1,26600.0
24,Male,Master,Married,38361.47,73400.0,66.0,1,84900.0
40,Female,Bachelor,Single,177892.25,197000.0,85.0,1,275800.0
46,Male,High School,Single,79690.49,178600.0,68.0,1,152400.0
49,Male,High School,Married,76263.08,169600.0,70.0,1,191400.0
35,Male,Bachelor,Married,96973.62,59700.0,76.0,1,77600.0
32,Female,High School,Married,26246.56,46800.0,57.0,1,46000.0
49,Male,High School,Single,258152.93,229400.0,70.0,1,298200.0
22,Male,Master,Married,43469.99,0.0,49.0,1,65200.0
40,Female,High School,Married,13970.7,15700.0,50.0,1,18100.0
20,Male,High School,Married,40716.75,63100.0,53.0,1,72600.0
47,Male,Bachelor,Divorced,49668.81,83500.0,71.0,1,108600.0
33,Male,Master,Single,17944.03,11300.0,56.0,1,13000.0
49,Female,Master,Married,80059.9,112600.0,84.0,1,157600.0
41,Male,PhD,Married,34487.2,0.0,55.0,1,51700.0
22,Female,Bachelor,Single,79508.07,55400.0,64.0,1,69200.0
51,Female,High School,Married,77564.94,150400.0,65.0,1,121600.0
53,Female,Master,Widowed,132928.27,307100.0,86.0,1,429500.0
45,Male,High School,Single,167896.72,213400.0,75.0,1,277400.0
27,Female,High School,Married,60373.32,118600.0,61.0,1,111400.0
32,Male,High School,Married,273589.96,428600.0,77.0,1,557200.0
37,Female,Bachelor,Married,69293.75,154500.0,80.0,1,215900.0
28,Male,Master,Married,50881.44,0.0,57.0,1,76300.0
54,Female,High School,Single,33852.31,72400.0,60.0,1,64700.0
37,Male,Bachelor,Single,13889.39,32400.0,63.0,1,33000.0
18,Male,Master,Married,27903.31,0.0,49.0,1,41900.0
39,Female,High School,Married,70957.57,0.0,48.0,1,106400.0
32,Male,Bachelor,Married,29580.87,47100.0,67.0,1,57600.0
35,Male,Bachelor,Married,41676.68,0.0,50.0,1,62500.0
31,Female,High School,Married,14919.75,7300.0,38.0,0,7300.0
44,Female,High School,Married,31499.87,0.0,40.0,1,47200.0
48,Male,High School,Married,44584.67,45300.0,57.0,1,52100.0
39,Male,Bachelor,Single,60368.71,133500.0,78.0,1,173600.0
32,Female,Master,Married,25024.18,48500.0,70.0,1,63000.0
35,Female,Bachelor,Married,42161.42,73000.0,67.0,1,82100.0
36,Male,Master,Married,43090.96,30600.0,65.0,1,38200.0
27,Female,Bachelor,Married,12717.4,18500.0,56.0,1,21300.0
42,Male,High School,Married,42287.77,13500.0,45.0,1,14900.0
41,Male,Bachelor,Married,15934.68,12000.0,55.0,1,13800.0
52,Male,Bachelor,Married,22998.93,47500.0,72.0,1,61800.0
49,Male,High School,Married,34623.11,60300.0,57.0,1,54300.0
28,Female,High School,Married,20185.28,30400.0,46.0,1,33400.0
45,Male,PhD,Married,62849.23,135500.0,85.0,1,189700.0
25,Male,Bachelor,Married,34673.0,0.0,46.0,1,52000.0
43,Female,High School,Married,51327.64,0.0,48.0,1,77000.0
30,Male,High School,Married,82898.86,177800.0,76.0,1,231100.0
24,Female,High School,Married,24458.48,23600.0,48.0,1,26000.0
39,Male,High School,Single,24171.87,52800.0,60.0,1,51700.0
18,Female,High School,Divorced,87010.13,153100.0,63.0,1,176200.0
18,Male,High School,Married,42089.88,71100.0,53.0,1,77700.0
34,Male,High School,Married,16898.5,8000.0,38.0,0,8000.0
36,Female,Bachelor,Single,49776.93,67200.0,73.0,1,87400.0
31,Female,High School,Married,69569.38,78000.0,65.0,1,97500.0
18,Female,High School,Single,86424.42,0.0,48.0,1,129600.0
27,Female,High School,Married,145111.94,0.0,50.0,1,217700.0
40,Male,High School,Single,53920.72,87700.0,63.0,1,109600.0
42,Male,High School,Married,42834.11,51700.0,57.0,1,59500.0
35,Female,Bachelor,Married,83945.53,173800.0,86.0,1,243300.0
48,Female,Bachelor,Married,300249.23,0.0,70.0,1,450400.0
40,Female,High School,Single,83350.95,110100.0,69.0,1,137600.0
27,Female,Master,Single,95072.59,61900.0,73.0,1,80500.0
32,Male,Bachelor,Single,15534.17,11600.0,53.0,1,13300.0
20,Male,High School,Married,12137.07,23000.0,46.0,1,22400.0
34,Male,High School,Single,41263.44,87100.0,60.0,1,88200.0
48,Female,PhD,Single,88703.61,98100.0,84.0,1,137300.0
43,Female,PhD,Married,43406.08,48000.0,72.0,1,62400.0
51,Male,High School,Married,67650.68,45300.0,60.0,1,56600.0
32,Male,High School,Married,33752.94,0.0,40.0,1,50600.0
50,Male,Bachelor,Widowed,85870.29,48500.0,73.0,1,63000.0
33,Female,Bachelor,Married,154957.2,0.0,70.0,1,232400.0
52,Female,High School,Married,23715.92,38300.0,57.0,1,37200.0
35,Male,Bachelor,Married,24951.83,52000.0,72.0,1,67600.0
43,Female,High School,Married,43889.62,71000.0,57.0,1,76900.0
52,Male,High School,Married,30415.46,23000.0,52.0,1,26400.0
33,Male,Bachelor,Divorced,53431.18,84000.0,71.0,1,109200.0
38,Female,Master,Married,78099.07,178900.0,83.0,1,250500.0
50,Female,High School,Married,84585.97,172800.0,76.0,1,212200.0
34,Female,Bachelor,Married,26750.76,18100.0,62.0,1,22600.0
21,Male,High School,Married,27783.03,14000.0,48.0,1,15400.0
59,Male,High School,Married,42698.64,102900.0,59.0,1,67000.0
30,Male,Master,Single,10158.06,0.0,44.0,1,15200.0
37,Male,Bachelor,Widowed,20895.4,44300.0,62.0,1,43700.0
48,Male,Bachelor,Married,22903.03,0.0,50.0,1,34400.0
29,Male,High School,Married,24194.27,32100.0,53.0,1,36900.0
24,Male,High School,Widowed,83802.39,186300.0,69.0,1,165900.0
38,Male,Bachelor,Married,56178.89,33000.0,70.0,1,42900.0
18,Female,High School,Married,27167.98,28400.0,53.0,1,32700.0
32,Female,High School,Married,165971.57,174500.0,77.0,1,226800.0
38,Female,Bachelor,Married,16506.32,0.0,43.0,1,24800.0
33,Male,High School,Married,30064.24,21400.0,52.0,1,24600.0
19,Male,High School,Single,77140.45,146800.0,59.0,1,168800.0
53,Male,Bachelor,Widowed,40624.15,53500.0,64.0,1,66900.0
37,Male,High School,Married,83824.59,0.0,54.0,1,125700.0
51,Male,Bachelor,Married,100741.68,0.0,64.0,1,151100.0
33,Male,Master,Married,16990.54,13000.0,58.0,1,14900.0
26,Female,High School,Married,75519.85,176600.0,66.0,1,139300.0
38,Female,High School,Divorced,11397.69,6900.0,41.0,0,6900.0
33,Male,Bachelor,Married,36032.89,11100.0,55.0,1,12800.0
23,Female,Bachelor,Married,10383.26,0.0,39.0,0,0.0
52,Male,Bachelor,Married,60370.68,0.0,58.0,1,90600.0
29,Female,High School,Divorced,25956.37,0.0,32.0,0,0.0
18,Female,High School,Married,34907.75,69900.0,58.0,1,64400.0
50,Female,High School,Married,26395.13,20100.0,52.0,1,23100.0
30,Male,Bachelor,Single,40150.31,96300.0,70.0,1,125200.0
29,Male,High School,Single,24786.36,46100.0,51.0,1,53000.0
18,Male,Master,Single,79102.31,172600.0,77.0,1,224400.0
55,Male,Bachelor,Single,201759.91,303900.0,85.0,1,425500.0
21,Female,High School,Single,64907.73,98500.0,59.0,1,113300.0
36,Female,High School,Single,76434.04,0.0,46.0,1,114700.0
46,Female,High School,Widowed,104532.12,58300.0,63.0,1,72900.0
40,Male,Bachelor,Single,78855.48,124400.0,73.0,1,161700.0
35,Female,Bachelor,Married,43928.46,19800.0,55.0,1,22800.0
18,Male,High School,Married,262148.28,649700.0,78.0,1,773900.0
27,Male,High School,Single,90016.23,151900.0,65.0,1,189900.0
38,Female,High School,Married,32967.08,15900.0,45.0,1,17500.0
27,Male,High School,Single,85609.85,79600.0,60.0,1,99500.0
38,Male,Bachelor,Single,74925.27,169400.0,78.0,1,220200.0
43,Male,Bachelor,Widowed,76647.87,36700.0,60.0,1,45900.0
46,Female,High School,Married,161322.02,0.0,60.0,1,242000.0
22,Female,Bachelor,Married,85869.17,121100.0,77.0,1,157400.0
60,Male,High School,Married,50616.18,124600.0,67.0,1,70000.0
44,Female,High School,Single,143118.86,108500.0,64.0,1,135600.0
35,Female,High School,Married,42463.84,86800.0,62.0,1,74400.0
47,Female,Bachelor,Married,79915.01,84300.0,75.0,1,109600.0
62,Female,High School,Divorced,56202.38,0.0,41.0,1,84300.0
20,Female,High School,Single,168714.57,340900.0,76.0,1,443200.0
33,Female,High School,Married,244702.77,337100.0,77.0,1,438200.0
18,Male,High School,Single,63489.89,86100.0,59.0,1,99000.0
38,Male,High School,Single,53353.81,95100.0,63.0,1,114000.0
40,Male,High School,Married,84835.2,0.0,54.0,1,127300.0
35,Male,High School,Single,49185.65,85800.0,63.0,1,105100.0
28,Male,High School,Married,89734.9,91200.0,67.0,1,114000.0
18,Male,High School,Married,29559.65,46600.0,53.0,1,53600.0
40,Male,Bachelor,Single,76986.39,0.0,56.0,1,115500.0
52,Male,Bachelor,Single,24960.7,56500.0,70.0,1,73400.0
29,Male,Bachelor,Widowed,15854.36,18900.0,53.0,1,21700.0
40,Female,High School,Married,46805.94,38100.0,60.0,1,47600.0
18,Female,High School,Married,169055.96,78600.0,61.0,1,98200.0
41,Male,High School,Married,130178.64,0.0,54.0,1,195300.0
31,Male,High School,Single,78423.93,0.0,46.0,1,117600.0
27,Male,High School,Single,85253.15,0.0,48.0,1,127900.0
27,Male,High School,Single,48086.79,100300.0,64.0,1,108200.0
31,Male,Master,Married,33763.15,68300.0,75.0,1,88800.0
40,Female,High School,Married,12274.49,15400.0,50.0,1,17700.0
21,Male,Master,Single,48105.32,87800.0,72.0,1,114100.0
31,Female,Master,Single,36306.76,30000.0,63.0,1,37500.0
35,Female,Master,Married,50134.36,117600.0,83.0,1,164600.0
23,Male,Master,Married,67137.08,160700.0,79.0,1,208900.0
55,Male,High School,Widowed,107722.66,255600.0,73.0,1,290100.0
26,Male,High School,Single,53897.46,90000.0,59.0,1,103500.0
28,Male,High School,Married,137069.48,62700.0,55.0,1,72100.0
25,Male,High School,Married,69992.54,115500.0,61.0,1,129100.0
55,Female,High School,Married,180765.45,222000.0,77.0,1,288600.0
42,Female,Master,Married,135069.23,158000.0,84.0,1,221200.0
25,Female,High School,Single,37404.26,0.0,34.0,0,0.0
48,Male,High School,Single,329272.59,731900.0,80.0,1,1007600.0
38,Male,Bachelor,Married,41547.24,90900.0,72.0,1,118200.0
38,Male,High School,Married,85288.52,0.0,54.0,1,127900.0
32,Male,High School,Married,146057.53,358000.0,76.0,1,409600.0
27,Male,High School,Single,33082.14,19800.0,46.0,1,21800.0
39,Female,Master,Married,108369.6,231600.0,89.0,1,324200.0
30,Male,Bachelor,Married,207887.47,346700.0,87.0,1,485400.0
55,Female,Bachelor,Married,144818.97,198200.0,81.0,1,277500.0
22,Female,High School,Married,175192.48,423900.0,78.0,1,517200.0
52,Male,Master,Married,28398.94,44900.0,70.0,1,58400.0
34,Female,High School,Married,24287.43,51800.0,62.0,1,42600.0
39,Male,Bachelor,Single,64073.77,0.0,56.0,1,96100.0
45,Male,Master,Married,10005.79,3700.0,51.0,1,4300.0
29,Female,Bachelor,Single,139821.71,106900.0,70.0,1,139000.0
45,Male,Bachelor,Married,23138.02,0.0,50.0,1,34700.0
18,Female,High School,Married,86893.45,133400.0,67.0,1,160300.0
28,Female,High School,Married,20439.2,44000.0,51.0,1,37700.0
25,Female,Master,Married,24642.74,44500.0,66.0,1,54600.0
22,Female,High School,Single,51610.34,33000.0,54.0,1,38000.0
33,Male,Master,Married,87905.14,48400.0,79.0,1,62900.0
40,Male,Bachelor,Widowed,40711.71,55700.0,64.0,1,69600.0
43,Male,High School,Married,21304.29,50500.0,55.0,1,37300.0
38,Male,Bachelor,Married,60052.56,35600.0,70.0,1,46300.0
28,Male,High School,Married,99986.15,140400.0,67.0,1,175500.0
40,Female,High School,Married,36153.9,0.0,40.0,0,0.0
37,Male,High School,Married,88501.73,0.0,54.0,1,132800.0
46,Female,High School,Single,24989.16,29900.0,55.0,1,34400.0
44,Female,Master,Married,163700.53,242200.0,90.0,1,363300.0
36,Male,High School,Married,14315.35,0.0,33.0,0,0.0
26,Male,Bachelor,Divorced,11386.1,19900.0,52.0,1,22900.0
28,Male,High School,Single,15508.45,29900.0,44.0,1,32900.0
29,Male,Bachelor,Single,66993.0,114300.0,69.0,1,142900.0
32,Male,Bachelor,Married,90817.51,42100.0,69.0,1,52600.0
38,Male,High School,Married,132700.5,41700.0,59.0,1,48000.0
43,Female,Master,Divorced,74136.51,0.0,57.0,1,111200.0
35,Male,Master,Married,19175.94,26400.0,63.0,1,33000.0
36,Female,Bachelor,Married,24266.82,37500.0,67.0,1,46900.0
37,Female,Master,Married,168888.4,387700.0,95.0,1,568400.0
30,Male,Bachelor,Single,52548.56,80400.0,73.0,1,104500.0
25,Male,Bachelor,Married,74622.92,64000.0,66.0,1,80000.0
18,Female,High School,Single,69868.46,89800.0,59.0,1,103300.0
28,Female,High School,Married,42240.2,57700.0,53.0,1,66400.0
41,Male,PhD,Married,93478.07,168200.0,86.0,1,235500.0
28,Male,High School,Married,53620.32,57600.0,61.0,1,72000.0
33,Male,High School,Single,50488.46,0.0,46.0,1,75700.0
41,Male,High School,Widowed,59739.8,88300.0,62.0,1,110400.0
41,Male,High School,Single,120496.36,180800.0,69.0,1,226000.0
24,Male,High School,Married,24038.09,47400.0,53.0,1,44400.0
46,Female,Bachelor,Married,16171.9,0.0,43.0,0,0.0
48,Male,PhD,Single,24673.59,55600.0,75.0,1,72300.0
23,Male,High School,Married,10892.2,7900.0,41.0,1,8700.0
26,Male,Bachelor,Married,46492.75,0.0,54.0,1,69700.0
49,Female,High School,Married,86811.39,43600.0,66.0,1,54500.0
34,Male,High School,Married,125706.49,168000.0,71.0,1,218400.0
18,Female,Bachelor,Married,57765.88,60300.0,71.0,1,78400.0
20,Male,Master,Married,66702.33,51700.0,69.0,1,64600.0
33,Male,High School,Married,104192.19,0.0,54.0,1,156300.0
23,Male,High School,Single,126554.19,76900.0,60.0,1,96100.0
31,Female,High School,Married,53574.55,23600.0,53.0,1,27100.0
36,Male,Master,Single,13652.71,10600.0,56.0,1,12200.0
52,Female,High School,Single,43256.96,13400.0,43.0,0,13400.0
32,Female,High School,Single,25420.08,0.0,38.0,0,0.0
47,Female,Master,Single,284245.87,689800.0,93.0,1,1034700.0
51,Male,Bachelor,Single,74738.66,88500.0,73.0,1,115000.0
51,Female,Master,Single,86309.87,200300.0,87.0,1,280400.0
39,Male,Master,Married,173070.98,204100.0,90.0,1,306200.0
18,Male,Bachelor,Single,56126.65,0.0,52.0,1,84200.0
41,Male,Bachelor,Married,21317.86,39200.0,60.0,1,41500.0
47,Female,High School,Married,13976.67,0.0,33.0,0,0.0
35,Male,PhD,Married,170542.92,226800.0,92.0,1,340200.0
55,Male,High School,Married,49194.17,27900.0,60.0,1,34900.0
45,Male,Bachelor,Divorced,53925.77,64300.0,71.0,1,83600.0
42,Male,High School,Married,23816.95,21900.0,52.0,1,25200.0
47,Male,High School,Single,13588.32,0.0,31.0,0,0.0
39,Male,High School,Married,42098.62,0.0,40.0,0,0.0
18,Male,Bachelor,Married,52167.14,120500.0,76.0,1,156600.0
30,Male,High School,Married,55118.09,0.0,48.0,1,82700.0
49,Female,High School,Married,109456.73,211800.0,71.0,1,274600.0
27,Male,High School,Married,240433.61,0.0,56.0,1,360700.0
33,Male,High School,Single,45840.64,101300.0,68.0,1,98000.0
24,Male,Bachelor,Divorced,128146.27,221600.0,73.0,1,288100.0
55,Female,High School,Married,177866.38,406400.0,82.0,1,446300.0
54,Male,High School,Married,65163.81,38100.0,60.0,1,47600.0
26,Male,Bachelor,Widowed,40706.82,55600.0,60.0,1,69500.0
37,Male,Bachelor,Married,35142.88,48600.0,67.0,1,60800.0
28,Female,Bachelor,Married,22342.31,43100.0,63.0,1,45800.0
42,Female,PhD,Married,142695.71,0.0,69.0,1,214000.0
41,Male,High School,Married,175186.22,57600.0,65.0,1,72000.0
44,Male,Bachelor,Married,34730.74,60100.0,67.0,1,67600.0
39,Male,Bachelor,Married,34142.46,13300.0,55.0,1,15300.0
68,Male,Bachelor,Single,75160.15,0.0,53.0,1,112700.0
24,Female,Bachelor,Married,42030.42,91100.0,68.0,1,86200.0
18,Male,High School,Married,34989.4,53800.0,53.0,1,61900.0
31,Female,High School,Married,63289.63,137300.0,70.0,1,177500.0
18,Male,Bachelor,Single,10444.96,17900.0,54.0,1,20600.0
19,Male,High School,Married,24554.51,56300.0,58.0,1,45300.0
24,Male,Bachelor,Married,148384.92,0.0,60.0,1,222600.0
25,Male,Bachelor,Single,72852.24,137900.0,69.0,1,172400.0
25,Female,High School,Widowed,27497.63,0.0,33.0,0,0.0
41,Male,High School,Single,154703.07,239100.0,75.0,1,310800.0
30,Female,High School,Married,115169.92,249700.0,76.0,1,323000.0
34,Female,High School,Single,13659.69,18100.0,48.0,1,19900.0
45,Male,High School,Married,10736.77,0.0,33.0,0,0.0
27,Female,High School,Married,34656.47,67500.0,53.0,1,63900.0
33,Male,High School,Married,115892.58,223000.0,71.0,1,289900.0
40,Male,High School,Married,163704.49,0.0,60.0,1,245600.0
18,Female,High School,Married,19617.6,0.0,29.0,0,0.0
18,Male,PhD,Married,50779.91,42600.0,71.0,1,55400.0
39,Male,PhD,Married,52199.69,83700.0,80.0,1,117200.0
41,Female,High School,Married,29382.78,44900.0,57.0,1,51500.0
58,Female,High School,Married,71138.45,40000.0,57.0,1,46000.0
37,Male,Bachelor,Single,29877.83,37800.0,65.0,1,47200.0
45,Female,High School,Single,30055.89,0.0,38.0,0,0.0
33,Male,Bachelor,Married,25221.4,16300.0,62.0,1,20400.0
39,Female,High School,Married,253831.66,114700.0,65.0,1,143400.0
54,Male,High School,Married,132336.59,183500.0,71.0,1,238600.0
18,Female,Bachelor,Married,178624.74,0.0,66.0,1,267900.0
40,Male,Bachelor,Married,165416.84,395800.0,92.0,1,515400.0
59,Female,PhD,Married,40238.58,67500.0,69.0,1,80600.0
39,Female,High School,Married,140383.86,280500.0,71.0,1,364600.0
54,Male,Master,Married,30282.07,36500.0,70.0,1,47400.0
29,Male,Bachelor,Single,167125.18,399200.0,86.0,1,558900.0
35,Female,Bachelor,Married,60634.33,121600.0,80.0,1,170200.0
36,Female,Master,Married,35634.31,35200.0,65.0,1,44000.0
18,Male,Master,Married,27915.04,15800.0,61.0,1,19800.0
23,Male,Bachelor,Married,39857.42,52300.0,63.0,1,65400.0
23,Female,High School,Single,68153.99,103000.0,59.0,1,118400.0
45,Male,Bachelor,Single,85282.58,125300.0,79.0,1,162900.0
45,Male,Bachelor,Single,141201.01,334500.0,84.0,1,468300.0
39,Female,Bachelor,Single,25779.01,47100.0,65.0,1,58900.0
45,Male,Bachelor,Married,89682.65,118700.0,81.0,1,166200.0
34,Male,High School,Divorced,67588.47,0.0,44.0,1,101400.0
49,Male,High School,Single,13008.5,0.0,31.0,0,0.0
36,Female,High School,Single,29573.51,60900.0,60.0,1,63200.0
36,Male,Master,Married,100911.08,226100.0,89.0,1,316500.0
33,Female,High School,Married,48327.31,115200.0,70.0,1,135500.0
43,Female,Bachelor,Married,32363.02,0.0,50.0,1,48500.0
31,Male,Master,Widowed,43893.08,41100.0,62.0,1,51400.0
46,Female,High School,Married,11475.73,7600.0,45.0,1,8400.0
23,Male,Bachelor,Married,42762.66,75600.0,63.0,1,87700.0
23,Female,Bachelor,Married,40324.89,0.0,46.0,1,60500.0
43,Male,High School,Single,40547.81,53400.0,55.0,1,61400.0
35,Female,High School,Married,38328.93,77700.0,62.0,1,67200.0
31,Male,Bachelor,Single,17102.03,37100.0,63.0,1,40600.0
45,Male,High School,Married,100924.87,164500.0,71.0,1,213800.0
29,Female,Bachelor,Single,35240.01,0.0,44.0,1,52900.0
33,Male,Bachelor,Married,60838.99,26800.0,63.0,1,33500.0
51,Female,High School,Married,24422.0,46900.0,57.0,1,38300.0
52,Male,High School,Single,81172.26,151300.0,69.0,1,155200.0
53,Male,High School,Single,34570.62,28300.0,50.0,1,32500.0
32,Female,High School,Married,18939.46,36100.0,50.0,1,33200.0
49,Male,Bachelor,Married,285492.22,230900.0,82.0,1,323300.0
25,Female,Bachelor,Married,69827.27,124600.0,71.0,1,162000.0
26,Male,High School,Married,38383.89,0.0,36.0,0,0.0
18,Male,Bachelor,Single,27679.78,0.0,44.0,1,41500.0
54,Female,High School,Married,83117.18,97700.0,71.0,1,127000.0
26,Male,Master,Married,63942.68,104000.0,74.0,1,135200.0
34,Male,High School,Married,38295.26,0.0,40.0,1,57400.0
25,Female,High School,Married,59673.61,129800.0,66.0,1,110100.0
43,Male,Bachelor,Married,38156.92,92700.0,72.0,1,118900.0
31,Male,Bachelor,Married,46958.45,0.0,58.0,1,70400.0
21,Female,High School,Married,86816.78,65100.0,62.0,1,81400.0
40,Female,High School,Single,19442.74,0.0,31.0,0,0.0
20,Male,High School,Married,74916.25,180400.0,66.0,1,138200.0
26,Male,High School,Single,29449.29,58300.0,51.0,1,66300.0
18,Female,High School,Single,20111.05,49600.0,49.0,1,45200.0
20,Male,Bachelor,Single,159091.74,354100.0,86.0,1,495700.0
37,Male,Master,Married,32420.94,58700.0,70.0,1,76300.0
18,Female,Bachelor,Married,53885.24,38100.0,66.0,1,47600.0
19,Male,High School,Single,26036.82,58200.0,56.0,1,58600.0
35,Female,Master,Married,33228.51,0.0,53.0,1,49800.0
30,Female,Bachelor,Single,80253.36,0.0,62.0,1,120400.0
57,Female,High School,Single,77150.94,0.0,43.0,1,115700.0
56,Female,Bachelor,Divorced,67210.39,162700.0,73.0,1,205700.0
26,Male,High School,Single,54199.23,0.0,42.0,0,0.0
42,Male,High School,Single,55765.37,108800.0,63.0,1,119200.0
44,Female,High School,Single,47593.69,94100.0,63.0,1,101700.0
29,Male,Bachelor,Single,52955.83,27000.0,64.0,1,33800.0
19,Female,High School,Married,182807.05,443400.0,78.0,1,539600.0
35,Male,Bachelor,Single,75352.26,0.0,56.0,1,113000.0
34,Female,Bachelor,Married,35529.51,66600.0,67.0,1,69200.0
31,Male,High School,Married,44723.0,55400.0,57.0,1,63700.0
40,Male,High School,Married,79324.79,79100.0,60.0,1,98900.0
27,Male,Bachelor,Married,27663.53,43000.0,63.0,1,53800.0
23,Female,Bachelor,Single,38281.52,86600.0,66.0,1,95700.0
37,Male,High School,Married,22279.95,38100.0,57.0,1,39100.0
40,Female,Bachelor,Married,178754.19,310400.0,87.0,1,434600.0
23,Male,High School,Single,36132.01,36000.0,46.0,1,39600.0
46,Male,High School,Married,24752.41,20200.0,52.0,1,23200.0
18,Female,Bachelor,Married,67433.36,0.0,54.0,1,101200.0
29,Male,Bachelor,Single,21287.37,13200.0,49.0,1,14500.0
33,Male,High School,Single,166473.01,213500.0,75.0,1,277600.0
29,Male,High School,Married,58451.35,49700.0,56.0,1,57200.0
29,Female,High School,Married,62826.59,116400.0,61.0,1,115900.0
56,Female,PhD,Married,41631.84,61500.0,69.0,1,76900.0
26,Male,High School,Married,20800.14,10800.0,41.0,0,10800.0
62,Male,High School,Single,43035.73,0.0,35.0,0,0.0
40,Male,Bachelor,Married,87655.03,142300.0,81.0,1,199200.0
37,Female,High School,Married,135048.79,126900.0,66.0,1,158600.0
41,Male,High School,Married,83768.36,86100.0,71.0,1,111900.0
63,Female,Bachelor,Single,60613.8,0.0,53.0,1,90900.0
25,Male,Bachelor,Single,364383.48,199000.0,76.0,1,258700.0
23,Female,Bachelor,Married,121271.83,0.0,60.0,1,181900.0
27,Male,High School,Single,72374.31,55800.0,54.0,1,64200.0
36,Female,Bachelor,Married,15621.58,13000.0,55.0,1,14900.0
18,Male,High School,Single,42537.6,49400.0,51.0,1,56800.0
36,Male,High School,Married,23529.98,56100.0,62.0,1,41200.0
54,Female,High School,Married,43822.24,99500.0,62.0,1,68700.0
37,Female,Bachelor,Married,32628.17,63400.0,67.0,1,63500.0
32,Male,Bachelor,Married,133325.37,273100.0,86.0,1,382300.0
29,Female,Bachelor,Single,82251.76,119100.0,75.0,1,154800.0
45,Male,Bachelor,Single,74978.19,171800.0,78.0,1,223300.0
26,Male,High School,Widowed,43935.33,25500.0,45.0,1,28100.0
56,Male,High School,Married,34572.17,51600.0,54.0,1,54200.0
57,Male,Bachelor,Single,16703.82,0.0,38.0,0,0.0
38,Female,High School,Married,88726.62,137900.0,71.0,1,179300.0
35,Male,High School,Single,43308.12,90600.0,60.0,1,92600.0
47,Male,Master,Single,26799.94,17900.0,63.0,1,22400.0
48,Male,Bachelor,Single,29059.73,11200.0,53.0,1,12900.0
27,Male,High School,Single,36382.79,55600.0,51.0,1,63900.0
30,Female,Bachelor,Married,21272.5,39000.0,60.0,1,41400.0
21,Female,Bachelor,Married,16760.28,25500.0,56.0,1,29300.0
40,Male,High School,Married,155954.07,171600.0,77.0,1,223100.0
43,Male,High School,Married,49229.94,93000.0,65.0,1,86300.0
21,Female,High School,Single,68518.09,160800.0,64.0,1,154200.0
30,Male,High School,Single,51642.07,80200.0,63.0,1,100200.0
21,Male,High School,Married,56728.45,38300.0,56.0,1,44000.0
26,Male,Master,Married,52483.71,75900.0,74.0,1,98700.0
42,Male,Bachelor,Single,104932.09,0.0,62.0,1,157400.0
27,Female,Master,Married,44809.27,32900.0,61.0,1,41100.0
32,Female,High School,Widowed,58421.04,74500.0,62.0,1,93100.0
18,Female,High School,Married,304406.68,539000.0,73.0,1,700700.0
38,Male,Master,Single,10241.03,0.0,44.0,1,15400.0
35,Male,Bachelor,Single,40546.88,30400.0,60.0,1,38000.0
27,Female,Master,Divorced,37645.24,71000.0,62.0,1,88800.0
33,Female,High School,Single,110590.07,109300.0,64.0,1,136600.0
37,Female,Master,Married,10432.72,5300.0,58.0,1,6100.0
27,Male,High School,Married,57356.14,0.0,44.0,1,86000.0
19,Female,High School,Married,146572.24,111200.0,62.0,1,139000.0
55,Male,Bachelor,Single,10182.43,5400.0,53.0,1,6200.0
29,Male,Bachelor,Married,10904.31,0.0,39.0,0,0.0
34,Female,High School,Single,270056.41,621800.0,80.0,1,870500.0
47,Female,PhD,Married,105839.92,142800.0,86.0,1,199900.0
70,Female,Bachelor,Married,73431.45,58200.0,67.0,1,72800.0
22,Female,High School,Single,26017.16,41100.0,51.0,1,47300.0
40,Male,High School,Married,179425.34,304700.0,77.0,1,396100.0
28,Male,High School,Widowed,129223.16,305400.0,69.0,1,255900.0
30,Female,High School,Married,51674.25,0.0,48.0,1,77500.0
28,Male,Bachelor,Single,23698.18,25000.0,61.0,1,31200.0
23,Male,Bachelor,Married,63925.22,0.0,54.0,1,95900.0
35,Male,Bachelor,Married,19709.11,43200.0,65.0,1,38400.0
19,Male,High School,Married,32093.21,54600.0,53.0,1,59200.0
46,Female,High School,Married,51348.61,111600.0,70.0,1,128800.0
36,Male,Master,Widowed,15864.51,23000.0,60.0,1,28800.0
40,Male,High School,Married,14048.45,22700.0,50.0,1,24600.0
30,Female,High School,Married,67584.09,35200.0,60.0,1,44000.0
31,Male,Bachelor,Single,30996.16,35300.0,65.0,1,44100.0
39,Female,Bachelor,Married,36901.45,12200.0,55.0,1,14000.0
23,Male,PhD,Married,40483.37,78600.0,68.0,1,95400.0
32,Female,PhD,Married,84890.39,100400.0,86.0,1,140600.0
26,Male,Master,Married,39049.67,88900.0,71.0,1,115600.0
26,Male,High School,Married,60976.04,32200.0,56.0,1,37000.0
18,Male,High School,Married,32314.53,11300.0,41.0,0,11300.0
50,Male,Bachelor,Divorced,17701.19,19900.0,56.0,1,22900.0
28,Female,High School,Single,109784.57,268100.0,70.0,1,348500.0
48,Male,High School,Widowed,38140.54,0.0,37.0,0,0.0
47,Female,High School,Single,74240.54,133300.0,63.0,1,142000.0
21,Male,High School,Married,74541.92,63900.0,56.0,1,73500.0
24,Female,Bachelor,Single,29666.52,40300.0,61.0,1,50400.0
64,Female,High School,Single,17218.8,42100.0,50.0,1,29100.0
55,Male,High School,Married,107795.88,221700.0,76.0,1,270500.0
35,Male,Master,Single,53536.32,94700.0,76.0,1,123100.0
38,Female,Bachelor,Divorced,39675.98,93000.0,68.0,1,84800.0
29,Male,Master,Single,62080.22,113500.0,72.0,1,147600.0
40,Male,High School,Single,16535.19,15700.0,43.0,1,17300.0
28,Female,High School,Married,58173.4,89500.0,61.0,1,107300.0
18,Female,High School,Married,27424.67,0.0,36.0,0,0.0
21,Female,Bachelor,Married,80094.0,0.0,60.0,1,120100.0
36,Female,Master,Single,80738.15,195100.0,87.0,1,273100.0
23,Male,High School,Married,82632.83,116800.0,67.0,1,146000.0
35,Female,Master,Married,20253.34,0.0,46.0,1,30400.0
24,Male,Bachelor,Widowed,63512.08,58600.0,63.0,1,73200.0
27,Male,High School,Married,81403.53,64800.0,62.0,1,81000.0
45,Female,Bachelor,Married,60567.05,32800.0,70.0,1,42600.0
38,Male,Bachelor,Married,23207.91,40700.0,67.0,1,45200.0
35,Male,High School,Married,37854.76,0.0,40.0,1,56800.0
45,Female,High School,Married,53953.17,77300.0,65.0,1,84600.0
41,Male,Bachelor,Married,130632.49,308300.0,86.0,1,407100.0
51,Male,Bachelor,Single,52374.12,89700.0,73.0,1,116600.0
30,Male,High School,Married,62619.13,68400.0,65.0,1,85500.0
31,Male,Master,Married,169637.97,146900.0,85.0,1,205700.0
21,Female,High School,Married,36102.5,48700.0,53.0,1,56000.0
31,Male,High School,Married,25407.2,25700.0,57.0,1,29600.0
46,Male,High School,Married,38686.53,0.0,40.0,0,0.0
50,Male,Master,Married,83152.96,151300.0,84.0,1,211800.0
46,Female,Bachelor,Married,11996.71,11300.0,55.0,1,13000.0
18,Female,Bachelor,Single,78484.35,0.0,52.0,1,117700.0
47,Male,PhD,Single,16589.5,17800.0,63.0,1,22200.0
18,Male,Bachelor,Single,144383.74,339400.0,80.0,1,475200.0
45,Female,High School,Single,386585.48,675900.0,75.0,1,878700.0
31,Male,Bachelor,Single,22840.9,32800.0,65.0,1,41000.0
43,Male,Bachelor,Married,73745.53,93700.0,75.0,1,121800.0
21,Male,High School,Single,97334.33,210400.0,70.0,1,273500.0
48,Male,High School,Single,40160.48,23000.0,50.0,1,26400.0
19,Female,Bachelor,Widowed,42611.07,0.0,43.0,1,63900.0
28,Female,High School,Widowed,48893.84,75700.0,58.0,1,87100.0
25,Female,High School,Married,46162.77,81500.0,61.0,1,85200.0
18,Female,Bachelor,Single,88005.09,88100.0,75.0,1,114500.0
37,Female,Master,Married,173387.38,359200.0,95.0,1,538800.0
55,Female,High School,Married,383224.43,0.0,60.0,1,574800.0
65,Male,High School,Single,174571.66,64600.0,60.0,1,80800.0
37,Male,Bachelor,Married,33502.23,47600.0,67.0,1,59500.0
48,Female,Bachelor,Single,44468.69,110700.0,70.0,1,143900.0
38,Female,PhD,Widowed,170308.12,175100.0,89.0,1,245100.0
41,Male,Bachelor,Married,49394.84,49100.0,70.0,1,63800.0
32,Male,Bachelor,Single,40692.31,55800.0,65.0,1,69800.0
38,Male,PhD,Married,38386.22,26700.0,67.0,1,33400.0
41,Male,High School,Married,102068.82,165800.0,71.0,1,215500.0
29,Male,High School,Married,38972.23,0.0,36.0,0,0.0
35,Male,Bachelor,Married,133643.04,0.0,64.0,1,200500.0
35,Female,High School,Single,83422.07,153900.0,69.0,1,178300.0
45,Female,High School,Single,81845.86,58100.0,64.0,1,72600.0
24,Female,High School,Single,43673.61,109100.0,56.0,1,98300.0
35,Female,Bachelor,Divorced,48387.56,72800.0,71.0,1,94600.0
57,Male,Master,Divorced,76961.04,53300.0,66.0,1,66600.0
48,Male,High School,Married,30672.68,14800.0,45.0,1,16300.0
50,Male,Bachelor,Single,79919.71,156500.0,73.0,1,203400.0
36,Female,High School,Married,72115.31,58200.0,60.0,1,72800.0
39,Male,Bachelor,Married,15946.97,30700.0,60.0,1,31100.0
47,Female,Bachelor,Single,90381.12,170300.0,79.0,1,221400.0
53,Male,Master,Married,144645.19,360600.0,89.0,1,435500.0
18,Female,High School,Single,31668.75,15700.0,39.0,1,17300.0
21,Male,Bachelor,Married,119927.46,181200.0,77.0,1,235600.0
50,Female,High School,Married,89494.67,0.0,54.0,1,134200.0
32,Male,Bachelor,Married,76516.49,55400.0,70.0,1,72000.0
28,Male,Master,Married,34417.35,0.0,49.0,1,51600.0
22,Female,Master,Married,41980.62,60400.0,66.0,1,75500.0
29,Female,High School,Married,55219.42,61900.0,61.0,1,77400.0
20,Male,Bachelor,Single,36257.88,39800.0,61.0,1,49800.0
59,Female,High School,Married,41801.26,46200.0,54.0,1,53100.0
35,Female,High School,Married,24842.47,49800.0,62.0,1,43500.0
35,Female,Master,Married,55624.01,134300.0,83.0,1,187200.0
42,Male,High School,Married,48718.45,84900.0,65.0,1,85400.0
46,Male,High School,Married,398337.55,312100.0,72.0,1,405700.0
46,Male,High School,Single,16970.95,0.0,31.0,0,0.0
47,Female,High School,Single,15873.83,0.0,31.0,0,0.0
29,Female,High School,Married,60229.58,92900.0,61.0,1,111100.0
32,Female,Bachelor,Married,32337.35,72900.0,72.0,1,94800.0
44,Male,High School,Married,79913.57,0.0,48.0,1,119900.0
30,Male,Bachelor,Married,43084.51,27200.0,62.0,1,34000.0
35,Female,High School,Married,49722.53,63600.0,65.0,1,79500.0
40,Male,Bachelor,Married,58483.32,119600.0,80.0,1,167400.0
44,Female,Bachelor,Married,53510.76,0.0,58.0,1,80300.0
18,Male,Master,Married,32016.17,37500.0,66.0,1,46900.0
43,Male,PhD,Married,68871.79,93600.0,80.0,1,131000.0
33,Female,High School,Married,154915.2,261600.0,77.0,1,340100.0
43,Male,PhD,Single,42140.14,0.0,53.0,1,63200.0
44,Male,High School,Widowed,138791.68,0.0,51.0,1,208200.0
53,Female,High School,Married,33241.68,66600.0,62.0,1,52100.0
50,Female,Bachelor,Married,70908.88,0.0,58.0,1,106400.0
50,Female,High School,Married,42433.43,44800.0,57.0,1,51500.0
51,Female,High School,Married,74184.57,68200.0,60.0,1,85200.0
39,Male,Master,Married,19448.47,0.0,46.0,1,29200.0
36,Male,Bachelor,Widowed,77377.2,74000.0,67.0,1,92500.0
45,Male,High School,Married,383171.92,706500.0,77.0,1,918400.0
44,Male,Bachelor,Married,81762.19,78700.0,76.0,1,102300.0
32,Male,Master,Married,120708.37,102000.0,79.0,1,132600.0
40,Female,Master,Divorced,83446.59,101800.0,80.0,1,142500.0
35,Male,Bachelor,Married,15609.35,37000.0,65.0,1,30400.0
26,Female,Bachelor,Married,41486.12,88100.0,68.0,1,85000.0
50,Male,Bachelor,Single,20868.95,19000.0,53.0,1,21800.0
36,Male,Bachelor,Married,75837.12,83200.0,75.0,1,108200.0
58,Male,Bachelor,Married,77349.74,126700.0,72.0,1,164700.0
18,Female,Bachelor,Married,25245.49,31300.0,63.0,1,39100.0
29,Male,Bachelor,Married,59573.02,132200.0,76.0,1,171900.0
36,Male,PhD,Single,34827.85,52500.0,70.0,1,68200.0
48,Female,High School,Married,10042.18,22100.0,55.0,1,15700.0
40,Male,High School,Married,41487.39,35800.0,52.0,1,41200.0
39,Male,Bachelor,Married,61626.58,111300.0,75.0,1,144700.0
23,Female,High School,Married,339147.62,409900.0,73.0,1,532900.0
23,Male,Bachelor,Married,39693.85,21100.0,58.0,1,24300.0
39,Male,High School,Married,69663.74,0.0,48.0,1,104500.0
20,Female,Bachelor,Married,161120.39,168800.0,83.0,1,236300.0
30,Female,Master,Widowed,37695.38,0.0,50.0,1,56500.0
41,Male,Bachelor,Married,122386.01,0.0,64.0,1,183600.0
25,Male,High School,Married,40771.59,48700.0,53.0,1,56000.0
53,Male,PhD,Single,319932.2,175000.0,85.0,1,245000.0
49,Male,High School,Married,11922.46,9100.0,45.0,1,10000.0
18,Male,High School,Married,79777.09,113100.0,61.0,1,141400.0
25,Male,Bachelor,Married,75428.42,0.0,54.0,1,113100.0
18,Male,PhD,Single,28546.97,10900.0,54.0,1,12500.0
27,Female,High School,Widowed,20103.74,13800.0,38.0,0,13800.0
44,Female,Bachelor,Divorced,14488.09,0.0,39.0,1,12400.0
31,Female,High School,Married,16632.87,17900.0,50.0,1,20600.0
41,Male,High School,Married,60442.18,62700.0,65.0,1,78400.0
19,Male,Master,Married,155193.02,0.0,69.0,1,232800.0
44,Male,Bachelor,Married,16974.07,19600.0,60.0,1,24500.0
29,Female,Bachelor,Married,15643.52,6700.0,44.0,1,7400.0
36,Male,High School,Married,10243.83,9400.0,45.0,1,10300.0
34,Male,Bachelor,Married,35965.25,19800.0,62.0,1,24800.0
22,Male,Bachelor,Married,146011.69,312900.0,82.0,1,438100.0
23,Male,High School,Married,26168.41,0.0,36.0,0,0.0
46,Male,Bachelor,Married,29643.11,17100.0,62.0,1,21400.0
40,Male,PhD,Married,42212.12,0.0,55.0,1,63300.0
47,Male,Master,Married,16589.99,27700.0,63.0,1,31200.0
39,Female,High School,Married,32006.83,0.0,40.0,1,48000.0
37,Male,Bachelor,Married,43527.12,0.0,50.0,1,65300.0
18,Female,Bachelor,Married,19743.35,35300.0,56.0,1,40500.0
33,Male,High School,Married,49386.24,0.0,48.0,1,74100.0
35,Male,Bachelor,Married,83651.73,0.0,64.0,1,125500.0
57,Male,PhD,Married,51738.1,81800.0,77.0,1,106300.0
43,Male,Master,Married,26020.45,16900.0,65.0,1,21100.0
52,Male,Master,Married,23732.99,15200.0,65.0,1,19000.0
42,Male,High School,Married,15776.21,27100.0,50.0,1,27700.0
28,Female,PhD,Divorced,17736.27,0.0,40.0,1,26600.0
37,Male,Bachelor,Single,39335.46,58900.0,65.0,1,73600.0
38,Male,High School,Married,92405.27,0.0,54.0,1,138600.0
25,Male,Bachelor,Married,26090.81,0.0,46.0,1,39100.0
31,Male,Master,Married,36288.12,79700.0,75.0,1,103600.0
33,Male,High School,Widowed,68651.26,124900.0,62.0,1,129100.0
53,Female,Master,Married,47310.93,64900.0,78.0,1,84400.0
18,Male,Master,Married,87093.45,120300.0,80.0,1,168400.0
49,Male,High School,Married,39445.74,0.0,40.0,0,0.0
25,Female,Master,Single,61145.83,106100.0,72.0,1,137900.0
20,Female,Master,Married,69137.93,0.0,57.0,1,103700.0
48,Female,High School,Married,30607.89,0.0,40.0,1,45900.0
44,Female,High School,Married,280163.65,503000.0,77.0,1,653900.0
49,Female,High School,Single,71828.29,135600.0,63.0,1,137400.0
44,Female,High School,Single,62931.03,141500.0,68.0,1,134500.0
58,Male,Bachelor,Married,72932.3,70800.0,67.0,1,88500.0
42,Female,High School,Married,131863.21,0.0,54.0,1,197800.0
34,Female,Master,Divorced,74576.74,157600.0,79.0,1,204900.0
39,Female,PhD,Married,113599.94,36600.0,74.0,1,47600.0
49,Female,High School,Single,25937.42,46200.0,55.0,1,49600.0
27,Male,Bachelor,Married,91222.4,0.0,60.0,1,136800.0
28,Male,Bachelor,Married,72089.11,0.0,54.0,1,108100.0
32,Female,Bachelor,Married,89135.15,123600.0,81.0,1,173000.0
18,Male,High School,Single,15044.65,36100.0,49.0,1,33900.0
37,Female,High School,Single,26890.45,64500.0,60.0,1,57500.0
18,Male,High School,Single,91179.8,0.0,48.0,1,136800.0
36,Female,High School,Married,33794.03,72000.0,62.0,1,59200.0
45,Female,Master,Married,89671.71,0.0,67.0,1,134500.0
30,Male,High School,Single,396430.58,521000.0,75.0,1,677300.0
54,Male,High School,Married,24331.12,60600.0,62.0,1,38200.0
19,Male,Bachelor,Married,40777.36,84700.0,68.0,1,83600.0
49,Female,High School,Married,25986.37,0.0,40.0,1,39000.0
43,Female,High School,Married,40615.08,17100.0,45.0,1,18800.0
18,Male,Bachelor,Single,83409.72,131400.0,75.0,1,170800.0
65,Male,Bachelor,Single,22177.89,24900.0,62.0,1,31100.0
35,Female,High School,Married,55676.76,45600.0,60.0,1,57000.0
26,Female,Bachelor,Married,192441.37,193300.0,83.0,1,270600.0
20,Male,High School,Married,33474.92,80700.0,58.0,1,61800.0
33,Male,Bachelor,Divorced,92404.46,93100.0,77.0,1,121000.0
34,Female,Bachelor,Married,36399.96,39900.0,67.0,1,49900.0
37,Male,High School,Married,34841.59,0.0,40.0,1,52300.0
32,Female,High School,Married,30726.04,0.0,40.0,0,0.0
42,Male,Bachelor,Single,15541.62,18000.0,58.0,1,20700.0
31,Female,Master,Married,89554.27,154300.0,84.0,1,216000.0
18,Male,Master,Married,52544.37,45700.0,69.0,1,57100.0
34,Female,Bachelor,Single,77896.71,130100.0,73.0,1,169100.0
18,Male,Bachelor,Single,36842.12,30900.0,56.0,1,35500.0
39,Male,Bachelor,Widowed,74866.44,152000.0,77.0,1,197600.0
25,Male,Master,Married,29951.43,70800.0,71.0,1,92000.0
37,Female,Master,Single,54741.17,69900.0,76.0,1,90900.0
50,Male,High School,Single,17809.88,0.0,31.0,0,0.0
25,Male,High School,Married,42992.67,75700.0,53.0,1,79300.0
47,Male,High School,Single,88919.44,165900.0,69.0,1,170100.0
31,Male,High School,Single,133281.92,189900.0,69.0,1,237400.0
55,Male,Master,Married,128305.05,102700.0,79.0,1,133500.0
31,Male,High School,Married,60702.41,143700.0,70.0,1,170200.0
26,Female,High School,Widowed,162897.78,0.0,53.0,1,244300.0
43,Female,Master,Single,56492.97,121600.0,81.0,1,170200.0
31,Female,High School,Married,68086.23,89900.0,65.0,1,112400.0
26,Female,High School,Married,60527.45,41000.0,56.0,1,47100.0
30,Male,High School,Married,168813.07,0.0,60.0,1,253200.0
35,Female,Bachelor,Single,57720.34,0.0,56.0,1,86600.0
50,Male,High School,Widowed,151783.9,147500.0,69.0,1,184400.0
18,Male,Bachelor,Widowed,35541.22,0.0,43.0,1,53300.0
36,Male,High School,Married,119553.4,178900.0,71.0,1,232600.0
42,Male,Bachelor,Single,27859.98,0.0,48.0,1,41800.0
38,Male,High School,Married,81170.47,0.0,54.0,1,121800.0
50,Male,Master,Married,67972.54,0.0,61.0,1,102000.0
35,Female,High School,Single,145031.69,280600.0,69.0,1,310000.0
33,Male,High School,Single,44128.02,0.0,38.0,0,0.0
42,Male,Bachelor,Married,267563.61,411600.0,87.0,1,576200.0
37,Male,High School,Married,19771.35,19600.0,45.0,1,21600.0
31,Male,High School,Married,17665.15,19700.0,50.0,1,22700.0
41,Male,Bachelor,Married,143418.13,238800.0,81.0,1,334300.0
28,Male,High School,Married,94910.53,0.0,50.0,1,142400.0
29,Male,Bachelor,Married,86056.1,0.0,60.0,1,129100.0
30,Female,High School,Married,110573.98,205600.0,71.0,1,267300.0
50,Female,Bachelor,Single,15678.26,10900.0,53.0,1,12500.0
18,Male,PhD,Married,19024.16,0.0,44.0,1,28500.0
40,Male,High School,Married,294911.15,564600.0,77.0,1,734000.0
36,Female,Bachelor,Married,45195.13,55700.0,75.0,1,72400.0
18,Male,High School,Single,175413.42,298200.0,71.0,1,387700.0
39,Male,Master,Married,91843.66,73400.0,79.0,1,95400.0
41,Male,High School,Single,49046.06,0.0,46.0,1,73600.0
42,Female,Bachelor,Divorced,55085.97,116600.0,76.0,1,151600.0
18,Female,Bachelor,Married,35776.08,26400.0,58.0,1,30400.0
51,Female,High School,Widowed,21653.65,10700.0,35.0,1,11800.0
27,Male,High School,Single,86519.64,158500.0,65.0,1,194700.0
43,Male,High School,Married,148620.27,147100.0,66.0,1,183900.0
44,Male,Bachelor,Widowed,78375.97,107700.0,72.0,1,140000.0
26,Female,High School,Single,18542.59,41900.0,49.0,1,41700.0
43,Female,Bachelor,Single,18243.37,12400.0,53.0,1,14300.0
31,Male,High School,Married,19748.74,0.0,33.0,0,0.0
18,Male,High School,Married,60295.03,85300.0,61.0,1,106600.0
48,Male,Bachelor,Single,54950.46,22100.0,61.0,1,27600.0
27,Male,Master,Widowed,60644.09,42100.0,66.0,1,52600.0
26,Male,Bachelor,Married,47187.17,65600.0,71.0,1,85300.0
31,Male,Bachelor,Married,44241.84,35100.0,62.0,1,43900.0
38,Female,Bachelor,Single,156555.43,169400.0,85.0,1,237200.0
35,Male,Bachelor,Single,26908.97,49100.0,65.0,1,61400.0
42,Male,High School,Single,56510.58,122300.0,68.0,1,120800.0
21,Male,Master,Married,44830.0,56900.0,66.0,1,71100.0
27,Male,Bachelor,Married,19217.29,0.0,39.0,0,0.0
34,Male,Bachelor,Single,31790.17,50800.0,65.0,1,63500.0
56,Female,Bachelor,Divorced,225463.14,151900.0,75.0,1,197500.0
34,Male,High School,Married,22929.85,37000.0,57.0,1,40200.0
47,Female,High School,Single,18031.75,37500.0,53.0,1,34500.0
36,Male,High School,Married,39939.5,90600.0,62.0,1,70000.0
30,Male,Bachelor,Single,99697.06,71800.0,74.0,1,93300.0
33,Male,High School,Married,22054.97,0.0,40.0,1,33100.0
34,Female,High School,Married,30220.78,67300.0,62.0,1,53000.0
42,Male,Master,Widowed,37351.31,73900.0,67.0,1,84300.0
51,Male,Bachelor,Married,383235.13,0.0,70.0,1,574900.0
39,Male,High School,Single,373498.04,476500.0,75.0,1,619400.0
49,Female,Bachelor,Single,75983.7,0.0,56.0,1,114000.0
25,Male,High School,Single,81632.35,153400.0,65.0,1,183700.0
31,Male,Bachelor,Married,30184.87,26200.0,62.0,1,32800.0
28,Male,Bachelor,Married,27637.41,10100.0,51.0,1,11600.0
39,Male,High School,Widowed,50589.56,34700.0,57.0,1,39900.0
32,Male,High School,Married,26177.54,50800.0,57.0,1,45900.0
44,Male,High School,Married,44147.41,97000.0,62.0,1,77400.0
25,Female,High School,Single,173696.17,85500.0,59.0,1,98300.0
36,Male,High School,Divorced,23079.14,40100.0,53.0,1,44400.0
43,Female,PhD,Single,15639.29,17400.0,63.0,1,21800.0
18,Female,High School,Married,61799.97,98400.0,61.0,1,114000.0
59,Male,Master,Married,36990.99,0.0,50.0,1,55500.0
32,Male,Bachelor,Single,59777.93,74200.0,73.0,1,96500.0
18,Female,Bachelor,Married,13367.31,9500.0,51.0,1,10900.0
37,Female,High School,Married,19710.05,10800.0,45.0,1,11900.0
36,Female,High School,Married,87620.19,218800.0,76.0,1,245700.0
35,Female,Bachelor,Married,26664.3,53000.0,67.0,1,51900.0
46,Male,Master,Married,55588.28,23300.0,66.0,1,29100.0
44,Female,High School,Single,272205.65,184400.0,70.0,1,239700.0
39,Male,Bachelor,Married,38244.97,69100.0,67.0,1,74500.0
40,Female,High School,Single,52517.82,64600.0,63.0,1,80800.0
34,Male,Bachelor,Divorced,15615.2,0.0,39.0,1,13400.0
55,Female,Bachelor,Married,165676.4,0.0,70.0,1,248500.0
19,Male,Bachelor,Married,111066.0,71700.0,72.0,1,93200.0
37,Female,High School,Married,47144.76,59700.0,65.0,1,74600.0
36,Female,High School,Married,42857.03,0.0,40.0,0,0.0
44,Female,Bachelor,Married,40113.23,50700.0,67.0,1,63400.0
26,Female,PhD,Married,38072.57,51700.0,68.0,1,64600.0
18,Male,High School,Single,199212.65,493400.0,76.0,1,641400.0
37,Female,High School,Married,85470.0,210900.0,76.0,1,239700.0
39,Female,High School,Single,29021.11,31200.0,55.0,1,35900.0
52,Female,High School,Married,26864.3,51200.0,57.0,1,42100.0
22,Female,Bachelor,Single,33212.47,27000.0,56.0,1,31000.0
48,Male,High School,Married,86525.98,214700.0,76.0,1,217100.0
62,Male,Bachelor,Married,89754.95,108600.0,78.0,1,141200.0
31,Male,Bachelor,Married,36124.5,57200.0,67.0,1,70400.0
21,Female,Bachelor,Single,43976.69,0.0,44.0,0,0.0
31,Male,High School,Married,32426.69,20900.0,52.0,1,24000.0
36,Female,Master,Married,10355.98,6600.0,58.0,1,7600.0
42,Male,High School,Single,240643.36,569500.0,80.0,1,797300.0
29,Female,Bachelor,Widowed,58582.23,88800.0,68.0,1,111000.0
53,Female,Bachelor,Married,160443.68,391100.0,92.0,1,447300.0
23,Male,Bachelor,Single,24857.62,29500.0,61.0,1,36900.0
18,Female,High School,Married,105741.39,0.0,50.0,1,158600.0
48,Female,PhD,Single,36128.2,28200.0,65.0,1,35200.0
18,Male,High School,Married,50877.65,27000.0,56.0,1,31000.0
33,Male,Master,Single,33396.88,67500.0,73.0,1,87800.0
70,Male,High School,Married,46578.0,54600.0,62.0,1,64500.0
35,Female,High School,Married,75099.62,152500.0,70.0,1,198200.0
23,Male,High School,Married,85876.8,110300.0,67.0,1,137900.0
35,Male,High School,Single,168740.81,393900.0,80.0,1,551500.0
35,Male,High School,Married,48312.8,108500.0,70.0,1,135500.0
37,Male,High School,Single,310020.88,653100.0,80.0,1,914300.0
43,Female,PhD,Married,24388.33,49900.0,77.0,1,64900.0
24,Female,Bachelor,Divorced,47408.59,82800.0,67.0,1,103500.0
54,Male,High School,Single,72467.33,160600.0,68.0,1,138600.0
38,Female,High School,Single,70760.64,0.0,46.0,1,106100.0
43,Female,Bachelor,Married,24158.21,18600.0,62.0,1,23200.0
29,Male,High School,Single,30276.73,55500.0,51.0,1,63800.0
50,Male,Master,Single,118498.71,253100.0,87.0,1,354300.0
33,Female,Bachelor,Single,60410.88,117200.0,73.0,1,152400.0
39,Female,Bachelor,Married,59993.58,20200.0,63.0,1,25200.0
25,Female,Bachelor,Single,40967.09,67900.0,61.0,1,84900.0
25,Male,Bachelor,Married,30133.0,27900.0,58.0,1,32100.0
43,Female,High School,Married,29599.99,59300.0,62.0,1,51900.0
31,Male,High School,Married,46332.77,89400.0,65.0,1,81200.0
26,Female,High School,Divorced,19484.89,10500.0,37.0,0,10500.0
28,Female,Bachelor,Married,149389.07,0.0,60.0,1,224100.0
43,Female,Bachelor,Married,120729.04,275400.0,86.0,1,376200.0
29,Female,Bachelor,Single,65332.8,89100.0,69.0,1,111400.0
34,Male,High School,Married,40263.68,57000.0,57.0,1,65600.0
36,Female,High School,Divorced,29917.02,0.0,36.0,0,0.0
18,Male,High School,Married,66301.63,45800.0,56.0,1,52700.0
19,Female,Bachelor,Single,22455.09,10000.0,49.0,1,11000.0
39,Male,Master,Married,86324.28,41000.0,72.0,1,53300.0
27,Female,Bachelor,Married,123411.71,84600.0,72.0,1,110000.0
47,Male,Master,Single,28817.97,9500.0,56.0,1,10900.0
46,Female,PhD,Married,72410.33,180200.0,85.0,1,232200.0
43,Male,Bachelor,Single,137402.8,0.0,62.0,1,206100.0
56,Male,High School,Married,31221.27,37400.0,54.0,1,43000.0
35,Female,High School,Married,86505.86,137600.0,71.0,1,178900.0
43,Female,High School,Single,61334.2,133800.0,68.0,1,131100.0
29,Male,PhD,Married,179853.63,316400.0,88.0,1,443000.0
62,Male,High School,Married,161021.5,124100.0,69.0,1,155100.0
57,Male,High School,Single,85649.78,166100.0,66.0,1,163800.0
36,Female,Master,Single,57724.06,35100.0,71.0,1,45600.0
40,Female,High School,Married,23615.48,51600.0,62.0,1,41400.0
50,Female,Bachelor,Married,63863.87,122100.0,75.0,1,158700.0
34,Male,Bachelor,Single,29207.85,69000.0,70.0,1,89700.0
28,Male,Master,Married,23395.39,0.0,49.0,1,35100.0
45,Female,Bachelor,Divorced,48216.76,58300.0,71.0,1,75800.0
36,Male,Master,Married,52842.09,119800.0,83.0,1,167700.0
38,Male,Bachelor,Single,30689.29,63900.0,70.0,1,83100.0
26,Male,High School,Single,43510.56,55900.0,51.0,1,64300.0
18,Female,Bachelor,Single,74599.66,136400.0,69.0,1,170500.0
38,Female,Master,Single,31163.49,20800.0,63.0,1,26000.0
45,Male,High School,Married,40386.18,59600.0,57.0,1,63300.0
33,Female,High School,Single,35075.34,14700.0,43.0,1,16200.0
51,Male,High School,Single,63785.21,0.0,46.0,1,95700.0
28,Male,Bachelor,Married,51496.55,86600.0,71.0,1,112600.0
24,Male,High School,Married,43321.93,72800.0,53.0,1,79900.0
35,Male,Bachelor,Single,146149.91,162900.0,79.0,1,211800.0
35,Male,High School,Married,64766.62,0.0,48.0,1,97100.0
44,Female,High School,Married,64722.9,110700.0,65.0,1,113400.0
27,Male,High School,Married,39595.82,19300.0,41.0,1,21200.0
51,Male,Bachelor,Married,106150.79,86600.0,76.0,1,112600.0
57,Male,High School,Single,31603.46,0.0,35.0,0,0.0
35,Male,High School,Married,47835.53,60300.0,65.0,1,75400.0
49,Male,Master,Married,10959.02,27400.0,68.0,1,20600.0
24,Male,Master,Married,16315.56,32500.0,59.0,1,36100.0
47,Female,Master,Single,124272.43,148100.0,82.0,1,207300.0
47,Female,Bachelor,Married,77378.03,41900.0,70.0,1,54500.0
45,Female,Master,Single,44694.81,55600.0,68.0,1,69500.0
35,Male,Bachelor,Married,83674.14,50300.0,76.0,1,65400.0
18,Female,Master,Married,277217.66,503900.0,86.0,1,705500.0
28,Male,High School,Married,14534.29,7700.0,41.0,1,8500.0
29,Male,High School,Single,17020.82,0.0,27.0,0,0.0
25,Male,High School,Single,98248.58,113700.0,65.0,1,142100.0
37,Male,Master,Married,89444.71,33300.0,72.0,1,43300.0
31,Female,Bachelor,Widowed,178289.35,378500.0,89.0,1,529900.0
26,Male,High School,Married,86532.93,92900.0,67.0,1,116100.0
24,Female,Bachelor,Married,74799.02,132700.0,71.0,1,172500.0
28,Male,Bachelor,Married,33571.76,73800.0,68.0,1,68800.0
48,Female,Master,Widowed,38253.86,16400.0,55.0,1,18900.0
28,Female,Bachelor,Married,59147.71,19800.0,59.0,1,22800.0
30,Male,Bachelor,Married,41601.27,25400.0,62.0,1,31800.0
30,Female,High School,Married,51057.8,41800.0,60.0,1,52200.0
39,Female,Bachelor,Married,40479.93,58800.0,67.0,1,73500.0
41,Male,Master,Married,84036.6,202900.0,89.0,1,282800.0
18,Female,Bachelor,Widowed,12042.0,0.0,36.0,0,0.0
47,Female,Bachelor,Single,66535.68,145700.0,78.0,1,189400.0
51,Male,High School,Married,85124.36,62900.0,66.0,1,78600.0
24,Female,High School,Married,88168.12,199700.0,72.0,1,259600.0
25,Male,High School,Divorced,40661.38,76100.0,49.0,1,82300.0
31,Male,Bachelor,Single,43640.95,104300.0,70.0,1,135600.0
27,Female,Bachelor,Married,43550.96,96800.0,68.0,1,89300.0
38,Male,Master,Single,89087.38,193400.0,87.0,1,270800.0
18,Male,Bachelor,Single,63602.88,0.0,52.0,1,95400.0
23,Male,High School,Married,57912.42,103200.0,61.0,1,106800.0
52,Male,High School,Married,36557.7,35700.0,52.0,1,41100.0
25,Male,Master,Widowed,53498.3,46500.0,66.0,1,58100.0
49,Female,Bachelor,Single,70065.69,90900.0,73.0,1,118200.0
39,Male,Bachelor,Single,71067.95,156900.0,78.0,1,204000.0
18,Female,Bachelor,Single,40548.05,20200.0,49.0,1,22200.0
42,Male,High School,Married,61280.67,143000.0,70.0,1,171900.0
34,Female,High School,Single,35841.99,0.0,38.0,0,0.0
30,Female,High School,Widowed,42775.32,39200.0,49.0,1,43100.0
38,Male,High School,Married,15061.0,15800.0,50.0,1,18200.0
41,Female,Bachelor,Married,141455.1,58200.0,69.0,1,72800.0
43,Female,Bachelor,Married,80431.92,0.0,64.0,1,120600.0
48,Female,PhD,Married,27741.78,18800.0,67.0,1,23500.0
40,Male,Master,Divorced,99303.36,94300.0,75.0,1,122600.0
20,Female,Bachelor,Divorced,75681.03,0.0,50.0,1,113500.0
30,Female,Bachelor,Single,30520.99,36500.0,65.0,1,45600.0
68,Male,Bachelor,Divorced,263952.93,544600.0,85.0,1,712700.0
43,Male,High School,Married,43392.14,60300.0,57.0,1,69300.0
62,Male,PhD,Single,14894.5,6300.0,48.0,1,6900.0
51,Male,Bachelor,Married,87915.52,142500.0,81.0,1,199500.0
38,Female,Master,Single,49786.71,48500.0,71.0,1,63000.0
39,Male,PhD,Married,14115.73,0.0,48.0,1,21200.0
35,Male,Bachelor,Married,152364.85,115000.0,82.0,1,161000.0
18,Female,High School,Single,50669.91,27700.0,54.0,1,31900.0
36,Male,Bachelor,Single,124833.74,107800.0,74.0,1,140100.0
49,Male,Bachelor,Divorced,20220.94,45100.0,61.0,1,38700.0
29,Male,Bachelor,Married,79279.36,175800.0,76.0,1,228500.0
40,Male,High School,Married,28488.4,67800.0,62.0,1,49900.0
45,Male,Bachelor,Divorced,30198.41,0.0,46.0,1,45300.0
25,Male,Master,Divorced,33616.9,0.0,45.0,1,50400.0
31,Male,PhD,Single,38819.62,42500.0,70.0,1,55200.0
24,Female,High School,Married,11822.51,20400.0,46.0,1,21800.0
26,Female,Master,Divorced,34136.03,0.0,45.0,1,51200.0
21,Male,High School,Single,10880.34,7400.0,39.0,0,7400.0
26,Female,Master,Married,62901.79,42700.0,69.0,1,53400.0
51,Female,High School,Married,26392.84,20300.0,52.0,1,23300.0
25,Male,Master,Married,58906.83,0.0,57.0,1,88400.0
37,Female,Bachelor,Single,59916.87,0.0,56.0,1,89900.0
30,Female,High School,Married,39712.89,51700.0,57.0,1,59500.0
48,Male,High School,Single,13181.93,14400.0,48.0,1,15800.0
50,Male,High School,Single,74869.36,119500.0,63.0,1,143200.0
45,Male,Bachelor,Single,68997.48,44600.0,68.0,1,55800.0
39,Male,Master,Single,19650.71,46200.0,66.0,1,50400.0
33,Female,Bachelor,Married,250745.22,0.0,70.0,1,376100.0
22,Female,Master,Divorced,89759.58,37200.0,64.0,1,46500.0
57,Male,Bachelor,Married,28802.78,0.0,47.0,1,43200.0
27,Female,PhD,Married,142159.2,297400.0,87.0,1,416400.0
43,Male,Bachelor,Single,146899.62,158000.0,79.0,1,205400.0
47,Male,High School,Single,69217.58,0.0,46.0,0,0.0
29,Female,Bachelor,Married,167295.64,416700.0,88.0,1,548700.0
47,Female,High School,Married,11355.74,0.0,33.0,0,0.0
44,Male,PhD,Single,143754.03,130700.0,79.0,1,169900.0
55,Male,High School,Widowed,16075.99,24800.0,47.0,1,27100.0
30,Male,High School,Married,63774.55,131800.0,70.0,1,171300.0
21,Male,High School,Widowed,29963.09,27500.0,45.0,1,30300.0
30,Male,Bachelor,Married,11834.59,5500.0,48.0,1,6100.0
38,Male,High School,Married,148497.57,152300.0,71.0,1,198000.0
36,Male,Master,Single,11412.53,25600.0,66.0,1,29300.0
31,Female,High School,Married,164636.36,218900.0,77.0,1,284600.0
18,Male,High School,Widowed,32297.69,0.0,33.0,0,0.0
41,Male,High School,Single,72243.84,0.0,46.0,1,108400.0
57,Female,High School,Single,23789.53,19700.0,47.0,1,21700.0
41,Female,High School,Single,49202.68,99700.0,68.0,1,105200.0
42,Male,High School,Widowed,55615.51,103700.0,62.0,1,104600.0
42,Male,High School,Single,80088.38,0.0,52.0,1,120100.0
40,Female,High School,Married,33174.15,69800.0,62.0,1,58100.0
46,Male,High School,Single,29149.76,42900.0,55.0,1,49300.0
40,Male,Bachelor,Married,41537.66,35300.0,62.0,1,44100.0
32,Male,High School,Married,107271.94,68900.0,66.0,1,86100.0
27,Male,High School,Single,56676.74,38400.0,54.0,1,44200.0
33,Male,High School,Married,79952.92,97500.0,65.0,1,121900.0
39,Male,Bachelor,Married,22622.04,50400.0,72.0,1,65500.0
32,Female,High School,Married,27067.21,30000.0,57.0,1,34500.0
39,Female,Bachelor,Married,68459.99,118600.0,75.0,1,154200.0
40,Female,PhD,Single,20980.42,0.0,46.0,1,31500.0
45,Male,High School,Divorced,28115.19,0.0,36.0,0,0.0
50,Male,High School,Single,26901.21,32400.0,55.0,1,37300.0
36,Female,High School,Single,88871.24,0.0,52.0,1,133300.0
21,Male,High School,Single,68603.16,0.0,42.0,1,102900.0
32,Male,High School,Single,23437.7,20900.0,50.0,1,24000.0
36,Male,Bachelor,Married,13317.89,0.0,43.0,1,20000.0
18,Male,Master,Married,34274.23,70700.0,71.0,1,91900.0
51,Male,High School,Married,23655.6,35300.0,57.0,1,37100.0
37,Male,High School,Single,76164.82,91100.0,63.0,1,113900.0
40,Female,Bachelor,Single,34017.25,0.0,48.0,1,51000.0
51,Male,High School,Married,76937.5,23200.0,53.0,1,26700.0
29,Female,High School,Married,60378.37,133600.0,66.0,1,111400.0
42,Female,Bachelor,Married,127797.02,252500.0,81.0,1,353500.0
34,Male,High School,Married,43347.08,82700.0,57.0,1,76000.0
33,Female,Bachelor,Single,26845.76,18400.0,60.0,1,23000.0
27,Female,High School,Married,22908.84,9500.0,41.0,1,10400.0
54,Male,Bachelor,Divorced,44590.89,0.0,46.0,1,66900.0
31,Male,Bachelor,Single,45333.78,67100.0,73.0,1,87200.0
43,Male,High School,Married,84971.09,144400.0,71.0,1,187700.0
18,Female,High School,Married,40997.39,102300.0,58.0,1,75600.0
48,Male,High School,Single,15851.55,23000.0,48.0,1,25300.0
47,Male,Master,Married,38222.86,39400.0,70.0,1,51200.0
37,Male,Bachelor,Married,11260.92,20200.0,60.0,1,21900.0
33,Male,High School,Married,158729.79,272500.0,77.0,1,354200.0
40,Male,Bachelor,Married,19405.11,6800.0,48.0,1,7500.0
61,Male,Bachelor,Divorced,47310.37,27100.0,63.0,1,33900.0
18,Female,PhD,Married,15966.9,29100.0,61.0,1,36400.0
44,Female,High School,Married,175333.32,84400.0,65.0,1,105500.0
25,Female,Master,Married,87801.4,0.0,63.0,1,131700.0
35,Female,High School,Single,44643.84,102600.0,60.0,1,95400.0
33,Female,Master,Married,37103.3,0.0,53.0,1,55700.0
31,Female,High School,Married,51350.21,72500.0,65.0,1,90000.0
35,Male,High School,Single,31496.47,31200.0,50.0,1,35900.0
23,Female,Master,Widowed,155424.3,224800.0,83.0,1,314700.0
47,Male,Bachelor,Married,57772.53,95600.0,75.0,1,124300.0
18,Male,High School,Married,81456.47,26500.0,55.0,1,30500.0
41,Male,Bachelor,Widowed,83761.25,190100.0,83.0,1,266100.0
32,Male,High School,Married,79359.7,88300.0,65.0,1,110400.0
23,Female,High School,Single,60394.62,0.0,42.0,1,90600.0
38,Male,High School,Married,39053.87,14500.0,45.0,1,16000.0
18,Female,High School,Married,48252.74,119900.0,66.0,1,89000.0
36,Male,Bachelor,Single,120169.67,236800.0,79.0,1,307800.0
20,Male,High School,Single,158904.11,207100.0,71.0,1,269200.0
41,Male,High School,Single,19537.85,43100.0,53.0,1,41800.0
25,Female,Master,Married,59345.07,77400.0,74.0,1,100600.0
31,Female,High School,Divorced,44087.2,0.0,36.0,0,0.0
39,Male,Bachelor,Single,13279.34,31900.0,63.0,1,31500.0
27,Male,Master,Married,37180.23,0.0,49.0,1,55800.0
35,Female,High School,Married,42216.17,35000.0,52.0,1,40200.0
19,Male,High School,Married,139625.91,328600.0,72.0,1,412200.0
42,Male,Bachelor,Single,63562.12,22200.0,61.0,1,27800.0
55,Male,Bachelor,Married,12536.88,29100.0,65.0,1,21800.0
66,Male,Bachelor,Divorced,26518.14,64100.0,65.0,1,44700.0
37,Male,Bachelor,Single,25655.19,12900.0,60.0,1,16100.0
44,Male,Master,Single,64935.9,27500.0,64.0,1,34400.0
18,Female,High School,Married,69656.42,0.0,44.0,1,104500.0
52,Female,Bachelor,Married,82757.12,0.0,64.0,1,124100.0
44,Female,High School,Married,109561.23,226800.0,76.0,1,294800.0
30,Male,High School,Widowed,39369.78,42400.0,54.0,1,48800.0
49,Female,High School,Married,76234.97,26600.0,53.0,1,30600.0
33,Female,High School,Married,147106.7,252200.0,71.0,1,327900.0
30,Female,Bachelor,Married,60270.6,55100.0,70.0,1,71600.0
41,Male,High School,Single,29313.85,18500.0,50.0,1,21300.0
24,Male,High School,Married,39455.59,59300.0,53.0,1,68200.0
47,Female,High School,Married,57354.04,0.0,48.0,1,86000.0
24,Female,High School,Single,59837.34,0.0,42.0,1,89800.0
24,Female,Bachelor,Divorced,88433.63,0.0,56.0,1,132700.0
25,Female,Bachelor,Single,89930.9,170600.0,75.0,1,221800.0
44,Male,Master,Married,90154.14,129500.0,84.0,1,181300.0
29,Male,Bachelor,Married,75904.38,33100.0,59.0,1,38100.0
21,Female,Bachelor,Married,138195.05,273600.0,77.0,1,355700.0
29,Male,High School,Married,65707.67,75700.0,61.0,1,94600.0
35,Male,Bachelor,Married,57404.53,40000.0,70.0,1,52000.0
23,Female,High School,Divorced,291573.26,257300.0,64.0,1,321600.0
23,Male,PhD,Married,131091.77,231800.0,82.0,1,324500.0
59,Female,PhD,Married,63059.0,0.0,60.0,1,94600.0
26,Female,Master,Divorced,83241.75,41100.0,64.0,1,51400.0
32,Male,High School,Single,28224.84,47000.0,55.0,1,54000.0
31,Male,High School,Divorced,71886.42,123700.0,61.0,1,138300.0
31,Male,Master,Married,20370.58,26100.0,63.0,1,32600.0
42,Female,Bachelor,Married,44517.04,62800.0,67.0,1,78500.0
46,Male,Bachelor,Married,17233.02,0.0,43.0,1,25800.0
32,Male,High School,Divorced,68401.63,71500.0,61.0,1,89400.0
22,Female,Master,Single,165646.35,364400.0,89.0,1,510200.0
50,Male,Bachelor,Married,26334.27,58500.0,72.0,1,73400.0
34,Male,High School,Married,36490.36,0.0,40.0,0,0.0
55,Male,Master,Married,95776.02,32300.0,72.0,1,42000.0
18,Male,High School,Single,74700.83,174000.0,64.0,1,168100.0
38,Female,Bachelor,Single,80811.42,49100.0,74.0,1,63800.0
57,Male,Bachelor,Married,47835.5,69800.0,72.0,1,90700.0
32,Male,Bachelor,Married,41513.67,73800.0,67.0,1,80800.0
33,Female,High School,Single,24837.26,12600.0,50.0,1,14500.0
39,Female,Bachelor,Single,105825.03,206400.0,79.0,1,268300.0
29,Male,Bachelor,Married,82638.16,136200.0,77.0,1,177100.0
32,Female,Bachelor,Married,11496.42,20500.0,60.0,1,22400.0
32,Female,Master,Married,37498.67,23900.0,65.0,1,29900.0
29,Male,High School,Single,58266.64,52300.0,54.0,1,60100.0
49,Female,Master,Married,27712.4,26800.0,65.0,1,33500.0
41,Female,High School,Married,36953.55,23300.0,52.0,1,26800.0
38,Male,Bachelor,Married,24455.52,37800.0,67.0,1,47200.0
44,Female,High School,Single,35216.32,16500.0,43.0,1,18200.0
33,Female,High School,Divorced,86603.52,74900.0,62.0,1,93600.0
27,Female,Bachelor,Single,166626.75,329000.0,81.0,1,460600.0
29,Male,High School,Married,41575.65,0.0,36.0,0,0.0
36,Male,PhD,Married,13635.08,9900.0,60.0,1,12400.0
24,Female,High School,Married,18415.39,11300.0,41.0,1,12400.0
30,Male,Master,Married,160209.73,265600.0,90.0,1,398400.0
30,Female,Bachelor,Married,85563.2,111100.0,81.0,1,155500.0
59,Male,Bachelor,Married,56885.98,44600.0,67.0,1,55800.0
18,Male,High School,Widowed,158477.43,118600.0,65.0,1,148200.0
34,Female,High School,Married,55452.34,0.0,48.0,1,83200.0
54,Male,High School,Married,46250.6,0.0,48.0,1,69400.0
37,Male,Bachelor,Married,133365.12,258200.0,81.0,1,361500.0
44,Male,Bachelor,Married,79465.16,183800.0,80.0,1,247600.0
37,Female,Bachelor,Married,26930.5,34500.0,67.0,1,43100.0
28,Female,Master,Married,47186.77,64200.0,74.0,1,83500.0
18,Female,Bachelor,Single,262233.9,570800.0,86.0,1,799100.0
38,Male,High School,Married,224633.05,74500.0,65.0,1,93100.0
27,Male,High School,Married,62193.89,44600.0,56.0,1,51300.0
27,Female,Master,Single,86437.44,161700.0,78.0,1,210200.0
30,Female,High School,Married,156951.11,224700.0,77.0,1,292100.0
55,Male,Bachelor,Married,30577.71,74200.0,72.0,1,85300.0
62,Female,High School,Married,59627.22,45600.0,57.0,1,52400.0
38,Male,High School,Married,43187.48,97200.0,62.0,1,75700.0
30,Male,Bachelor,Married,84997.97,212500.0,86.0,1,264900.0
23,Female,Bachelor,Single,35894.01,10900.0,49.0,1,12000.0
41,Male,Bachelor,Married,61091.44,57100.0,70.0,1,74200.0
55,Male,Bachelor,Married,40223.69,98900.0,72.0,1,112100.0
33,Male,High School,Married,37265.87,84800.0,62.0,1,65300.0
18,Male,High School,Married,70410.17,36100.0,56.0,1,41500.0
43,Female,Bachelor,Married,38986.75,33700.0,62.0,1,42100.0
46,Male,Bachelor,Married,51050.97,85800.0,75.0,1,111500.0
18,Female,High School,Married,173713.36,146800.0,68.0,1,183500.0
37,Male,Bachelor,Married,21675.05,25200.0,60.0,1,31500.0
40,Female,Bachelor,Single,60950.21,52300.0,68.0,1,65400.0
35,Male,High School,Married,175212.01,167800.0,72.0,1,218100.0
27,Female,Bachelor,Married,161624.8,169800.0,83.0,1,237700.0
47,Female,Bachelor,Single,387026.57,563300.0,85.0,1,788600.0
31,Female,High School,Married,172571.25,0.0,60.0,1,258900.0
19,Female,Bachelor,Married,26620.74,40200.0,63.0,1,50200.0
18,Male,Bachelor,Married,27980.6,23500.0,58.0,1,27000.0
49,Male,Master,Single,27993.66,48800.0,68.0,1,61000.0
42,Female,Bachelor,Married,24168.84,51500.0,72.0,1,67000.0
36,Female,High School,Single,14772.26,25500.0,48.0,1,28100.0
31,Male,High School,Married,122635.96,252700.0,76.0,1,328500.0
30,Male,Master,Divorced,60478.27,77900.0,74.0,1,101300.0
24,Female,Master,Married,14187.34,33100.0,64.0,1,31400.0
31,Female,High School,Married,47793.18,78900.0,65.0,1,83800.0
18,Female,High School,Single,26277.43,49000.0,51.0,1,56300.0
27,Male,Bachelor,Married,13550.9,7400.0,51.0,1,8500.0
32,Male,Bachelor,Married,42446.49,71500.0,67.0,1,82700.0
42,Male,High School,Single,86693.82,31500.0,57.0,1,36200.0
35,Male,Bachelor,Married,57834.43,38200.0,70.0,1,49700.0
44,Female,High School,Single,37965.65,69700.0,55.0,1,80200.0
50,Female,High School,Married,83278.0,148800.0,71.0,1,193400.0
47,Male,High School,Married,16074.1,22400.0,50.0,1,25200.0
41,Male,Bachelor,Widowed,39377.5,68800.0,64.0,1,82300.0
36,Male,Bachelor,Single,44444.94,93500.0,70.0,1,121600.0
25,Female,Bachelor,Single,11946.57,25500.0,59.0,1,29300.0
44,Male,High School,Widowed,48168.86,108700.0,67.0,1,90600.0
54,Male,Master,Single,73801.05,166700.0,81.0,1,233400.0
39,Female,High School,Married,16101.78,0.0,33.0,0,0.0
57,Female,Bachelor,Married,13559.24,14600.0,57.0,1,16800.0
19,Female,Bachelor,Married,172492.82,51900.0,71.0,1,67500.0
23,Male,High School,Married,41454.05,97400.0,58.0,1,76500.0
45,Male,High School,Married,56898.06,41800.0,60.0,1,52200.0
38,Male,Master,Single,79838.7,170200.0,81.0,1,238300.0
50,Female,Bachelor,Married,41053.3,0.0,50.0,1,61600.0
35,Female,High School,Married,29482.58,29700.0,57.0,1,34200.0
26,Female,Master,Married,24280.43,18300.0,61.0,1,22900.0
33,Male,High School,Married,83268.83,167100.0,76.0,1,217200.0
19,Female,High School,Widowed,24226.13,30500.0,50.0,1,35100.0
23,Male,Bachelor,Married,66537.36,160800.0,76.0,1,209000.0
46,Male,Bachelor,Married,107492.84,223700.0,86.0,1,299700.0
45,Male,High School,Married,86735.77,134100.0,71.0,1,174300.0
39,Female,High School,Married,203566.32,411800.0,82.0,1,570900.0
18,Male,Bachelor,Married,50260.53,108200.0,76.0,1,140700.0
32,Female,Bachelor,Single,38139.78,88400.0,70.0,1,114900.0
22,Female,Master,Married,54250.01,25800.0,62.0,1,32200.0
48,Male,Bachelor,Married,101912.5,210200.0,86.0,1,284100.0
29,Female,Bachelor,Married,25868.43,18200.0,58.0,1,20900.0
24,Male,High School,Single,71815.34,166300.0,64.0,1,161600.0
36,Male,Master,Single,12671.51,9000.0,56.0,1,10400.0
28,Female,High School,Married,123951.46,0.0,50.0,1,185900.0
52,Female,Bachelor,Single,83238.05,115400.0,79.0,1,150000.0
27,Male,Master,Single,26040.47,56900.0,69.0,1,70300.0
20,Female,Bachelor,Married,164364.96,81000.0,71.0,1,105300.0
18,Female,Bachelor,Married,19304.82,8300.0,44.0,1,9100.0
35,Male,Bachelor,Married,41117.05,81500.0,67.0,1,80100.0
29,Male,Master,Married,60615.78,130100.0,79.0,1,169100.0
20,Female,Bachelor,Single,132512.6,0.0,58.0,1,198800.0
49,Male,Bachelor,Married,38261.14,66000.0,67.0,1,66700.0
43,Female,Bachelor,Single,93368.45,54600.0,74.0,1,71000.0
35,Female,High School,Married,37266.53,60100.0,57.0,1,65300.0
51,Male,Bachelor,Single,11441.14,3700.0,46.0,1,4100.0
43,Female,High School,Married,13456.89,13000.0,45.0,1,14300.0
26,Male,High School,Married,81440.29,28300.0,55.0,1,32500.0
24,Female,Bachelor,Divorced,36613.83,0.0,42.0,1,54900.0
44,Male,High School,Single,17462.28,6100.0,36.0,0,6100.0
40,Female,High School,Married,229920.88,544800.0,82.0,1,644800.0
37,Male,High School,Married,37361.18,83800.0,62.0,1,65500.0
26,Female,High School,Married,50926.56,38300.0,56.0,1,44000.0
42,Male,High School,Married,88415.76,204900.0,76.0,1,248000.0
27,Male,Master,Married,13032.36,29600.0,64.0,1,28900.0
34,Male,Bachelor,Married,41015.2,32000.0,62.0,1,40000.0
51,Female,High School,Single,86406.81,153800.0,69.0,1,165300.0
28,Male,High School,Divorced,52730.63,37500.0,52.0,1,43100.0
18,Female,Bachelor,Married,90877.45,163600.0,77.0,1,212700.0
24,Female,Bachelor,Widowed,42108.78,0.0,43.0,1,63200.0
46,Female,Bachelor,Married,158758.77,0.0,70.0,1,238100.0
38,Male,High School,Married,51942.12,0.0,48.0,1,77900.0
34,Female,High School,Single,82366.99,55900.0,64.0,1,69900.0
30,Male,High School,Married,19725.64,25000.0,50.0,1,28700.0
41,Female,Bachelor,Married,65757.34,56500.0,70.0,1,73400.0
26,Female,Bachelor,Married,87607.05,50000.0,72.0,1,65000.0
39,Male,Master,Single,71194.92,23400.0,64.0,1,29200.0
27,Male,High School,Married,64929.6,62700.0,56.0,1,72100.0
26,Male,Bachelor,Single,45595.59,0.0,52.0,1,68400.0
28,Male,PhD,Single,87874.99,0.0,63.0,1,131800.0
31,Female,Bachelor,Single,50776.59,63800.0,73.0,1,82900.0
35,Male,Bachelor,Married,28812.34,0.0,50.0,1,43200.0
38,Female,Master,Married,18753.24,18300.0,58.0,1,21000.0
18,Male,High School,Divorced,90481.14,167700.0,63.0,1,183200.0
27,Female,High School,Married,299369.55,265000.0,68.0,1,331200.0
31,Female,PhD,Married,25654.87,54300.0,77.0,1,70600.0
52,Female,Bachelor,Married,184958.44,201600.0,87.0,1,282200.0
24,Male,Bachelor,Married,36758.31,16500.0,51.0,1,19000.0
37,Female,Bachelor,Married,17235.74,9800.0,55.0,1,11300.0
52,Male,High School,Married,78043.26,155800.0,65.0,1,122400.0
21,Male,Bachelor,Single,145639.94,290700.0,75.0,1,377900.0
40,Female,Bachelor,Single,64889.41,0.0,56.0,1,97300.0
27,Female,High School,Single,15743.45,39200.0,49.0,1,35400.0
30,Male,High School,Single,12641.47,9900.0,43.0,1,10900.0
27,Male,Bachelor,Married,48767.51,35700.0,66.0,1,44600.0
27,Male,High School,Married,167476.6,244500.0,73.0,1,317800.0
65,Male,High School,Married,37900.21,57700.0,54.0,1,52400.0
45,Male,High School,Single,50531.3,61800.0,63.0,1,77200.0
48,Female,Bachelor,Married,238132.1,373300.0,87.0,1,522600.0
41,Male,Master,Single,83845.28,190000.0,87.0,1,266000.0
18,Female,Bachelor,Single,21517.98,28500.0,54.0,1,32800.0
40,Female,High School,Married,161202.86,401600.0,82.0,1,452100.0
47,Female,PhD,Married,70648.02,0.0,63.0,1,106000.0
26,Male,High School,Married,41990.39,77800.0,53.0,1,77500.0
46,Female,High School,Single,17521.72,32400.0,48.0,1,33500.0
43,Male,High School,Divorced,76473.59,145000.0,61.0,1,147100.0
56,Male,High School,Married,82212.72,0.0,51.0,1,123300.0
31,Male,High School,Married,60929.15,129500.0,70.0,1,168400.0
23,Female,High School,Widowed,80304.23,0.0,47.0,1,120500.0
32,Female,High School,Single,54312.77,0.0,46.0,1,81500.0
51,Male,Bachelor,Married,26467.79,33000.0,67.0,1,41200.0
18,Male,High School,Divorced,81510.25,113700.0,63.0,1,142100.0
18,Male,Bachelor,Married,16765.59,0.0,39.0,0,0.0
36,Male,Bachelor,Married,31519.62,0.0,50.0,1,47300.0
31,Female,High School,Single,137110.65,275200.0,74.0,1,357800.0
36,Female,Bachelor,Single,44492.16,79100.0,65.0,1,98900.0
46,Female,Bachelor,Single,42565.96,26700.0,60.0,1,33400.0
29,Female,High School,Married,16090.92,19600.0,46.0,1,21600.0
18,Female,High School,Married,34585.36,65800.0,53.0,1,63800.0
58,Male,Bachelor,Single,17370.78,32900.0,55.0,1,36900.0
25,Male,Bachelor,Married,80587.16,146700.0,77.0,1,190700.0
24,Male,Bachelor,Married,168642.33,108400.0,78.0,1,140900.0
48,Male,High School,Married,51593.8,0.0,48.0,1,77400.0
31,Female,Bachelor,Married,17538.26,0.0,43.0,1,26300.0
35,Female,Bachelor,Married,27225.35,66900.0,72.0,1,84800.0
41,Female,Master,Married,36300.94,0.0,53.0,1,54500.0
47,Male,Bachelor,Married,12055.69,19300.0,60.0,1,21000.0
32,Male,High School,Single,19695.59,39500.0,53.0,1,42100.0
52,Female,High School,Married,149484.02,47300.0,59.0,1,54400.0
18,Female,High School,Married,41917.9,0.0,36.0,1,30900.0
44,Male,Bachelor,Married,43722.07,34700.0,62.0,1,43400.0
26,Female,High School,Single,87026.73,60700.0,60.0,1,75900.0
51,Female,Bachelor,Single,51532.36,0.0,56.0,1,77300.0
37,Male,Bachelor,Married,61956.91,44600.0,70.0,1,58000.0
28,Male,High School,Married,286280.95,470000.0,73.0,1,611000.0
43,Female,Bachelor,Widowed,40145.82,0.0,47.0,1,60200.0
45,Female,Bachelor,Divorced,22340.74,34600.0,63.0,1,42700.0
43,Male,High School,Married,43285.25,70600.0,57.0,1,75900.0
24,Female,Master,Divorced,31366.31,36300.0,62.0,1,45400.0
30,Female,Bachelor,Married,146799.56,56200.0,69.0,1,70200.0
35,Female,High School,Married,44554.12,85100.0,57.0,1,78100.0
35,Male,Bachelor,Married,84719.59,40000.0,69.0,1,50000.0
44,Female,Bachelor,Single,30330.15,57100.0,65.0,1,71400.0
18,Male,Bachelor,Married,66803.03,142700.0,76.0,1,185500.0
39,Female,Bachelor,Single,79647.49,63100.0,68.0,1,78900.0
32,Female,High School,Married,156920.02,314900.0,82.0,1,440100.0
26,Male,High School,Married,76715.99,177000.0,66.0,1,141500.0
27,Male,Bachelor,Single,22245.93,34000.0,61.0,1,42500.0
33,Female,High School,Married,53955.73,0.0,48.0,1,80900.0
18,Female,Bachelor,Married,27098.59,0.0,46.0,1,40600.0
28,Male,High School,Married,13007.39,27000.0,51.0,1,24000.0
26,Male,Bachelor,Married,98656.66,163400.0,77.0,1,212400.0
41,Male,Bachelor,Married,40551.92,0.0,50.0,1,60800.0
27,Male,Bachelor,Married,60358.35,72000.0,71.0,1,93600.0
33,Female,Bachelor,Single,159802.92,0.0,68.0,1,239700.0
52,Female,Bachelor,Single,21178.3,13200.0,53.0,1,15200.0
46,Female,High School,Married,59086.09,84300.0,65.0,1,92700.0
45,Male,High School,Married,65419.73,112600.0,65.0,1,102600.0
30,Female,Master,Married,97876.13,68000.0,79.0,1,88400.0
41,Male,Master,Single,28781.34,51600.0,68.0,1,64500.0
33,Female,High School,Single,34563.58,50200.0,55.0,1,57700.0
33,Male,High School,Married,53108.46,94200.0,65.0,1,93100.0
40,Male,High School,Single,34351.06,50100.0,55.0,1,57600.0
29,Male,Master,Single,59079.66,73300.0,72.0,1,95300.0
52,Male,High School,Married,44771.11,0.0,40.0,1,67200.0
34,Female,High School,Single,30641.38,0.0,38.0,0,0.0
42,Female,High School,Divorced,93515.06,0.0,50.0,1,140300.0
52,Female,Bachelor,Married,32877.95,71800.0,72.0,1,91700.0
47,Female,Master,Married,29682.51,44400.0,70.0,1,57700.0
20,Male,High School,Single,14440.34,35700.0,49.0,1,32500.0
40,Male,High School,Married,14446.4,0.0,33.0,0,0.0
45,Female,Bachelor,Married,373857.43,208200.0,82.0,1,291500.0
45,Female,High School,Widowed,289618.21,642000.0,79.0,1,779900.0
23,Male,High School,Married,112755.69,226400.0,72.0,1,294300.0
28,Female,Master,Married,80662.66,199500.0,85.0,1,279300.0
46,Male,Master,Single,129910.18,293000.0,87.0,1,410200.0
27,Male,PhD,Married,103082.0,0.0,65.0,1,154600.0
32,Male,Bachelor,Single,44965.46,77000.0,65.0,1,96200.0
53,Male,High School,Single,46231.1,78700.0,63.0,1,88400.0
35,Male,Bachelor,Married,336031.46,796600.0,92.0,1,1047100.0
28,Male,High School,Single,41493.8,28200.0,46.0,1,31000.0
26,Male,High School,Married,60921.6,77400.0,61.0,1,96800.0
39,Male,High School,Divorced,52080.45,82200.0,61.0,1,100200.0
21,Male,Master,Married,64645.11,20200.0,62.0,1,25200.0
33,Female,Bachelor,Married,66711.47,41500.0,70.0,1,54000.0
39,Male,High School,Single,89986.66,155100.0,69.0,1,192300.0
50,Male,High School,Married,45875.96,61400.0,65.0,1,71900.0
43,Male,Master,Married,17870.61,15500.0,58.0,1,17800.0
28,Male,Bachelor,Married,81200.19,58200.0,72.0,1,75700.0
48,Male,Bachelor,Married,72805.68,142800.0,75.0,1,185600.0
32,Male,High School,Married,318584.91,444000.0,77.0,1,577200.0
22,Female,Bachelor,Single,42132.15,39400.0,56.0,1,45300.0
34,Female,Bachelor,Married,16782.05,17700.0,60.0,1,22100.0
51,Female,Master,Divorced,42276.46,83600.0,66.0,1,87300.0
37,Male,High School,Single,54458.36,0.0,46.0,1,81700.0
36,Male,Bachelor,Married,33870.82,0.0,50.0,1,50800.0
54,Male,High School,Married,46511.82,66700.0,65.0,1,72900.0
20,Female,High School,Married,81156.76,0.0,50.0,1,121700.0
21,Male,High School,Married,19327.41,36400.0,46.0,1,35700.0
18,Male,Master,Married,69256.8,34500.0,62.0,1,43100.0
40,Male,High School,Married,125624.08,282600.0,76.0,1,352300.0
37,Female,High School,Married,30512.58,0.0,40.0,0,0.0
52,Female,High School,Married,54049.91,128200.0,70.0,1,135600.0
38,Female,Master,Divorced,31841.45,37700.0,66.0,1,47100.0
31,Male,Bachelor,Married,58675.92,144500.0,80.0,1,182800.0
36,Male,High School,Divorced,70995.22,116500.0,61.0,1,136600.0
37,Female,High School,Single,40089.12,0.0,38.0,0,0.0
18,Male,Bachelor,Single,76236.15,117200.0,69.0,1,146500.0
65,Male,High School,Married,16167.46,0.0,30.0,0,0.0
41,Female,High School,Single,388692.81,0.0,58.0,1,583000.0
38,Female,Bachelor,Married,26538.45,47300.0,67.0,1,51700.0
42,Female,High School,Single,36719.38,21900.0,50.0,1,25200.0
43,Female,PhD,Married,11056.51,7300.0,60.0,1,9100.0
34,Male,High School,Married,150571.18,0.0,60.0,1,225900.0
29,Male,High School,Married,77640.11,69800.0,56.0,1,80300.0
42,Female,High School,Single,352175.73,767500.0,80.0,1,1074500.0
40,Female,Bachelor,Married,74869.19,123600.0,75.0,1,160700.0
27,Female,High School,Married,24820.3,0.0,36.0,0,0.0
51,Female,Bachelor,Married,93986.32,0.0,64.0,1,141000.0
39,Female,High School,Married,38428.02,0.0,40.0,1,57600.0
44,Male,High School,Married,40359.35,67600.0,57.0,1,70700.0
51,Female,Master,Married,10391.69,4900.0,51.0,1,5600.0
36,Female,Master,Single,25448.44,30500.0,68.0,1,38100.0
39,Male,Bachelor,Married,40176.59,22900.0,62.0,1,28600.0
44,Male,Bachelor,Married,44260.05,84800.0,67.0,1,86200.0
28,Female,High School,Married,33972.34,0.0,36.0,0,0.0
36,Male,High School,Single,51899.03,0.0,46.0,1,77800.0
37,Female,High School,Married,29389.06,73100.0,62.0,1,51500.0
25,Male,PhD,Single,80164.04,107300.0,80.0,1,150200.0
61,Female,Bachelor,Married,16518.71,6200.0,45.0,1,6800.0
20,Male,High School,Married,95201.57,123800.0,67.0,1,154800.0
21,Male,High School,Married,13701.03,0.0,29.0,0,0.0
50,Male,High School,Married,157751.2,299400.0,77.0,1,389200.0
43,Male,High School,Married,59660.15,18900.0,53.0,1,21700.0
24,Male,Bachelor,Married,64454.75,0.0,54.0,1,96700.0
42,Male,High School,Single,42816.13,0.0,38.0,1,36600.0
52,Female,High School,Single,44646.79,52400.0,55.0,1,60300.0
35,Male,High School,Married,158148.22,217200.0,77.0,1,282400.0
64,Female,Bachelor,Divorced,27522.89,29600.0,60.0,1,37000.0
18,Female,Bachelor,Married,55941.58,65800.0,71.0,1,85500.0
43,Female,High School,Married,246938.51,337400.0,77.0,1,438600.0
48,Male,Bachelor,Married,25692.77,0.0,50.0,1,38500.0
45,Male,High School,Widowed,12145.99,17700.0,47.0,1,19500.0
33,Male,High School,Married,56519.53,70500.0,65.0,1,88100.0
32,Female,Master,Married,74694.88,30300.0,66.0,1,37900.0
40,Female,High School,Single,72561.12,45700.0,58.0,1,52600.0
44,Male,High School,Married,254998.38,501300.0,77.0,1,651700.0
42,Male,Master,Single,26523.35,0.0,51.0,1,39800.0
47,Male,High School,Married,73080.99,0.0,48.0,1,109600.0
24,Male,High School,Married,25010.09,60400.0,58.0,1,46100.0
33,Male,Master,Married,51581.09,52700.0,78.0,1,68500.0
25,Female,High School,Widowed,30817.44,73800.0,55.0,1,61000.0
31,Male,Bachelor,Married,70531.66,115700.0,75.0,1,150400.0
47,Female,High School,Married,18739.47,6800.0,38.0,0,6800.0
37,Female,Bachelor,Single,75914.11,35800.0,61.0,1,44800.0
64,Female,Bachelor,Single,30704.39,75400.0,67.0,1,57600.0
38,Male,High School,Single,324023.52,314800.0,70.0,1,409200.0
36,Female,Bachelor,Married,54510.61,0.0,58.0,1,81800.0
37,Male,Master,Married,67218.52,0.0,61.0,1,100800.0
28,Female,High School,Single,315361.15,462200.0,71.0,1,600900.0
35,Male,Bachelor,Married,78498.26,63000.0,70.0,1,81900.0
48,Male,High School,Single,48581.51,95200.0,63.0,1,92900.0
37,Female,High School,Married,11213.7,0.0,33.0,0,0.0
27,Male,Master,Married,48323.36,0.0,57.0,1,72500.0
25,Female,Bachelor,Married,16557.63,30300.0,56.0,1,33900.0
31,Male,High School,Widowed,70652.46,133900.0,62.0,1,132900.0
36,Male,Bachelor,Married,90991.38,122100.0,81.0,1,170900.0
49,Male,High School,Married,37104.12,0.0,40.0,1,55700.0
21,Male,Bachelor,Single,158699.21,312200.0,81.0,1,437100.0
32,Female,Bachelor,Married,50247.45,20700.0,63.0,1,25900.0
37,Male,Master,Married,60179.72,29000.0,66.0,1,36200.0
18,Male,High School,Divorced,41549.36,23200.0,44.0,1,25500.0
26,Female,High School,Widowed,75924.0,75900.0,53.0,1,87300.0
28,Female,High School,Married,117417.94,112300.0,62.0,1,140400.0
27,Male,High School,Married,156801.86,156700.0,68.0,1,195900.0
38,Female,Master,Married,42407.15,0.0,53.0,1,63600.0
34,Male,Master,Married,58919.4,0.0,61.0,1,88400.0
29,Male,Bachelor,Single,18211.4,0.0,37.0,0,0.0
40,Male,Bachelor,Single,24148.65,54100.0,70.0,1,70300.0
54,Male,Master,Married,47640.73,111700.0,83.0,1,143400.0
54,Female,High School,Single,35483.92,0.0,38.0,1,27100.0
18,Male,High School,Married,67159.08,0.0,44.0,1,100700.0
42,Female,High School,Married,81453.97,0.0,54.0,1,122200.0
34,Female,Master,Married,80112.75,172200.0,89.0,1,241100.0
37,Female,Bachelor,Single,28594.0,0.0,48.0,1,42900.0
31,Male,Bachelor,Married,68051.81,32800.0,63.0,1,41000.0
37,Female,High School,Married,39382.86,48600.0,57.0,1,55900.0
37,Female,Bachelor,Married,57192.87,66900.0,75.0,1,87000.0
29,Male,Master,Married,30325.11,40000.0,66.0,1,50000.0
26,Male,High School,Married,47693.86,42100.0,56.0,1,48400.0
31,Male,Bachelor,Married,25001.24,39100.0,67.0,1,48700.0
38,Female,High School,Married,36035.07,69400.0,57.0,1,63200.0
42,Female,Bachelor,Single,33425.28,0.0,48.0,1,50100.0
45,Male,Bachelor,Married,25877.59,38900.0,67.0,1,45100.0
30,Female,High School,Divorced,90655.31,74400.0,62.0,1,93000.0
39,Male,High School,Married,52606.49,118400.0,70.0,1,147500.0
46,Female,High School,Single,78733.8,181000.0,68.0,1,150600.0
48,Male,Master,Married,98431.41,183600.0,84.0,1,257000.0
35,Female,Master,Single,31256.34,0.0,51.0,1,46900.0
33,Male,Bachelor,Married,111491.01,267000.0,86.0,1,347400.0
38,Male,High School,Married,69722.85,134400.0,65.0,1,122200.0
23,Female,Bachelor,Married,136039.71,71500.0,72.0,1,93000.0
33,Male,Bachelor,Married,44607.93,0.0,50.0,1,66900.0
44,Male,High School,Married,39776.24,66000.0,57.0,1,69700.0
43,Female,High School,Married,43581.58,69800.0,57.0,1,76400.0
33,Male,Master,Married,71008.12,104900.0,78.0,1,136400.0
38,Female,Bachelor,Married,18853.38,8500.0,48.0,1,9400.0
26,Male,Bachelor,Married,85278.45,62400.0,72.0,1,81100.0
43,Male,High School,Single,22944.63,53900.0,60.0,1,49000.0
35,Male,Bachelor,Married,43055.35,0.0,50.0,1,64600.0
32,Female,Bachelor,Single,26870.72,41500.0,65.0,1,51900.0
32,Male,High School,Single,76725.72,121700.0,63.0,1,152100.0
35,Female,Master,Married,159600.68,152800.0,85.0,1,213900.0
31,Female,PhD,Married,99839.34,0.0,69.0,1,149800.0
43,Male,Master,Single,21437.2,12500.0,56.0,1,14400.0
31,Female,Bachelor,Single,43310.86,101500.0,70.0,1,132000.0
53,Female,Bachelor,Married,74454.88,129800.0,75.0,1,168700.0
52,Male,Bachelor,Married,51989.81,46300.0,70.0,1,60200.0
26,Male,Master,Single,35019.16,65400.0,64.0,1,81800.0
36,Male,Bachelor,Married,120973.04,263200.0,86.0,1,368500.0
28,Female,High School,Married,21169.17,39000.0,46.0,1,39100.0
32,Female,Bachelor,Married,63299.51,0.0,58.0,1,94900.0
58,Male,Master,Divorced,37956.24,29600.0,58.0,1,34000.0
32,Male,High School,Married,73665.68,39500.0,60.0,1,49400.0
39,Female,Bachelor,Widowed,28233.35,33400.0,64.0,1,41800.0
41,Male,High School,Single,297809.31,0.0,58.0,1,446700.0
24,Female,Master,Single,63449.11,46900.0,67.0,1,58600.0
26,Male,Bachelor,Married,262418.11,356100.0,83.0,1,498500.0
22,Female,Bachelor,Married,41872.13,13500.0,51.0,1,15500.0
26,Female,Bachelor,Married,51289.13,0.0,54.0,1,76900.0
18,Male,Bachelor,Single,63467.73,0.0,52.0,1,95200.0
41,Male,Master,Married,90607.72,91100.0,84.0,1,127500.0
58,Male,Master,Divorced,56785.06,0.0,54.0,1,85200.0
37,Male,High School,Widowed,72978.61,0.0,45.0,1,109500.0
20,Male,High School,Married,48938.5,0.0,44.0,1,73400.0
28,Female,Bachelor,Married,239659.86,590500.0,88.0,1,786100.0
30,Male,Master,Married,42245.26,56300.0,70.0,1,73200.0
24,Male,High School,Married,18302.02,11900.0,41.0,0,11900.0
45,Female,High School,Widowed,48162.99,104200.0,67.0,1,81100.0
44,Female,High School,Married,44824.74,101700.0,62.0,1,78600.0
23,Male,High School,Married,87531.37,46100.0,62.0,1,57600.0
43,Female,Bachelor,Married,25258.87,53500.0,72.0,1,69600.0
52,Female,High School,Married,21062.42,18400.0,45.0,1,20200.0
56,Female,High School,Married,69747.47,0.0,45.0,1,104600.0
67,Male,Master,Married,21152.57,0.0,43.0,1,31700.0
26,Male,High School,Single,44265.17,0.0,34.0,0,0.0
67,Female,Bachelor,Married,37951.96,24600.0,59.0,1,28300.0
32,Female,High School,Widowed,13495.57,4600.0,35.0,0,4600.0
29,Female,Bachelor,Married,173219.17,279400.0,83.0,1,391200.0
39,Male,High School,Single,70806.53,119300.0,63.0,1,149100.0
29,Female,High School,Single,120738.73,292600.0,70.0,1,380400.0
40,Female,High School,Married,65701.71,34200.0,60.0,1,42800.0
21,Male,Master,Married,269364.44,322500.0,86.0,1,451500.0
33,Male,Bachelor,Single,87088.05,162400.0,79.0,1,211100.0
50,Female,High School,Widowed,19838.0,0.0,30.0,0,0.0
35,Female,Bachelor,Married,22721.62,54500.0,72.0,1,70800.0
37,Male,High School,Married,45443.5,0.0,48.0,1,68200.0
41,Female,Master,Married,23595.62,14700.0,65.0,1,18400.0
48,Female,High School,Married,17324.64,0.0,33.0,0,0.0
18,Female,Bachelor,Married,40733.03,68600.0,63.0,1,83500.0
42,Female,High School,Married,68172.68,90300.0,65.0,1,112900.0
33,Female,Bachelor,Widowed,69062.45,133200.0,72.0,1,173200.0
37,Male,Bachelor,Single,111638.02,115700.0,79.0,1,150400.0
47,Male,High School,Married,15511.51,14000.0,45.0,1,15400.0
22,Female,High School,Married,27907.46,0.0,36.0,0,0.0
24,Male,Master,Married,57330.58,93700.0,74.0,1,121800.0
18,Female,Bachelor,Married,14693.92,30400.0,61.0,1,30100.0
29,Female,Bachelor,Single,47139.53,17200.0,57.0,1,19800.0
50,Male,Bachelor,Single,87973.13,57500.0,74.0,1,74800.0
34,Female,Bachelor,Single,86141.82,187400.0,84.0,1,262400.0
21,Male,High School,Married,80831.94,28200.0,55.0,1,32400.0
30,Male,Master,Divorced,35075.76,13900.0,54.0,1,16000.0
19,Male,High School,Single,40699.59,58300.0,51.0,1,67000.0
23,Female,Bachelor,Married,44405.17,49200.0,63.0,1,61500.0
40,Male,Bachelor,Married,57761.28,115200.0,75.0,1,149800.0
23,Female,Bachelor,Divorced,30378.33,52700.0,59.0,1,60600.0
48,Male,Master,Married,38768.05,27600.0,65.0,1,34500.0
35,Male,High School,Married,17714.39,18500.0,50.0,1,21300.0
36,Male,Bachelor,Married,19897.83,9800.0,48.0,1,10800.0
32,Female,Bachelor,Single,29980.55,0.0,48.0,1,45000.0
44,Male,High School,Single,29142.71,71700.0,60.0,1,62300.0
44,Male,High School,Married,71343.77,27500.0,53.0,1,31600.0
39,Female,Master,Married,25354.73,0.0,53.0,1,38000.0
42,Male,High School,Married,93561.74,109800.0,71.0,1,142700.0
33,Male,Bachelor,Single,55986.11,89700.0,73.0,1,116600.0
41,Male,Bachelor,Single,52124.6,125000.0,78.0,1,162500.0
32,Male,Bachelor,Single,22153.53,0.0,48.0,1,33200.0
36,Female,Master,Divorced,39894.2,28200.0,61.0,1,35200.0
32,Male,High School,Widowed,69444.52,95600.0,62.0,1,119500.0
30,Male,Bachelor,Single,37385.92,74700.0,65.0,1,88800.0
28,Female,High School,Single,25750.16,22400.0,46.0,1,24600.0
41,Female,High School,Married,113102.28,76000.0,66.0,1,95000.0
50,Female,Master,Single,95410.11,178800.0,82.0,1,250300.0
48,Female,High School,Divorced,89886.32,129900.0,67.0,1,154700.0
22,Male,High School,Married,99277.83,179100.0,67.0,1,183200.0
50,Female,Bachelor,Married,49066.43,0.0,58.0,1,73600.0
32,Male,High School,Married,17370.02,36300.0,55.0,1,30400.0
42,Female,Bachelor,Single,59934.73,0.0,56.0,1,89900.0
26,Male,Master,Single,84941.07,148300.0,78.0,1,192800.0
37,Male,High School,Married,82418.33,94100.0,71.0,1,122300.0
39,Female,High School,Widowed,168133.74,260800.0,74.0,1,339000.0
19,Female,High School,Married,38908.0,60100.0,53.0,1,69100.0
42,Female,High School,Married,11581.48,23800.0,55.0,1,20300.0
50,Male,High School,Divorced,47862.53,0.0,44.0,1,71800.0
34,Male,Master,Single,47908.33,38200.0,71.0,1,49700.0
50,Male,Bachelor,Married,81080.08,76500.0,76.0,1,99400.0
33,Male,High School,Single,17885.41,25300.0,48.0,1,27800.0
45,Male,Master,Single,89144.3,0.0,65.0,1,133700.0
18,Male,High School,Married,17722.1,36500.0,51.0,1,32700.0
62,Male,Bachelor,Single,56216.85,0.0,53.0,1,84300.0
52,Male,High School,Single,49028.14,51800.0,63.0,1,64800.0
32,Female,High School,Married,61451.98,63700.0,65.0,1,79600.0
18,Female,Bachelor,Single,53986.33,0.0,52.0,1,81000.0
39,Male,Bachelor,Single,73277.79,160400.0,78.0,1,208500.0
20,Male,Bachelor,Single,11151.55,26900.0,59.0,1,27900.0
40,Male,High School,Married,159525.95,175200.0,77.0,1,227800.0
40,Male,High School,Married,38020.67,64000.0,57.0,1,66600.0
25,Female,Bachelor,Married,78136.11,144000.0,71.0,1,187200.0
48,Female,Bachelor,Married,88446.46,202200.0,86.0,1,246600.0
44,Female,High School,Divorced,74275.2,142700.0,61.0,1,142900.0
46,Male,High School,Single,40136.71,0.0,38.0,0,0.0
36,Female,Bachelor,Divorced,23962.0,47700.0,63.0,1,51200.0
20,Male,Bachelor,Married,87439.08,0.0,60.0,1,131200.0
46,Male,Bachelor,Single,27027.18,67000.0,70.0,1,87100.0
33,Male,Bachelor,Married,33340.17,36800.0,67.0,1,46000.0
20,Female,PhD,Married,88069.25,40600.0,70.0,1,52800.0
50,Male,High School,Single,12152.36,0.0,31.0,0,0.0
59,Male,Bachelor,Single,46597.81,44600.0,65.0,1,55800.0
35,Female,Bachelor,Married,58367.89,108200.0,75.0,1,140700.0
59,Male,Bachelor,Married,25596.64,12000.0,52.0,1,13800.0
37,Male,High School,Married,37364.7,0.0,40.0,0,0.0
31,Male,Bachelor,Married,13340.5,27400.0,65.0,1,26000.0
29,Male,Bachelor,Single,47827.77,0.0,52.0,1,71700.0
54,Female,Bachelor,Married,85186.06,0.0,64.0,1,127800.0
27,Male,High School,Single,23137.92,14100.0,46.0,1,15500.0
44,Male,Bachelor,Married,28239.24,17400.0,62.0,1,21800.0
29,Male,Master,Widowed,111626.5,52400.0,65.0,1,65500.0
30,Female,Master,Married,46057.8,91200.0,78.0,1,118600.0
47,Male,Bachelor,Widowed,52435.47,98100.0,72.0,1,127500.0
31,Female,Bachelor,Married,19778.19,43600.0,65.0,1,38500.0
31,Male,High School,Single,46688.76,80800.0,63.0,1,99800.0
48,Male,Bachelor,Married,22534.23,0.0,50.0,1,33800.0
53,Female,High School,Married,36582.49,83500.0,62.0,1,57400.0
43,Male,Bachelor,Married,98002.96,162400.0,81.0,1,227400.0
28,Male,High School,Married,14458.95,5800.0,34.0,0,5800.0
30,Male,Bachelor,Married,22049.26,50200.0,72.0,1,65300.0
36,Male,Bachelor,Married,30334.74,0.0,50.0,1,45500.0
39,Male,Master,Single,29314.96,0.0,51.0,1,44000.0
25,Female,Bachelor,Married,72571.52,169900.0,76.0,1,220900.0
43,Female,Bachelor,Married,33479.2,39400.0,67.0,1,49200.0
36,Male,Bachelor,Married,75533.63,163000.0,80.0,1,228200.0
18,Male,High School,Married,87113.51,205000.0,72.0,1,257200.0
25,Female,High School,Married,80782.8,164800.0,72.0,1,214200.0
30,Male,High School,Single,43471.67,0.0,38.0,0,0.0
35,Female,High School,Married,23247.19,0.0,40.0,0,0.0
56,Female,Master,Married,89565.25,93600.0,81.0,1,131000.0
38,Female,High School,Married,13864.71,31600.0,55.0,1,24300.0
26,Female,Bachelor,Single,114904.62,79900.0,70.0,1,103900.0
38,Female,High School,Single,63158.47,24900.0,51.0,1,28600.0
32,Female,PhD,Single,160497.15,274300.0,90.0,1,411400.0
39,Male,High School,Married,87942.81,0.0,54.0,1,131900.0
42,Female,High School,Married,34747.42,0.0,40.0,1,52100.0
49,Male,High School,Married,11852.65,0.0,33.0,0,0.0
35,Male,Bachelor,Divorced,109264.89,84900.0,72.0,1,110400.0
54,Male,High School,Single,31323.55,31400.0,55.0,1,36100.0
45,Female,Master,Single,30412.42,49000.0,68.0,1,61200.0
28,Male,Bachelor,Single,111444.3,0.0,58.0,1,167200.0
60,Female,High School,Married,166520.54,413800.0,79.0,1,368700.0
39,Female,High School,Married,28442.59,39600.0,57.0,1,45500.0
26,Male,Bachelor,Married,17113.04,13400.0,51.0,1,15400.0
54,Female,High School,Married,15751.63,35300.0,55.0,1,24700.0
58,Female,Master,Married,43239.58,80500.0,67.0,1,81400.0
35,Female,High School,Married,73301.42,122000.0,65.0,1,128500.0
30,Male,Bachelor,Married,29638.15,0.0,50.0,1,44500.0
34,Female,Bachelor,Single,36689.91,17200.0,53.0,1,19800.0
43,Female,Bachelor,Married,29334.85,38200.0,67.0,1,47800.0
50,Male,High School,Married,24090.0,54400.0,62.0,1,37800.0
42,Male,Master,Married,133668.53,64500.0,72.0,1,83800.0
37,Male,Bachelor,Single,83708.92,130700.0,79.0,1,169900.0
52,Female,Bachelor,Married,171826.29,169000.0,82.0,1,236600.0
32,Male,Bachelor,Married,138936.78,0.0,64.0,1,208400.0
47,Male,Bachelor,Single,38089.05,19500.0,60.0,1,24400.0
32,Female,Master,Married,72481.11,108000.0,78.0,1,140400.0
40,Male,Master,Single,358381.46,511100.0,88.0,1,715500.0
34,Female,High School,Married,99290.22,43900.0,59.0,1,50500.0
35,Male,High School,Single,63061.74,51400.0,58.0,1,59100.0
31,Male,PhD,Divorced,56388.63,33600.0,71.0,1,43700.0
50,Male,High School,Single,45295.92,0.0,46.0,1,67900.0
27,Female,Master,Married,164692.79,152100.0,81.0,1,212900.0
27,Female,Bachelor,Single,102076.71,147000.0,75.0,1,191100.0
59,Female,High School,Single,59551.89,91700.0,60.0,1,113900.0
46,Female,High School,Married,41938.16,13300.0,45.0,1,14600.0
18,Male,Bachelor,Single,18655.81,41300.0,59.0,1,46600.0
29,Male,Master,Married,70547.1,0.0,57.0,1,105800.0
18,Male,High School,Single,29136.15,62700.0,56.0,1,65600.0
25,Female,High School,Married,33852.41,50700.0,53.0,1,58300.0
18,Female,Master,Married,10674.85,0.0,42.0,1,16000.0
34,Male,High School,Divorced,18727.57,37800.0,51.0,1,36000.0
23,Female,Bachelor,Married,55679.2,95800.0,71.0,1,124500.0
36,Female,Bachelor,Married,15750.4,0.0,43.0,1,23600.0
18,Male,High School,Married,98502.28,96900.0,62.0,1,121100.0
36,Female,High School,Single,38348.12,45500.0,55.0,1,52300.0
31,Male,High School,Married,85312.41,0.0,54.0,1,128000.0
52,Female,High School,Married,131034.27,146000.0,71.0,1,189800.0
51,Male,Bachelor,Single,48745.15,53600.0,73.0,1,69700.0
44,Male,Bachelor,Divorced,175056.74,377500.0,88.0,1,528500.0
32,Male,Bachelor,Single,32282.13,78100.0,70.0,1,101500.0
57,Female,Bachelor,Married,197674.68,268500.0,84.0,1,375900.0
18,Female,High School,Married,26333.82,58000.0,58.0,1,48600.0
20,Male,High School,Married,100786.02,0.0,50.0,1,151200.0
35,Female,High School,Married,26543.08,36400.0,57.0,1,41900.0
60,Female,High School,Single,11869.44,20800.0,45.0,0,20800.0
33,Female,Master,Married,86529.49,38400.0,72.0,1,49900.0
33,Male,High School,Single,54408.34,93300.0,63.0,1,116300.0
20,Male,High School,Single,32165.23,26900.0,46.0,1,29600.0
46,Female,Bachelor,Married,155689.1,367900.0,92.0,1,434100.0
46,Male,Bachelor,Married,37570.38,0.0,50.0,1,56400.0
44,Male,PhD,Married,43998.72,73300.0,72.0,1,95300.0
29,Male,High School,Single,176942.66,405500.0,76.0,1,527200.0
28,Male,High School,Married,35125.97,68300.0,53.0,1,64800.0
21,Male,High School,Single,19027.65,23200.0,44.0,1,25500.0
36,Female,High School,Married,264929.96,538500.0,82.0,1,743000.0
24,Male,Bachelor,Single,64316.25,151000.0,74.0,1,196300.0
23,Male,Master,Married,24400.54,58000.0,71.0,1,75400.0
31,Male,Bachelor,Married,75303.88,64000.0,70.0,1,83200.0
30,Female,High School,Widowed,57177.39,86200.0,62.0,1,107600.0
30,Female,High School,Single,97187.52,199100.0,74.0,1,258800.0
41,Female,Master,Single,49420.39,0.0,59.0,1,74100.0
36,Male,Bachelor,Widowed,77506.96,0.0,55.0,1,116300.0
32,Male,Master,Married,27265.32,54400.0,70.0,1,70700.0
38,Female,Bachelor,Married,39709.66,51300.0,67.0,1,64100.0
25,Female,PhD,Married,85766.4,184700.0,87.0,1,258600.0
37,Female,Master,Married,60338.2,117800.0,78.0,1,153100.0
37,Male,High School,Single,40259.15,52000.0,55.0,1,59800.0
19,Male,Bachelor,Single,274324.85,641400.0,86.0,1,898000.0
46,Male,Bachelor,Married,19266.6,0.0,43.0,1,28900.0
26,Female,High School,Married,13680.68,16000.0,46.0,1,17600.0
36,Male,High School,Married,43424.2,85300.0,57.0,1,76100.0
48,Male,High School,Married,89424.3,78900.0,66.0,1,98600.0
46,Male,High School,Single,14633.84,0.0,31.0,0,0.0
36,Male,High School,Married,223763.98,460100.0,82.0,1,627500.0
32,Male,Bachelor,Divorced,330772.79,0.0,66.0,1,496200.0
46,Male,Master,Married,35422.67,39900.0,70.0,1,51900.0
43,Female,Bachelor,Married,44803.76,59800.0,67.0,1,74800.0
29,Male,High School,Married,40666.67,61800.0,53.0,1,71100.0
27,Male,High School,Married,41207.41,24000.0,48.0,1,26400.0
18,Male,High School,Married,77691.62,86600.0,61.0,1,108200.0
37,Male,Bachelor,Married,121571.01,0.0,64.0,1,182400.0
35,Female,Master,Married,21230.11,0.0,46.0,1,31800.0
48,Male,High School,Single,282447.43,644500.0,80.0,1,864300.0
39,Female,Bachelor,Single,125949.9,53400.0,67.0,1,66800.0
50,Male,Bachelor,Single,53740.57,81600.0,73.0,1,106100.0
28,Female,High School,Single,58678.07,73800.0,59.0,1,84900.0
48,Male,High School,Single,45101.46,79900.0,63.0,1,86300.0
30,Male,Bachelor,Single,17918.86,0.0,41.0,1,26900.0
44,Female,Bachelor,Single,72246.0,94500.0,73.0,1,122800.0
19,Male,High School,Single,63136.49,0.0,42.0,1,94700.0
38,Male,High School,Married,44243.47,24900.0,52.0,1,28600.0
18,Female,Bachelor,Married,76189.78,175600.0,76.0,1,228300.0
33,Male,High School,Divorced,27582.47,31900.0,53.0,1,36700.0
40,Male,Bachelor,Married,62041.58,0.0,58.0,1,93100.0
30,Female,High School,Single,68210.99,100000.0,63.0,1,125000.0
24,Female,High School,Married,34543.12,74600.0,58.0,1,63700.0
45,Female,High School,Married,28339.61,45300.0,57.0,1,44400.0
34,Male,Master,Married,112449.63,181800.0,84.0,1,254500.0
30,Male,Bachelor,Single,58474.05,0.0,56.0,1,87700.0
36,Male,Master,Divorced,88350.88,0.0,63.0,1,132500.0
65,Male,High School,Single,61178.63,73000.0,60.0,1,91200.0
48,Female,Bachelor,Widowed,14489.71,8900.0,52.0,1,10200.0
48,Male,Master,Married,18642.93,0.0,46.0,1,28000.0
40,Male,High School,Married,25743.46,45600.0,57.0,1,45100.0
37,Female,PhD,Married,147884.69,184800.0,86.0,1,258700.0
18,Female,Master,Single,74975.85,31300.0,60.0,1,39100.0
28,Female,PhD,Married,95806.34,0.0,65.0,1,143700.0
30,Female,Master,Married,12279.34,15200.0,63.0,1,19000.0
18,Female,Bachelor,Married,65992.1,135300.0,76.0,1,175900.0
23,Male,Master,Single,41214.6,25300.0,59.0,1,29100.0
18,Male,High School,Single,77955.45,42900.0,54.0,1,49300.0
35,Male,Bachelor,Married,42089.38,0.0,50.0,1,63100.0
45,Male,High School,Married,83295.29,121100.0,71.0,1,157400.0
48,Female,Bachelor,Married,33764.55,48300.0,67.0,1,58800.0
40,Male,Bachelor,Married,73002.77,102700.0,75.0,1,133500.0
25,Male,Bachelor,Married,43178.38,97500.0,68.0,1,88500.0
18,Male,Master,Married,39044.67,45400.0,66.0,1,56800.0
18,Male,High School,Married,30231.16,11300.0,41.0,0,11300.0
22,Female,Bachelor,Married,60766.25,19600.0,59.0,1,22500.0
26,Female,High School,Married,14399.47,17100.0,46.0,1,18800.0
34,Male,High School,Married,33389.67,75700.0,62.0,1,58500.0
24,Male,Bachelor,Divorced,61311.96,0.0,50.0,1,92000.0
39,Female,Bachelor,Married,26312.71,40900.0,67.0,1,51100.0
33,Female,High School,Single,71771.36,0.0,46.0,1,107700.0
36,Male,High School,Married,20430.52,0.0,33.0,0,0.0
48,Female,High School,Single,288360.66,276300.0,70.0,1,359200.0
23,Female,Bachelor,Married,54861.7,0.0,54.0,1,82300.0
40,Female,Bachelor,Married,81587.27,26400.0,69.0,1,33000.0
35,Female,High School,Married,158016.98,153300.0,72.0,1,199300.0
32,Female,Bachelor,Married,153019.55,366100.0,92.0,1,476800.0
45,Male,High School,Single,37518.66,61700.0,55.0,1,71000.0
45,Female,Bachelor,Married,19387.29,37000.0,60.0,1,33800.0
25,Female,High School,Married,41096.05,48100.0,53.0,1,55300.0
33,Female,PhD,Widowed,42658.67,22500.0,64.0,1,28100.0
39,Female,High School,Married,72446.9,130500.0,65.0,1,127000.0
32,Male,Bachelor,Married,62711.68,0.0,58.0,1,94100.0
42,Male,Bachelor,Married,98090.66,60500.0,76.0,1,78600.0
39,Male,High School,Single,77508.74,176100.0,68.0,1,165700.0
56,Female,High School,Single,51354.34,0.0,43.0,1,77000.0
19,Male,High School,Single,41975.96,44800.0,51.0,1,51500.0
34,Male,Bachelor,Widowed,63264.36,48100.0,67.0,1,60100.0
26,Male,High School,Single,84426.15,98100.0,65.0,1,122600.0
42,Female,Bachelor,Married,68331.36,112400.0,75.0,1,146100.0
18,Female,Bachelor,Married,65406.74,49400.0,66.0,1,61800.0
39,Female,High School,Single,30362.11,0.0,38.0,0,0.0
29,Female,High School,Divorced,23410.98,7700.0,37.0,0,7700.0
27,Female,Master,Married,22265.14,14500.0,61.0,1,18100.0
20,Female,High School,Married,67891.02,0.0,44.0,1,101800.0
30,Male,High School,Single,42725.48,72500.0,55.0,1,83400.0
47,Male,Bachelor,Married,35480.53,50000.0,67.0,1,61800.0
35,Female,High School,Married,167614.01,240100.0,77.0,1,312100.0
42,Female,Bachelor,Married,44994.35,77100.0,67.0,1,87600.0
54,Female,High School,Married,26108.19,19900.0,52.0,1,22900.0
38,Male,PhD,Single,74680.94,0.0,61.0,1,112000.0
29,Male,High School,Married,271719.71,326700.0,73.0,1,424700.0
41,Male,PhD,Married,12505.66,28800.0,70.0,1,37400.0
30,Male,High School,Married,111681.33,0.0,54.0,1,167500.0
30,Male,High School,Single,12935.84,29000.0,53.0,1,27700.0
19,Male,Master,Married,38781.99,0.0,49.0,1,58200.0
46,Male,High School,Single,30165.05,27200.0,50.0,1,31300.0
31,Female,High School,Married,56508.04,96500.0,65.0,1,99000.0
38,Female,High School,Married,169736.46,59700.0,65.0,1,74600.0
24,Female,Master,Divorced,10412.14,6600.0,50.0,1,7600.0
40,Female,High School,Widowed,78102.8,42400.0,57.0,1,48800.0
27,Male,Bachelor,Married,44092.8,63400.0,63.0,1,79200.0
34,Female,Bachelor,Married,146307.89,0.0,64.0,1,219500.0
45,Male,High School,Married,34607.75,10600.0,45.0,1,11700.0
44,Male,High School,Single,47765.1,20200.0,51.0,1,23200.0
35,Female,Master,Married,33568.05,59100.0,70.0,1,76800.0
18,Male,Bachelor,Married,259508.91,288200.0,83.0,1,403500.0
68,Female,Bachelor,Married,19337.21,43800.0,62.0,1,29700.0
55,Male,High School,Married,40670.85,0.0,40.0,0,0.0
43,Female,High School,Divorced,52542.11,22700.0,49.0,1,25000.0
27,Female,Bachelor,Married,137001.97,0.0,60.0,1,205500.0
34,Male,Bachelor,Married,369186.31,467400.0,87.0,1,654400.0
30,Male,Bachelor,Widowed,36364.11,42700.0,64.0,1,53400.0
49,Female,High School,Married,33062.33,0.0,40.0,0,0.0
38,Male,PhD,Married,170825.54,212700.0,92.0,1,319000.0
27,Male,High School,Single,21597.85,35100.0,44.0,1,38600.0
30,Female,High School,Married,55587.33,0.0,48.0,1,83400.0
48,Female,Master,Married,26204.31,51400.0,70.0,1,66800.0
53,Female,Bachelor,Married,83917.34,122900.0,81.0,1,172100.0
52,Male,High School,Married,55932.73,81700.0,65.0,1,87700.0
44,Male,Bachelor,Married,83152.74,204800.0,86.0,1,259100.0
33,Male,Bachelor,Divorced,58553.42,138900.0,76.0,1,180600.0
18,Male,High School,Married,45863.4,29600.0,56.0,1,34000.0
39,Male,Bachelor,Single,63987.26,108800.0,73.0,1,141400.0
35,Male,High School,Single,46816.52,46200.0,58.0,1,53100.0
37,Female,High School,Single,54359.6,40200.0,58.0,1,46200.0
36,Female,High School,Married,66571.28,158000.0,70.0,1,186700.0
21,Female,Bachelor,Single,46732.29,0.0,52.0,1,70100.0
42,Female,High School,Married,92989.33,0.0,54.0,1,139500.0
42,Male,Master,Married,25568.39,0.0,53.0,1,38400.0
43,Male,Bachelor,Single,65823.91,97400.0,73.0,1,126600.0
46,Female,High School,Single,177661.53,95200.0,70.0,1,123800.0
42,Female,Bachelor,Married,24148.53,57600.0,72.0,1,74900.0
31,Female,Bachelor,Married,72988.21,36700.0,70.0,1,47700.0
35,Male,Bachelor,Divorced,33432.68,0.0,46.0,1,50100.0
37,Female,High School,Married,23383.57,25800.0,57.0,1,29700.0
37,Male,High School,Divorced,22785.26,20000.0,48.0,1,22000.0
46,Male,Master,Single,109965.25,84000.0,77.0,1,109200.0
43,Male,High School,Married,37749.27,0.0,40.0,0,0.0
58,Female,High School,Married,44134.93,64500.0,54.0,1,69200.0
60,Male,Bachelor,Married,34789.79,13900.0,52.0,1,16000.0
36,Female,High School,Married,23052.76,0.0,40.0,1,34600.0
18,Male,PhD,Married,56608.9,46100.0,71.0,1,59900.0
49,Male,Master,Single,43673.41,54800.0,68.0,1,68500.0
30,Female,Bachelor,Single,91126.85,43400.0,67.0,1,54200.0
27,Male,Master,Single,35851.79,47800.0,64.0,1,59800.0
31,Female,Bachelor,Single,53051.31,89100.0,73.0,1,115800.0
31,Male,Bachelor,Married,23522.86,0.0,50.0,1,35300.0
42,Female,Bachelor,Single,235975.97,521600.0,90.0,1,782400.0
18,Male,High School,Married,43550.73,41700.0,48.0,1,45900.0
24,Male,Master,Widowed,79279.16,83200.0,71.0,1,108200.0
39,Female,Master,Married,52704.9,35000.0,73.0,1,45500.0
42,Male,Master,Single,23511.17,52800.0,73.0,1,68600.0
43,Male,Bachelor,Married,15917.75,16900.0,60.0,1,21100.0
27,Female,High School,Married,47369.75,0.0,44.0,1,71100.0
25,Male,High School,Single,63182.68,119000.0,59.0,1,136800.0
30,Male,High School,Married,40405.78,40200.0,52.0,1,46200.0
38,Female,High School,Single,67529.86,88800.0,63.0,1,111000.0
52,Female,High School,Married,85357.83,0.0,54.0,1,128000.0
18,Male,Bachelor,Single,354076.62,488100.0,81.0,1,683300.0
33,Female,Bachelor,Married,69987.09,0.0,58.0,1,105000.0
21,Female,High School,Married,40179.3,82600.0,58.0,1,74100.0
18,Male,Bachelor,Married,11138.4,4400.0,44.0,1,4800.0
46,Male,High School,Married,26631.32,30000.0,57.0,1,34500.0
41,Male,Bachelor,Married,38109.67,70200.0,67.0,1,74200.0
40,Female,PhD,Single,45257.4,104400.0,83.0,1,146200.0
46,Male,Bachelor,Married,45210.57,78100.0,75.0,1,101500.0
30,Female,High School,Single,62115.36,91000.0,63.0,1,113800.0
31,Female,Bachelor,Married,168036.89,220900.0,87.0,1,309300.0
60,Male,Bachelor,Married,44559.55,60300.0,64.0,1,68500.0
33,Male,Bachelor,Single,36946.21,49400.0,65.0,1,61800.0
44,Female,Master,Single,43856.34,103800.0,73.0,1,134900.0
36,Male,High School,Married,166290.61,346300.0,82.0,1,466300.0
18,Male,High School,Single,54066.69,54800.0,59.0,1,63000.0
18,Female,High School,Married,14847.47,0.0,29.0,0,0.0
29,Male,Bachelor,Married,36346.75,65600.0,63.0,1,74500.0
47,Male,Bachelor,Single,25480.19,48500.0,65.0,1,54100.0
44,Male,High School,Single,248882.89,497400.0,75.0,1,646600.0
46,Male,High School,Married,39396.93,32000.0,52.0,1,36800.0
25,Male,Bachelor,Single,60509.57,0.0,52.0,1,90800.0
53,Female,PhD,Divorced,43296.47,73900.0,68.0,1,92400.0
25,Female,High School,Divorced,63304.96,34400.0,52.0,1,39600.0
38,Male,High School,Married,228347.19,457200.0,82.0,1,640100.0
35,Male,Bachelor,Single,26832.73,43000.0,65.0,1,53800.0
34,Male,High School,Married,37805.94,52700.0,57.0,1,60600.0
50,Male,Bachelor,Single,30467.49,11800.0,53.0,1,13600.0
28,Male,Bachelor,Married,27456.79,35900.0,63.0,1,44900.0
21,Male,Bachelor,Single,76223.99,165500.0,74.0,1,215200.0
36,Female,Master,Married,31692.14,35500.0,70.0,1,46200.0
31,Male,High School,Single,83069.67,203900.0,74.0,1,265100.0
70,Male,Bachelor,Married,69704.02,141600.0,77.0,1,171500.0
43,Male,Master,Single,21666.12,45800.0,66.0,1,55600.0
31,Male,High School,Married,61850.45,98600.0,65.0,1,108400.0
24,Female,High School,Single,57694.7,53000.0,54.0,1,60900.0
18,Male,Bachelor,Divorced,17734.64,21000.0,52.0,1,24100.0
24,Female,Bachelor,Married,18500.37,30700.0,56.0,1,35300.0
37,Male,High School,Single,22390.27,50300.0,60.0,1,47900.0
51,Female,High School,Married,37395.81,0.0,40.0,1,56100.0
48,Female,Bachelor,Single,26163.49,28600.0,65.0,1,35800.0
38,Male,High School,Married,88148.83,76400.0,66.0,1,95500.0
32,Male,Bachelor,Single,35248.16,0.0,48.0,1,52900.0
38,Female,Bachelor,Married,50698.8,24200.0,63.0,1,30200.0
30,Male,Master,Married,94744.65,106500.0,84.0,1,149100.0
54,Female,Bachelor,Married,20555.24,17500.0,55.0,1,20100.0
33,Male,Bachelor,Married,41564.35,0.0,50.0,1,62300.0
35,Male,Bachelor,Married,31984.18,55800.0,67.0,1,62300.0
18,Male,High School,Divorced,24012.5,13600.0,44.0,1,15000.0
33,Female,Bachelor,Widowed,62549.21,89100.0,72.0,1,115800.0
45,Male,Bachelor,Single,39492.18,80400.0,70.0,1,104500.0
24,Male,Master,Married,17937.93,0.0,42.0,0,0.0
27,Female,Bachelor,Married,83932.44,130800.0,77.0,1,170000.0
44,Male,Bachelor,Married,78803.65,155000.0,75.0,1,201500.0
19,Male,High School,Married,59856.07,0.0,44.0,1,89800.0
47,Male,Master,Single,60350.99,141400.0,81.0,1,198000.0
30,Female,High School,Married,36898.37,55900.0,57.0,1,64300.0
31,Female,PhD,Married,29133.97,49200.0,72.0,1,64000.0
23,Male,High School,Single,41956.18,0.0,34.0,0,0.0
40,Male,High School,Married,59746.58,119700.0,70.0,1,155600.0
63,Female,Master,Married,67001.99,108300.0,75.0,1,140800.0
44,Female,Bachelor,Married,46945.24,108900.0,80.0,1,146300.0
26,Male,Bachelor,Divorced,50314.07,0.0,50.0,1,75500.0
48,Male,High School,Married,50935.32,0.0,48.0,1,76400.0
32,Male,Master,Married,29915.0,46800.0,70.0,1,60800.0
51,Female,Bachelor,Single,24682.4,0.0,48.0,1,37000.0
44,Female,Bachelor,Married,131139.73,245400.0,81.0,1,343600.0
18,Male,Master,Married,57111.97,30300.0,69.0,1,37900.0
24,Male,Bachelor,Married,57260.53,0.0,54.0,1,85900.0
46,Male,High School,Single,15346.02,18700.0,48.0,1,20600.0
37,Male,Bachelor,Married,83422.78,107700.0,81.0,1,150800.0
24,Male,Bachelor,Single,79277.86,99500.0,69.0,1,124400.0
29,Female,Master,Single,84767.66,46100.0,73.0,1,59900.0
18,Male,High School,Married,21882.11,0.0,29.0,0,0.0
35,Female,Bachelor,Married,22255.35,11900.0,62.0,1,14900.0
60,Male,Bachelor,Divorced,37927.69,0.0,43.0,1,56900.0
44,Female,High School,Married,100784.66,114000.0,71.0,1,148200.0
60,Male,High School,Married,386101.26,236200.0,69.0,1,295200.0
45,Male,Bachelor,Single,27217.45,0.0,48.0,1,40800.0
47,Female,Bachelor,Single,60748.0,113700.0,73.0,1,147800.0
57,Male,Bachelor,Married,21748.64,50100.0,62.0,1,37900.0
40,Female,Bachelor,Single,20406.31,0.0,41.0,0,0.0
33,Female,Bachelor,Married,10566.5,22400.0,65.0,1,20600.0
47,Male,Bachelor,Single,47108.99,97200.0,78.0,1,126400.0
51,Male,High School,Married,40833.34,91500.0,62.0,1,64000.0
30,Female,High School,Married,48166.74,69000.0,65.0,1,84400.0
28,Female,Bachelor,Married,41589.89,19600.0,51.0,1,22500.0
37,Female,Bachelor,Married,173215.87,267900.0,87.0,1,375100.0
45,Male,Bachelor,Single,92145.34,0.0,62.0,1,138200.0
44,Female,Bachelor,Divorced,109800.61,55900.0,72.0,1,72700.0
20,Female,Bachelor,Married,46043.55,96900.0,76.0,1,126000.0
57,Female,High School,Married,48277.49,29100.0,57.0,1,33500.0
28,Female,Bachelor,Single,69033.27,24600.0,57.0,1,28300.0
33,Male,Bachelor,Married,38793.77,71600.0,67.0,1,75600.0
26,Male,Bachelor,Single,33027.9,0.0,44.0,1,49500.0
65,Female,Bachelor,Single,264907.85,591200.0,87.0,1,794700.0
38,Female,Bachelor,Single,54302.39,95500.0,73.0,1,124200.0
26,Male,High School,Married,27441.25,0.0,36.0,1,20300.0
45,Female,High School,Widowed,35395.12,0.0,37.0,0,0.0
44,Female,High School,Married,41682.58,95300.0,62.0,1,73100.0
33,Female,Bachelor,Married,31305.11,0.0,50.0,1,47000.0
45,Female,High School,Divorced,174566.49,336000.0,73.0,1,436800.0
26,Female,High School,Single,23198.73,51300.0,56.0,1,52200.0
30,Female,PhD,Single,41071.84,0.0,53.0,1,61600.0
18,Female,Bachelor,Single,29789.65,47300.0,61.0,1,59100.0
21,Male,High School,Married,168189.07,0.0,56.0,1,252300.0
55,Male,Bachelor,Married,382271.66,390000.0,87.0,1,546000.0
54,Male,Bachelor,Married,38109.39,80800.0,72.0,1,105000.0
36,Male,Bachelor,Married,60977.4,113600.0,75.0,1,147700.0
54,Male,Bachelor,Single,280525.57,655800.0,90.0,1,953800.0
34,Female,High School,Single,69829.93,0.0,46.0,1,104700.0
33,Female,High School,Married,65793.6,61800.0,60.0,1,77200.0
36,Male,High School,Married,80601.96,180600.0,76.0,1,226000.0
34,Female,High School,Single,19258.34,0.0,31.0,0,0.0
33,Male,Bachelor,Single,22291.07,10700.0,53.0,1,12300.0
48,Male,High School,Married,51824.78,46700.0,60.0,1,58400.0
37,Female,Bachelor,Single,259980.74,538400.0,90.0,1,807600.0
43,Male,Bachelor,Married,75259.12,176100.0,80.0,1,234500.0
47,Female,High School,Married,27283.05,46900.0,57.0,1,42800.0
40,Male,High School,Married,29424.16,68900.0,62.0,1,51600.0
25,Male,High School,Married,65793.6,106600.0,61.0,1,121400.0
21,Female,High School,Married,35559.78,83600.0,58.0,1,65600.0
37,Male,Bachelor,Single,42741.32,52700.0,65.0,1,65900.0
34,Female,Bachelor,Married,40506.55,98800.0,72.0,1,126200.0
36,Male,Bachelor,Married,30262.0,23100.0,62.0,1,28900.0
35,Male,Bachelor,Married,39663.63,0.0,50.0,1,59500.0
64,Female,High School,Married,41151.13,34500.0,49.0,1,38000.0
21,Female,Bachelor,Married,68505.18,0.0,54.0,1,102800.0
18,Male,Bachelor,Married,58321.9,82600.0,71.0,1,107400.0
39,Male,High School,Married,87438.24,130700.0,71.0,1,169900.0
31,Female,Master,Married,21547.03,0.0,46.0,1,32300.0
39,Male,High School,Single,27165.6,26400.0,50.0,1,30400.0
42,Male,Bachelor,Single,19420.79,44800.0,63.0,1,46100.0
50,Female,Bachelor,Married,10501.06,22400.0,65.0,1,18300.0
19,Male,Master,Single,22054.89,43000.0,64.0,1,53800.0
29,Male,Master,Married,30086.19,0.0,49.0,1,45100.0
40,Male,Master,Married,65814.23,23500.0,66.0,1,29400.0
44,Female,Bachelor,Married,69585.14,172200.0,80.0,1,216800.0
60,Female,Bachelor,Married,30700.08,25000.0,59.0,1,28700.0
46,Female,High School,Married,24962.35,9800.0,45.0,0,9800.0
35,Male,Bachelor,Married,14137.5,18200.0,60.0,1,22800.0
26,Male,Master,Married,40901.99,74000.0,66.0,1,90600.0
29,Male,Bachelor,Married,29721.33,28200.0,58.0,1,32400.0
29,Male,High School,Married,17107.64,0.0,29.0,0,0.0
43,Male,High School,Divorced,75639.45,62100.0,56.0,1,71400.0
38,Male,High School,Single,155919.32,47200.0,63.0,1,59000.0
21,Female,High School,Married,66959.42,151800.0,66.0,1,123500.0
31,Female,High School,Single,11508.55,12600.0,48.0,1,13900.0
45,Male,High School,Single,85522.87,53200.0,64.0,1,66500.0
39,Female,High School,Divorced,56713.9,65100.0,61.0,1,81400.0
42,Female,High School,Single,120506.03,39900.0,57.0,1,45900.0
40,Male,Master,Married,39796.9,19000.0,58.0,1,21800.0
53,Male,Bachelor,Married,79358.57,0.0,58.0,1,119000.0
38,Female,Bachelor,Married,20756.63,16500.0,55.0,1,19000.0
31,Male,Bachelor,Married,46518.67,81000.0,75.0,1,105300.0
25,Male,High School,Single,20494.13,26500.0,44.0,1,29200.0
38,Male,Bachelor,Married,40221.19,18400.0,55.0,1,21200.0
18,Male,Master,Single,137258.53,201000.0,78.0,1,261300.0
33,Female,High School,Married,52176.86,88400.0,65.0,1,91500.0
33,Female,High School,Married,139049.43,0.0,54.0,1,208600.0
20,Male,Bachelor,Single,53727.45,46300.0,64.0,1,57900.0
25,Female,High School,Married,88423.07,32000.0,55.0,1,36800.0
44,Female,Master,Single,76896.56,93900.0,76.0,1,122100.0
38,Female,Bachelor,Single,71830.62,0.0,56.0,1,107700.0
37,Male,High School,Single,81601.36,37000.0,57.0,1,42600.0
39,Female,High School,Single,16389.37,0.0,31.0,0,0.0
37,Male,Bachelor,Married,23385.98,24600.0,67.0,1,30800.0
49,Male,High School,Single,27957.68,29700.0,55.0,1,34200.0
37,Male,Master,Widowed,44578.81,46100.0,67.0,1,57600.0
19,Male,High School,Widowed,41568.7,94800.0,55.0,1,82300.0
53,Male,PhD,Married,86735.02,206300.0,91.0,1,278100.0
40,Male,High School,Married,24250.11,0.0,40.0,1,36400.0
29,Female,Bachelor,Divorced,56159.93,114300.0,72.0,1,148600.0
22,Male,High School,Married,23454.53,0.0,36.0,0,0.0
40,Female,High School,Single,81997.4,0.0,52.0,1,123000.0
34,Female,Bachelor,Married,52825.52,0.0,58.0,1,79200.0
53,Male,High School,Single,63452.37,71600.0,63.0,1,89500.0
32,Male,High School,Married,28198.55,17400.0,52.0,1,20000.0
26,Female,High School,Married,86866.09,126900.0,67.0,1,158600.0
45,Male,Bachelor,Married,72377.11,150200.0,80.0,1,201800.0
46,Female,Bachelor,Single,161955.39,290300.0,85.0,1,406400.0
37,Female,Bachelor,Single,72096.35,81700.0,73.0,1,106200.0
43,Male,High School,Married,72564.78,128700.0,65.0,1,127200.0
35,Male,High School,Married,124462.19,0.0,54.0,1,186700.0
38,Male,High School,Married,12868.0,0.0,33.0,0,0.0
48,Female,Master,Married,60677.41,54000.0,73.0,1,70200.0
42,Female,Master,Married,28781.78,10500.0,58.0,1,12100.0
34,Female,Bachelor,Married,152210.36,58400.0,75.0,1,75900.0
50,Male,Master,Single,64015.39,153200.0,81.0,1,214500.0
18,Male,Bachelor,Married,69757.37,0.0,54.0,1,104600.0
58,Male,High School,Divorced,39731.65,32600.0,45.0,1,35900.0
18,Female,High School,Married,56994.98,41500.0,56.0,1,47700.0
29,Male,High School,Married,15083.8,14600.0,41.0,1,16100.0
35,Male,High School,Single,68376.92,106600.0,63.0,1,133200.0
34,Female,Bachelor,Married,23237.56,0.0,50.0,1,34900.0
47,Male,Bachelor,Married,25500.29,57700.0,72.0,1,71100.0
24,Male,Bachelor,Married,10762.13,21600.0,61.0,1,22100.0
38,Male,High School,Single,39301.91,57500.0,55.0,1,66100.0
29,Male,Bachelor,Married,28897.9,0.0,46.0,1,43300.0
39,Female,High School,Married,31719.65,47800.0,57.0,1,55000.0
35,Male,Bachelor,Married,37463.46,18500.0,55.0,1,21300.0
37,Male,PhD,Married,176982.26,0.0,75.0,1,265500.0
29,Male,High School,Married,40654.05,55200.0,53.0,1,63500.0
30,Male,High School,Married,47600.98,0.0,48.0,1,71400.0
39,Female,Bachelor,Married,29031.88,30800.0,67.0,1,38500.0
46,Male,Master,Single,94416.95,103200.0,82.0,1,144500.0
29,Female,High School,Married,47775.07,113300.0,66.0,1,88100.0
26,Male,Bachelor,Single,50735.52,117800.0,74.0,1,153100.0
42,Female,Master,Married,29384.88,67000.0,75.0,1,87100.0
35,Male,High School,Married,110834.93,134400.0,71.0,1,174700.0
45,Female,High School,Married,30100.02,58700.0,57.0,1,47200.0
26,Male,Bachelor,Married,81990.45,194100.0,82.0,1,268900.0
18,Male,High School,Married,80895.8,196300.0,72.0,1,238800.0
30,Female,High School,Single,257162.56,214400.0,70.0,1,278700.0
27,Male,Master,Married,17917.85,13800.0,54.0,1,15900.0
35,Male,Bachelor,Single,14471.96,20200.0,58.0,1,23200.0
28,Male,High School,Married,62368.07,138000.0,66.0,1,115100.0
44,Male,High School,Married,150815.02,0.0,60.0,1,226200.0
32,Male,Bachelor,Single,14611.86,0.0,41.0,0,0.0
37,Male,Bachelor,Married,34632.97,0.0,50.0,1,51900.0
37,Female,Bachelor,Married,24650.2,48100.0,67.0,1,48000.0
38,Female,Bachelor,Married,34392.7,0.0,50.0,1,51600.0
35,Female,Bachelor,Married,18903.99,39900.0,65.0,1,36800.0
41,Male,PhD,Married,169953.44,349000.0,97.0,1,523500.0
27,Male,Master,Married,11767.1,9400.0,54.0,1,10800.0
51,Female,High School,Married,63481.99,140900.0,70.0,1,159300.0
33,Male,High School,Single,15834.21,8900.0,43.0,0,8900.0
21,Female,High School,Single,85716.54,170700.0,65.0,1,192900.0
38,Male,High School,Married,56583.38,122800.0,70.0,1,158700.0
26,Male,High School,Single,52454.84,111400.0,64.0,1,118000.0
43,Female,High School,Married,51367.09,43000.0,60.0,1,53800.0
60,Female,High School,Single,103939.16,49700.0,54.0,1,57200.0
27,Female,High School,Widowed,41999.05,15300.0,38.0,0,15300.0
39,Female,High School,Married,145782.65,51400.0,59.0,1,59100.0
18,Female,High School,Widowed,31676.74,45100.0,50.0,1,51900.0
40,Male,Bachelor,Married,84003.21,62200.0,76.0,1,80900.0
26,Female,High School,Divorced,13576.34,30100.0,47.0,1,27500.0
29,Female,Master,Married,43340.79,28600.0,61.0,1,35800.0
23,Female,High School,Married,79148.56,140600.0,61.0,1,146000.0
44,Male,Master,Single,91852.15,213100.0,87.0,1,298300.0
47,Female,High School,Married,32640.56,79100.0,62.0,1,51200.0
36,Male,Bachelor,Married,82911.01,181500.0,86.0,1,254100.0
26,Male,High School,Married,125652.99,94200.0,62.0,1,117800.0
53,Male,Bachelor,Single,44704.31,65500.0,65.0,1,81900.0
27,Male,High School,Married,41471.47,0.0,36.0,0,0.0
18,Male,Master,Single,78887.3,127500.0,72.0,1,165800.0
41,Female,High School,Married,25116.68,20700.0,52.0,1,23800.0
23,Female,High School,Married,49853.99,51200.0,61.0,1,64000.0
46,Male,Bachelor,Married,17694.27,26800.0,60.0,1,30800.0
31,Female,Bachelor,Divorced,37212.78,21200.0,58.0,1,24400.0
42,Male,Master,Single,51638.31,55800.0,76.0,1,72500.0
51,Male,High School,Widowed,367872.36,385500.0,74.0,1,501200.0
22,Male,Bachelor,Widowed,42095.81,66800.0,60.0,1,83500.0
29,Female,Bachelor,Married,63746.63,99400.0,71.0,1,129200.0
35,Male,Bachelor,Married,72347.88,0.0,58.0,1,108500.0
52,Male,Bachelor,Single,135966.22,299700.0,84.0,1,419600.0
28,Male,High School,Widowed,22820.24,39100.0,50.0,1,45000.0
29,Female,High School,Married,199890.98,413800.0,78.0,1,537900.0
41,Female,Bachelor,Divorced,19357.32,30100.0,56.0,1,34600.0
29,Male,Bachelor,Married,287429.08,327300.0,83.0,1,458200.0
37,Male,Master,Married,144981.14,164700.0,84.0,1,230600.0
18,Female,Master,Married,145158.03,0.0,63.0,1,217700.0
60,Female,Master,Married,124165.78,264900.0,86.0,1,329900.0
21,Male,High School,Divorced,92647.14,0.0,46.0,1,139000.0
32,Female,High School,Married,160821.87,86900.0,72.0,1,113000.0
35,Female,High School,Married,132159.6,0.0,54.0,1,198200.0
57,Male,PhD,Married,51250.81,107900.0,82.0,1,151100.0
21,Female,High School,Divorced,91896.77,149400.0,63.0,1,186100.0
57,Male,High School,Married,22402.98,43500.0,54.0,1,35100.0
44,Female,High School,Single,46500.62,108200.0,68.0,1,99400.0
40,Male,High School,Married,51976.06,71100.0,65.0,1,88900.0
25,Male,High School,Single,110831.94,222700.0,70.0,1,289500.0
42,Female,High School,Married,56121.45,0.0,48.0,1,84200.0
28,Female,High School,Married,17585.54,20000.0,46.0,1,22000.0
49,Male,PhD,Married,55870.39,71700.0,80.0,1,100400.0
25,Male,Bachelor,Married,18087.49,31500.0,56.0,1,36200.0
34,Male,Bachelor,Married,82050.64,114600.0,81.0,1,160400.0
29,Female,Bachelor,Married,124631.07,108800.0,72.0,1,141400.0
25,Female,Bachelor,Married,154651.79,253500.0,83.0,1,354900.0
44,Male,Master,Married,99371.54,195900.0,84.0,1,274300.0
41,Female,PhD,Married,59756.6,18700.0,68.0,1,23400.0
49,Female,High School,Single,37700.67,28000.0,50.0,1,32200.0
18,Male,Master,Married,86930.33,216200.0,85.0,1,302700.0
47,Female,High School,Single,72699.88,0.0,46.0,1,109000.0
63,Male,High School,Married,30368.24,0.0,37.0,0,0.0
31,Female,High School,Married,29214.87,49900.0,57.0,1,51200.0
56,Male,Bachelor,Married,125239.47,177000.0,78.0,1,230100.0
33,Male,Bachelor,Married,74380.47,27600.0,63.0,1,34500.0
20,Male,High School,Single,59714.59,63200.0,59.0,1,72700.0
32,Female,Bachelor,Married,66149.91,80100.0,75.0,1,104100.0
47,Male,High School,Single,79155.03,46800.0,58.0,1,53800.0
26,Male,High School,Single,12853.34,15000.0,44.0,1,16500.0
29,Female,High School,Married,154485.9,123000.0,68.0,1,153800.0
42,Female,Bachelor,Married,39513.56,0.0,50.0,1,59300.0
36,Female,High School,Single,83865.36,134300.0,69.0,1,167900.0
42,Male,High School,Single,46074.15,81400.0,63.0,1,98500.0
38,Female,PhD,Married,50119.26,74600.0,80.0,1,104400.0
41,Male,Master,Married,21458.05,8100.0,51.0,1,9300.0
31,Male,High School,Married,101320.33,234900.0,76.0,1,284100.0
38,Male,Bachelor,Single,133908.26,283500.0,84.0,1,396900.0
25,Male,High School,Married,105025.46,170700.0,67.0,1,193800.0
50,Male,Bachelor,Divorced,81534.96,177600.0,82.0,1,248600.0
29,Male,Bachelor,Married,49342.65,109200.0,76.0,1,142000.0
48,Female,High School,Single,48852.76,0.0,46.0,1,73300.0
33,Male,High School,Married,67711.65,60000.0,60.0,1,75000.0
38,Male,High School,Married,55718.07,25400.0,53.0,1,29200.0
30,Male,Bachelor,Single,74770.03,113400.0,73.0,1,147400.0
24,Female,Master,Married,18217.57,0.0,42.0,1,27300.0
18,Male,PhD,Married,35479.12,19300.0,63.0,1,24100.0
24,Male,Master,Single,82558.55,110000.0,78.0,1,143000.0
32,Male,PhD,Divorced,152761.61,319700.0,93.0,1,479600.0
38,Female,High School,Married,106876.52,0.0,54.0,1,160300.0
47,Male,Bachelor,Married,97056.67,149300.0,81.0,1,209000.0
31,Male,High School,Widowed,39198.54,57300.0,54.0,1,65900.0
26,Male,Master,Single,78300.97,87300.0,72.0,1,113500.0
20,Female,Bachelor,Married,41557.43,52400.0,63.0,1,65500.0
41,Male,High School,Married,26653.95,25100.0,52.0,1,28900.0
51,Female,Bachelor,Married,12677.78,0.0,43.0,1,19000.0
49,Male,High School,Single,35263.44,60500.0,55.0,1,67400.0
43,Female,High School,Married,25579.24,19000.0,52.0,1,21800.0
43,Female,PhD,Single,58335.2,51900.0,73.0,1,67500.0
54,Female,Master,Married,40685.91,100500.0,75.0,1,122500.0
39,Male,High School,Married,29686.88,15700.0,52.0,1,18100.0
43,Male,High School,Married,22260.56,40600.0,57.0,1,39000.0
32,Male,High School,Married,36969.01,53100.0,57.0,1,61100.0
21,Female,PhD,Single,53126.38,0.0,57.0,1,79700.0
28,Female,Master,Single,26504.15,11400.0,52.0,1,13100.0
35,Male,Bachelor,Married,10198.36,21000.0,65.0,1,19900.0
36,Female,Bachelor,Single,71011.44,117800.0,73.0,1,153100.0
57,Male,Bachelor,Single,34923.8,13900.0,50.0,1,16000.0
36,Female,High School,Divorced,49339.62,46100.0,56.0,1,53000.0
48,Male,Master,Married,10605.17,9200.0,58.0,1,10600.0
31,Male,Bachelor,Married,33289.23,51100.0,67.0,1,63900.0
32,Male,High School,Single,39969.68,33200.0,50.0,1,38200.0
21,Female,High School,Single,43936.07,90000.0,56.0,1,98900.0
27,Female,Bachelor,Married,23728.54,19500.0,58.0,1,22400.0
41,Male,High School,Married,76867.74,99300.0,65.0,1,124100.0
36,Male,Bachelor,Widowed,53615.11,65900.0,72.0,1,85700.0
46,Male,Master,Married,46528.91,0.0,61.0,1,69800.0
37,Male,Bachelor,Single,29699.74,0.0,48.0,1,44500.0
32,Male,Bachelor,Married,70824.66,84800.0,75.0,1,110200.0
59,Male,Bachelor,Single,312297.44,0.0,65.0,1,468400.0
34,Male,High School,Single,23131.64,52000.0,60.0,1,49400.0
48,Female,Bachelor,Married,43339.33,48600.0,67.0,1,60800.0
31,Female,High School,Married,94912.96,205600.0,76.0,1,266200.0
43,Male,Master,Single,26995.41,0.0,51.0,1,40500.0
46,Female,Master,Widowed,128925.42,41400.0,69.0,1,51800.0
38,Male,High School,Married,43750.0,78800.0,57.0,1,76700.0
18,Female,Bachelor,Single,21894.79,0.0,37.0,0,0.0
36,Male,Bachelor,Single,22008.09,42000.0,65.0,1,52300.0
49,Female,PhD,Married,55103.21,100100.0,80.0,1,140100.0
41,Male,Bachelor,Married,33531.06,64600.0,67.0,1,65300.0
40,Male,Bachelor,Married,76247.8,138900.0,75.0,1,180600.0
18,Female,Bachelor,Married,324484.18,0.0,66.0,1,486700.0
28,Male,High School,Married,56317.99,136500.0,66.0,1,103900.0
40,Male,High School,Divorced,53888.11,71100.0,61.0,1,88900.0
40,Female,High School,Single,45642.33,103200.0,68.0,1,97600.0
49,Female,High School,Married,20114.32,13300.0,45.0,0,13300.0
34,Male,High School,Married,62045.87,67400.0,65.0,1,84200.0
40,Male,Bachelor,Married,370154.97,904100.0,92.0,1,1153400.0
36,Male,Bachelor,Single,59566.77,132600.0,78.0,1,172400.0
25,Female,PhD,Married,39388.8,80900.0,73.0,1,105200.0
18,Male,High School,Single,23602.2,22200.0,46.0,1,24400.0
40,Female,Master,Single,40663.14,0.0,51.0,1,61000.0
37,Male,Bachelor,Divorced,85095.56,70700.0,72.0,1,91900.0
29,Male,Bachelor,Married,13178.56,23400.0,56.0,1,26900.0
18,Male,Bachelor,Married,25262.89,0.0,46.0,1,37900.0
42,Male,Bachelor,Single,53826.52,57600.0,73.0,1,74900.0
33,Female,High School,Married,84050.31,115500.0,71.0,1,150200.0
42,Male,Bachelor,Married,57879.26,68200.0,75.0,1,88700.0
56,Female,Bachelor,Single,55410.95,28800.0,65.0,1,36000.0
18,Male,PhD,Married,44514.31,106500.0,73.0,1,138400.0
28,Male,Master,Single,37410.26,43100.0,64.0,1,53900.0
33,Male,Bachelor,Married,164900.25,398000.0,92.0,1,513800.0
52,Female,Bachelor,Married,157234.91,0.0,70.0,1,235900.0
18,Female,Master,Single,123661.23,0.0,61.0,1,185500.0
57,Male,PhD,Single,41843.17,68500.0,67.0,1,85600.0
37,Female,Bachelor,Married,17058.03,8500.0,48.0,1,9400.0
34,Male,Bachelor,Married,74582.85,54500.0,70.0,1,70800.0
33,Female,High School,Married,119347.03,0.0,54.0,1,179000.0
31,Female,Master,Married,44566.77,19700.0,58.0,1,22700.0
47,Female,High School,Single,166914.17,277300.0,75.0,1,360500.0
24,Female,Bachelor,Married,11777.37,10500.0,51.0,1,12100.0
39,Female,High School,Single,26689.17,52500.0,55.0,1,57000.0
31,Female,High School,Single,39217.43,40700.0,55.0,1,46800.0
27,Male,High School,Married,22592.29,50000.0,58.0,1,41700.0
64,Male,Master,Married,120190.54,152800.0,81.0,1,213900.0
40,Female,Bachelor,Single,34247.93,0.0,48.0,1,51400.0
42,Female,Bachelor,Single,26712.96,10400.0,53.0,1,12000.0
48,Male,Bachelor,Married,20477.81,39000.0,60.0,1,35700.0
20,Male,PhD,Married,42453.17,103900.0,73.0,1,135100.0
55,Female,High School,Single,21482.15,18800.0,43.0,1,20700.0
18,Female,Bachelor,Single,11755.97,0.0,37.0,0,0.0
27,Male,Bachelor,Married,10951.45,0.0,39.0,1,9000.0
30,Male,Master,Single,16673.13,21200.0,61.0,1,26500.0
42,Male,High School,Married,354335.24,373700.0,77.0,1,485800.0
38,Male,PhD,Married,28694.34,11900.0,60.0,1,14900.0
34,Female,High School,Married,55843.72,133400.0,70.0,1,156600.0
35,Female,High School,Married,68297.43,97100.0,65.0,1,119700.0
25,Male,High School,Married,133385.04,129800.0,62.0,1,162200.0
19,Male,High School,Married,15754.6,35300.0,51.0,1,29100.0
43,Female,Bachelor,Married,63237.46,0.0,58.0,1,94900.0
43,Male,Bachelor,Married,38722.32,71300.0,67.0,1,75400.0
53,Male,High School,Married,72661.08,0.0,48.0,1,109000.0
27,Female,Bachelor,Married,33219.75,63300.0,63.0,1,68100.0
43,Female,Master,Widowed,38576.11,62700.0,67.0,1,78400.0
32,Male,Master,Married,56776.32,0.0,61.0,1,85200.0
49,Female,Bachelor,Married,20702.04,31800.0,60.0,1,36100.0
47,Male,Master,Married,124575.09,157200.0,84.0,1,220100.0
38,Male,Bachelor,Married,13931.11,0.0,43.0,1,20900.0
32,Male,High School,Married,69402.37,26500.0,53.0,1,30500.0
46,Male,High School,Single,57168.42,127500.0,68.0,1,109300.0
43,Male,High School,Divorced,13224.88,16300.0,46.0,1,17900.0
28,Male,Bachelor,Married,97008.72,99300.0,77.0,1,129100.0
21,Female,Master,Married,36994.6,59600.0,66.0,1,74500.0
32,Female,Master,Married,380800.68,0.0,73.0,1,571200.0
52,Male,High School,Married,18223.16,23300.0,50.0,1,26800.0
48,Male,Bachelor,Single,70548.19,118500.0,73.0,1,154000.0
23,Male,Bachelor,Single,38371.14,43100.0,61.0,1,53900.0
23,Male,PhD,Married,44228.37,44200.0,63.0,1,55200.0
50,Male,High School,Married,29739.36,47500.0,57.0,1,46600.0
23,Female,Bachelor,Widowed,31905.88,53500.0,60.0,1,66900.0
41,Male,PhD,Single,28583.02,28300.0,65.0,1,35400.0
29,Male,PhD,Married,45752.45,79000.0,76.0,1,102700.0
53,Male,High School,Married,121268.39,261400.0,76.0,1,304300.0
27,Male,High School,Married,23647.16,13000.0,48.0,1,14300.0
48,Female,Bachelor,Married,83627.94,197800.0,86.0,1,233200.0
38,Male,Master,Single,38459.01,17200.0,56.0,1,19800.0
38,Male,High School,Single,58681.41,85300.0,63.0,1,106600.0
18,Female,Master,Single,29542.73,67500.0,69.0,1,79800.0
18,Male,High School,Married,141264.29,0.0,50.0,1,211900.0
33,Male,Bachelor,Married,80911.44,148300.0,81.0,1,207600.0
38,Female,Bachelor,Married,77341.83,30300.0,63.0,1,37900.0
23,Female,High School,Single,46296.82,62800.0,59.0,1,72200.0
24,Male,High School,Married,352765.13,591600.0,73.0,1,769100.0
42,Male,Bachelor,Divorced,169320.04,251800.0,83.0,1,352500.0
42,Female,Master,Married,49045.04,33900.0,73.0,1,44100.0
34,Male,High School,Single,79652.69,27700.0,51.0,1,31900.0
44,Male,Bachelor,Single,56327.81,72500.0,73.0,1,94200.0
23,Male,Bachelor,Married,52816.88,36800.0,66.0,1,46000.0
32,Male,Bachelor,Single,69474.44,76700.0,73.0,1,99700.0
54,Male,Master,Widowed,69870.23,150200.0,80.0,1,210300.0
36,Male,Bachelor,Married,283592.91,427500.0,87.0,1,598500.0
37,Female,Bachelor,Married,20821.64,10000.0,48.0,1,11000.0
61,Male,Bachelor,Married,27557.16,51800.0,64.0,1,42400.0
20,Male,Bachelor,Divorced,35858.51,46300.0,59.0,1,53200.0
44,Male,High School,Married,126888.05,0.0,54.0,1,190300.0
54,Female,Master,Married,42096.92,0.0,53.0,1,63100.0
32,Male,High School,Married,50976.68,114600.0,70.0,1,143000.0
45,Male,Bachelor,Married,48731.19,94700.0,75.0,1,123100.0
25,Male,Bachelor,Single,179348.42,439700.0,86.0,1,615600.0
28,Male,High School,Single,70974.16,45900.0,54.0,1,52800.0
40,Female,High School,Single,86037.38,0.0,52.0,1,129100.0
44,Female,High School,Single,14898.61,7500.0,43.0,1,8200.0
48,Male,High School,Married,72193.29,176600.0,70.0,1,181100.0
53,Female,Master,Married,37964.07,0.0,53.0,1,56900.0
35,Male,Master,Married,178750.17,424100.0,95.0,1,601500.0
49,Male,High School,Single,50073.23,65500.0,63.0,1,81900.0
32,Male,High School,Widowed,11497.37,23500.0,52.0,1,21600.0
45,Female,Master,Married,16278.44,39100.0,68.0,1,30600.0
38,Male,High School,Married,23283.4,18900.0,52.0,1,21700.0
40,Male,PhD,Married,18729.76,0.0,48.0,1,28100.0
40,Male,High School,Married,89584.0,202200.0,76.0,1,251200.0
18,Male,Bachelor,Married,358515.87,542600.0,83.0,1,759600.0
23,Female,High School,Single,56961.4,101600.0,59.0,1,116800.0
37,Female,High School,Married,40389.91,51500.0,57.0,1,59200.0
18,Female,High School,Married,73254.43,90500.0,61.0,1,113100.0
45,Female,Bachelor,Married,100747.78,65600.0,76.0,1,85300.0
45,Female,High School,Married,304503.31,552900.0,77.0,1,718800.0
39,Male,Bachelor,Divorced,20761.32,13900.0,51.0,1,16000.0
23,Male,High School,Married,58046.53,0.0,44.0,1,87100.0
51,Male,High School,Married,74659.84,105000.0,65.0,1,117100.0
58,Male,Bachelor,Married,22955.99,0.0,47.0,1,34400.0
37,Male,High School,Married,82539.69,0.0,54.0,1,123800.0
41,Male,High School,Married,26736.56,38700.0,57.0,1,44500.0
38,Male,Bachelor,Married,35998.38,35800.0,62.0,1,44800.0
41,Male,Bachelor,Married,16290.32,0.0,43.0,1,24400.0
34,Female,PhD,Single,69665.86,111100.0,78.0,1,144400.0
35,Male,Bachelor,Married,112836.31,0.0,64.0,1,169300.0
45,Male,High School,Married,16709.34,0.0,33.0,0,0.0
61,Female,High School,Married,72123.81,0.0,45.0,1,99800.0
20,Male,High School,Married,31785.5,27400.0,48.0,1,30100.0
34,Male,High School,Single,36564.82,0.0,38.0,0,0.0
23,Male,High School,Divorced,222146.24,72000.0,57.0,1,82800.0
53,Female,High School,Married,68066.79,101200.0,65.0,1,106700.0
29,Female,High School,Married,77256.07,181000.0,66.0,1,142500.0
20,Female,High School,Married,61559.82,0.0,44.0,1,92300.0
43,Male,High School,Married,31456.37,16500.0,52.0,1,19000.0
55,Male,High School,Single,52389.18,52400.0,63.0,1,65500.0
43,Male,High School,Single,72740.21,71900.0,58.0,1,82700.0
38,Female,Bachelor,Single,101116.73,220000.0,84.0,1,308000.0
40,Female,High School,Married,67536.37,139100.0,70.0,1,180800.0
51,Male,High School,Married,54468.95,0.0,48.0,1,81700.0
26,Female,High School,Married,107471.56,155300.0,67.0,1,194100.0
34,Male,Bachelor,Married,98624.66,32600.0,69.0,1,40800.0
31,Female,Master,Single,30220.15,69000.0,73.0,1,89700.0
23,Female,High School,Married,41950.44,15900.0,41.0,0,15900.0
32,Male,Bachelor,Single,144442.17,307600.0,84.0,1,430600.0
48,Female,Bachelor,Married,19349.31,27900.0,60.0,1,33700.0
42,Male,Bachelor,Married,24635.13,0.0,50.0,1,37000.0
43,Male,Master,Single,13759.77,11500.0,56.0,1,13200.0
37,Female,Master,Married,14663.37,20900.0,63.0,1,26100.0
41,Male,High School,Married,83700.41,27600.0,59.0,1,31700.0
27,Male,High School,Married,149795.85,243000.0,67.0,1,276400.0
32,Female,Bachelor,Married,15885.74,7100.0,48.0,1,7800.0
38,Female,Master,Single,58521.7,26000.0,64.0,1,32500.0
39,Male,Bachelor,Married,39478.84,0.0,50.0,1,59200.0
39,Male,High School,Married,84974.56,60100.0,66.0,1,75100.0
34,Female,High School,Married,69156.56,169500.0,70.0,1,193900.0
31,Male,Bachelor,Single,46954.19,55000.0,73.0,1,71500.0
70,Female,Bachelor,Married,13262.22,0.0,40.0,0,0.0
45,Male,Bachelor,Single,18949.68,18800.0,53.0,1,21600.0
40,Male,Bachelor,Married,124884.2,114000.0,76.0,1,148200.0
33,Male,High School,Divorced,17511.01,0.0,29.0,0,0.0
31,Male,Master,Married,34064.0,77200.0,75.0,1,100400.0
34,Female,Master,Married,42877.49,32600.0,65.0,1,40800.0
39,Male,Bachelor,Single,117630.15,0.0,62.0,1,176400.0
18,Male,Bachelor,Single,65072.63,59200.0,64.0,1,74000.0
18,Female,Bachelor,Married,47915.09,101300.0,76.0,1,131700.0
28,Male,High School,Married,81223.3,0.0,50.0,1,121800.0
38,Male,High School,Married,119323.98,0.0,54.0,1,179000.0
33,Male,High School,Married,38604.48,82300.0,62.0,1,67700.0
52,Male,Master,Single,10036.38,21100.0,66.0,1,23000.0
19,Male,High School,Married,20409.2,32300.0,46.0,1,35500.0
27,Male,High School,Single,44355.08,29900.0,46.0,1,32900.0
52,Male,Bachelor,Married,15639.53,0.0,43.0,1,23500.0
37,Female,High School,Single,66717.19,64600.0,58.0,1,74300.0
45,Male,High School,Single,145472.9,288200.0,69.0,1,278200.0
58,Female,Bachelor,Single,88880.02,66700.0,71.0,1,86700.0
28,Female,Bachelor,Married,34847.33,0.0,46.0,1,52300.0
34,Male,Bachelor,Married,48323.5,0.0,58.0,1,72500.0
33,Male,Bachelor,Married,70432.61,145400.0,80.0,1,203600.0
18,Male,Bachelor,Married,127714.3,126800.0,72.0,1,164800.0
32,Male,High School,Married,158477.34,386700.0,82.0,1,444400.0
45,Female,Bachelor,Single,58650.24,0.0,56.0,1,88000.0
41,Male,High School,Single,86600.92,75000.0,64.0,1,93800.0
42,Female,High School,Married,81003.42,46700.0,66.0,1,58400.0
31,Female,High School,Married,119391.03,295000.0,76.0,1,334800.0
28,Male,High School,Single,14223.88,16800.0,44.0,1,18500.0
49,Male,High School,Married,33909.79,0.0,40.0,0,0.0
30,Male,High School,Married,24290.64,24400.0,57.0,1,28100.0
39,Female,Bachelor,Married,76055.32,60600.0,70.0,1,78800.0
37,Female,Bachelor,Married,17309.76,27000.0,60.0,1,33700.0
52,Male,High School,Married,29330.23,34300.0,57.0,1,39400.0
46,Male,PhD,Married,36675.06,49800.0,72.0,1,64700.0
21,Male,Bachelor,Single,49420.97,0.0,52.0,1,74100.0
22,Female,Master,Married,87842.31,80900.0,75.0,1,105200.0
42,Female,Bachelor,Single,48013.73,30700.0,68.0,1,38400.0
35,Male,High School,Married,59797.76,88700.0,65.0,1,104800.0
30,Male,PhD,Married,177348.0,0.0,75.0,1,266000.0
47,Male,Master,Single,31162.16,55700.0,68.0,1,69600.0
38,Male,Bachelor,Married,42368.83,67800.0,67.0,1,82500.0
36,Female,High School,Married,25470.69,20800.0,52.0,1,23900.0
44,Male,High School,Married,10800.84,9600.0,45.0,1,10600.0
31,Female,Bachelor,Married,24487.96,0.0,50.0,1,36700.0
53,Male,High School,Widowed,44357.21,100300.0,59.0,1,74700.0
27,Male,Bachelor,Single,48994.96,49000.0,69.0,1,61200.0
43,Male,Bachelor,Single,36989.95,85200.0,70.0,1,110800.0
51,Female,High School,Married,32133.79,11200.0,45.0,1,12300.0
20,Female,Bachelor,Single,83735.88,97500.0,75.0,1,126800.0
32,Male,Bachelor,Married,58244.07,0.0,58.0,1,87400.0
48,Male,High School,Married,10346.95,19400.0,50.0,1,16200.0
48,Male,Bachelor,Married,157374.01,68200.0,75.0,1,88700.0
34,Male,Master,Married,17065.1,23700.0,63.0,1,29600.0
27,Female,Bachelor,Married,15214.04,8800.0,51.0,1,10100.0
46,Male,Bachelor,Married,29429.37,18000.0,62.0,1,22500.0
49,Male,High School,Single,20793.24,26500.0,48.0,1,29200.0
23,Female,High School,Single,11461.6,0.0,27.0,0,0.0
22,Male,PhD,Married,51360.96,56600.0,76.0,1,73600.0
38,Male,Bachelor,Married,91334.61,165000.0,81.0,1,231000.0
42,Male,High School,Married,23668.96,18900.0,52.0,1,21700.0
32,Female,Bachelor,Divorced,41717.49,49500.0,63.0,1,61900.0
43,Female,Bachelor,Married,161428.48,89400.0,82.0,1,125200.0
28,Male,High School,Married,11229.06,6700.0,41.0,1,7400.0
18,Female,Master,Married,80091.69,139100.0,80.0,1,194700.0
31,Male,High School,Single,36744.14,12000.0,43.0,1,13200.0
36,Female,Bachelor,Married,30912.16,57800.0,67.0,1,60200.0
32,Female,Bachelor,Married,23936.71,52700.0,72.0,1,68500.0
23,Female,High School,Single,72105.83,61900.0,54.0,1,71200.0
18,Female,Bachelor,Divorced,82785.41,184000.0,78.0,1,239200.0
30,Male,Bachelor,Single,272556.09,0.0,68.0,1,408800.0
45,Male,Bachelor,Married,15092.65,31900.0,65.0,1,26300.0
49,Female,High School,Single,82200.74,167000.0,74.0,1,217100.0
49,Male,Master,Married,12527.12,3800.0,51.0,1,4400.0
27,Female,High School,Married,25966.78,46500.0,53.0,1,47900.0
23,Female,Bachelor,Married,37998.34,0.0,46.0,1,57000.0
41,Male,Master,Married,149081.85,368900.0,89.0,1,501700.0
42,Male,High School,Married,86045.69,135700.0,71.0,1,176400.0
40,Female,High School,Married,60041.4,97800.0,65.0,1,105200.0
18,Female,PhD,Single,224440.21,560900.0,91.0,1,841400.0
26,Female,PhD,Married,64297.33,57200.0,71.0,1,74400.0
35,Female,Bachelor,Married,264433.87,527800.0,87.0,1,738900.0
41,Female,Bachelor,Married,87214.27,36800.0,69.0,1,46000.0
44,Female,Bachelor,Married,21011.28,29000.0,60.0,1,36200.0
37,Male,High School,Single,64266.73,108300.0,63.0,1,135400.0
39,Female,High School,Married,270748.93,204400.0,72.0,1,265700.0
36,Male,High School,Divorced,32234.83,43300.0,53.0,1,49800.0
43,Male,High School,Married,77890.3,101600.0,65.0,1,127000.0
39,Male,Bachelor,Single,34651.38,31800.0,60.0,1,39800.0
36,Male,Bachelor,Married,57956.6,94900.0,75.0,1,123400.0
33,Male,Bachelor,Married,19224.76,34400.0,60.0,1,37400.0
36,Male,Bachelor,Married,42788.07,21100.0,55.0,1,24300.0
41,Male,Master,Married,77299.1,49500.0,73.0,1,64400.0
38,Male,High School,Married,12335.83,29700.0,55.0,1,21600.0
40,Male,High School,Widowed,40210.79,0.0,37.0,0,0.0
50,Female,Bachelor,Married,89502.8,48200.0,76.0,1,62700.0
38,Female,High School,Married,151663.96,316600.0,82.0,1,425300.0
28,Female,High School,Married,27609.38,57400.0,58.0,1,50900.0
45,Male,Bachelor,Single,22127.59,53100.0,70.0,1,69000.0
20,Female,High School,Married,30864.34,0.0,36.0,0,0.0
24,Male,Master,Married,32815.75,25500.0,61.0,1,31900.0
39,Male,Bachelor,Married,85934.45,154400.0,81.0,1,216200.0
41,Female,High School,Divorced,316329.54,232600.0,68.0,1,290800.0
22,Female,Bachelor,Married,57672.89,0.0,54.0,1,86500.0
31,Female,Bachelor,Married,37909.8,54900.0,67.0,1,68600.0
29,Female,Bachelor,Married,49148.51,0.0,54.0,1,73700.0
30,Male,Master,Married,26908.91,37700.0,70.0,1,49000.0
46,Female,Bachelor,Single,18933.89,6700.0,46.0,1,7400.0
43,Female,High School,Divorced,58375.34,109500.0,61.0,1,112300.0
35,Female,High School,Married,22716.25,15200.0,52.0,1,17500.0
29,Female,Bachelor,Widowed,33425.66,20100.0,55.0,1,23100.0
21,Male,High School,Single,37135.15,35700.0,46.0,1,39300.0
51,Male,Bachelor,Single,161011.83,221700.0,85.0,1,310400.0
42,Male,Bachelor,Married,29038.73,41200.0,67.0,1,51500.0
28,Male,Bachelor,Married,31765.23,55400.0,63.0,1,65100.0
43,Male,High School,Married,34800.91,15500.0,45.0,1,17000.0
35,Male,Bachelor,Married,10896.06,0.0,43.0,0,0.0
32,Female,High School,Married,53893.97,45200.0,60.0,1,56500.0
40,Female,Bachelor,Married,123232.87,146200.0,81.0,1,204700.0
27,Female,Bachelor,Single,28145.08,0.0,44.0,1,42200.0
32,Male,Bachelor,Married,65962.29,143100.0,80.0,1,200300.0
37,Male,High School,Single,17808.8,39100.0,53.0,1,38100.0
30,Female,Bachelor,Single,34412.78,50800.0,65.0,1,63500.0
43,Male,Bachelor,Married,19290.5,39100.0,65.0,1,37600.0
56,Female,High School,Married,36406.07,43300.0,54.0,1,49800.0
27,Female,Master,Married,116272.08,0.0,63.0,1,174400.0
18,Male,Bachelor,Married,24759.29,14300.0,58.0,1,16400.0
18,Female,Bachelor,Married,73786.09,45400.0,66.0,1,56800.0
34,Male,High School,Widowed,109075.73,103100.0,63.0,1,128900.0
28,Female,Master,Widowed,29329.3,15500.0,58.0,1,17800.0
38,Male,Bachelor,Divorced,40289.65,12600.0,51.0,1,14500.0
37,Male,Bachelor,Married,12638.97,12900.0,60.0,1,16100.0
18,Female,Bachelor,Married,34370.21,13800.0,51.0,1,15900.0
18,Female,High School,Married,49267.1,77900.0,61.0,1,90900.0
39,Female,High School,Single,127488.55,272500.0,74.0,1,354200.0
37,Male,High School,Married,89112.47,62500.0,66.0,1,78100.0
31,Female,High School,Married,21452.59,34800.0,50.0,1,37600.0
18,Female,Bachelor,Married,21359.13,17800.0,51.0,1,20500.0
41,Female,High School,Married,71782.27,105200.0,65.0,1,125800.0
49,Female,Bachelor,Single,116522.41,172000.0,79.0,1,223600.0
39,Female,Bachelor,Married,60972.82,25200.0,63.0,1,31500.0
26,Female,High School,Married,26739.02,62700.0,58.0,1,49300.0
36,Female,High School,Married,11171.18,0.0,33.0,0,0.0
20,Male,Bachelor,Married,105196.66,164900.0,77.0,1,214400.0
47,Male,High School,Single,15607.14,20400.0,48.0,1,22400.0
36,Female,High School,Married,22621.7,46800.0,62.0,1,39700.0
18,Female,Bachelor,Single,87263.83,98500.0,75.0,1,128000.0
32,Female,Bachelor,Married,34917.33,66500.0,67.0,1,68000.0
41,Male,Bachelor,Married,25990.97,52100.0,72.0,1,67700.0
32,Male,Bachelor,Single,14996.09,9900.0,53.0,1,11400.0
32,Male,Bachelor,Married,123865.81,0.0,64.0,1,185800.0
22,Male,High School,Married,20024.2,25200.0,46.0,1,27700.0
42,Male,PhD,Single,100844.54,242100.0,89.0,1,338900.0
28,Female,Bachelor,Married,31887.02,0.0,46.0,1,47800.0
18,Male,Bachelor,Married,154017.91,283600.0,83.0,1,397000.0
31,Male,Bachelor,Single,123587.0,190400.0,79.0,1,247500.0
46,Male,Bachelor,Married,61091.67,61000.0,70.0,1,79300.0
31,Female,PhD,Single,60319.72,53000.0,73.0,1,68900.0
55,Female,High School,Married,39526.24,0.0,40.0,0,0.0
40,Male,High School,Married,24743.99,36600.0,57.0,1,42100.0
39,Female,High School,Single,83551.69,125300.0,69.0,1,156600.0
34,Male,High School,Married,96379.64,200400.0,76.0,1,260500.0
35,Male,Bachelor,Married,59355.19,127900.0,80.0,1,179100.0
33,Male,High School,Single,14668.55,15800.0,48.0,1,17400.0
32,Male,Master,Single,31052.54,44200.0,68.0,1,55200.0
41,Female,Bachelor,Married,106890.69,0.0,64.0,1,160300.0
25,Female,High School,Single,35872.65,79600.0,56.0,1,80700.0
24,Female,High School,Single,32432.16,20400.0,46.0,1,22400.0
23,Male,High School,Married,35054.18,68100.0,53.0,1,64700.0
58,Male,Master,Widowed,36143.04,0.0,47.0,1,54200.0
41,Male,Bachelor,Married,26400.73,22500.0,62.0,1,28100.0
39,Male,High School,Married,172826.22,237700.0,77.0,1,309000.0
24,Male,High School,Divorced,164708.5,50500.0,57.0,1,58100.0
42,Male,High School,Single,82278.2,173600.0,74.0,1,225700.0
34,Female,High School,Single,68924.42,148400.0,68.0,1,147300.0
38,Female,Bachelor,Divorced,81902.42,189200.0,82.0,1,264900.0
25,Male,Bachelor,Married,17529.82,33400.0,56.0,1,35900.0
37,Male,Bachelor,Single,65274.97,68300.0,73.0,1,88800.0
31,Male,Master,Married,345541.33,241200.0,85.0,1,337700.0
27,Male,High School,Married,35798.69,37400.0,53.0,1,43000.0
44,Male,Bachelor,Single,180443.0,144500.0,80.0,1,202300.0
19,Male,Bachelor,Married,399340.61,215000.0,78.0,1,279500.0
42,Female,High School,Single,15158.21,0.0,31.0,0,0.0
43,Female,High School,Married,141455.52,106000.0,66.0,1,132500.0
26,Male,Bachelor,Married,63267.12,28000.0,59.0,1,32200.0
26,Female,High School,Single,49513.61,75400.0,59.0,1,86700.0
33,Male,Bachelor,Married,41182.23,63900.0,67.0,1,79900.0
39,Female,Bachelor,Married,75714.99,107300.0,75.0,1,139500.0
34,Male,High School,Single,164566.43,113000.0,70.0,1,146900.0
40,Male,High School,Married,15807.35,19300.0,50.0,1,22200.0
55,Male,High School,Married,80626.82,0.0,54.0,1,120900.0
30,Male,Bachelor,Married,80897.37,152500.0,81.0,1,213500.0
18,Male,High School,Divorced,14035.56,0.0,25.0,0,0.0
45,Female,Master,Married,90366.59,192700.0,89.0,1,269800.0
54,Female,Master,Single,369153.24,0.0,71.0,1,553700.0
40,Male,High School,Married,53308.5,0.0,48.0,1,80000.0
24,Female,Master,Married,20424.56,40700.0,59.0,1,45200.0
34,Female,Bachelor,Widowed,145646.9,167200.0,78.0,1,217400.0
23,Female,High School,Single,147126.83,115600.0,60.0,1,144500.0
43,Female,Bachelor,Married,12966.62,0.0,43.0,1,19400.0
21,Male,Bachelor,Married,63117.36,63900.0,71.0,1,83100.0
32,Female,High School,Married,13745.1,0.0,33.0,0,0.0
24,Female,High School,Married,12284.18,26700.0,51.0,1,22700.0
37,Male,High School,Married,38663.64,38200.0,52.0,1,43900.0
31,Male,High School,Single,24204.4,0.0,38.0,0,0.0
37,Female,High School,Married,136077.02,87700.0,66.0,1,109600.0
36,Female,Bachelor,Single,16432.1,0.0,41.0,1,24600.0
25,Male,High School,Divorced,87992.39,81400.0,58.0,1,93600.0
42,Female,High School,Single,371266.26,230600.0,70.0,1,299800.0
35,Male,High School,Married,67125.99,92500.0,65.0,1,115600.0
25,Male,Bachelor,Single,165976.42,397100.0,86.0,1,555900.0
60,Male,High School,Divorced,161151.99,265000.0,70.0,1,344500.0
41,Female,High School,Married,46255.34,86900.0,65.0,1,81100.0
34,Male,Bachelor,Widowed,86496.17,67900.0,73.0,1,88300.0
51,Male,Bachelor,Single,18254.86,22700.0,58.0,1,26100.0
56,Male,Bachelor,Single,75237.86,167100.0,75.0,1,217200.0
34,Male,High School,Married,77106.67,96200.0,65.0,1,120200.0
39,Female,High School,Married,55114.28,53900.0,60.0,1,67400.0
25,Male,High School,Married,22670.97,0.0,36.0,0,0.0
34,Female,Bachelor,Married,110865.91,175200.0,81.0,1,245300.0
33,Female,High School,Single,161512.01,73600.0,63.0,1,92000.0
38,Male,High School,Married,17167.78,12200.0,45.0,1,13400.0
39,Female,Bachelor,Married,61257.54,45600.0,70.0,1,59300.0
42,Male,High School,Married,233134.24,89500.0,65.0,1,111900.0
38,Male,Bachelor,Married,80992.42,41000.0,76.0,1,53300.0
22,Female,High School,Single,131208.23,161700.0,65.0,1,202100.0
25,Female,PhD,Divorced,36070.12,11400.0,52.0,1,13100.0
29,Male,PhD,Married,22289.13,29400.0,68.0,1,36800.0
32,Male,Bachelor,Married,31888.44,77600.0,72.0,1,99400.0
47,Female,Master,Married,10185.21,0.0,46.0,1,15300.0
23,Female,High School,Single,160868.55,335300.0,76.0,1,435900.0
32,Male,Bachelor,Married,27732.78,8500.0,55.0,1,9800.0
46,Male,High School,Married,25843.81,50000.0,57.0,1,40500.0
32,Male,Bachelor,Married,86687.74,113700.0,81.0,1,159200.0
41,Male,High School,Married,45810.34,43200.0,60.0,1,54000.0
34,Male,High School,Single,26549.88,8200.0,43.0,1,9000.0
38,Male,Master,Single,111643.6,177700.0,82.0,1,248800.0
33,Male,High School,Married,164052.35,329400.0,82.0,1,460100.0
43,Female,Bachelor,Married,336218.45,0.0,70.0,1,504300.0
19,Male,Bachelor,Single,88533.38,0.0,58.0,1,132800.0
32,Female,High School,Married,76268.58,168900.0,70.0,1,213900.0
39,Male,Bachelor,Single,27435.34,53800.0,65.0,1,65200.0
41,Male,High School,Married,12002.03,0.0,33.0,0,0.0
52,Male,Master,Married,19064.87,33600.0,63.0,1,35900.0
31,Female,PhD,Married,85540.65,174400.0,91.0,1,261600.0
52,Male,Bachelor,Married,20940.07,46200.0,65.0,1,36500.0
28,Male,Master,Married,159398.7,232300.0,86.0,1,325200.0
50,Male,High School,Married,80746.47,172000.0,76.0,1,202600.0
44,Male,High School,Married,37234.49,75900.0,62.0,1,65300.0
25,Male,High School,Married,38924.02,28300.0,48.0,1,31100.0
39,Female,Bachelor,Married,50222.22,0.0,58.0,1,75300.0
35,Male,High School,Married,119628.69,266800.0,76.0,1,335500.0
42,Female,Bachelor,Married,131228.89,153800.0,81.0,1,215300.0
33,Female,Bachelor,Married,74894.54,186800.0,80.0,1,233400.0
32,Male,High School,Single,31606.68,55400.0,55.0,1,63700.0
51,Female,High School,Married,123749.82,49800.0,59.0,1,57300.0
34,Female,High School,Married,70361.86,81000.0,65.0,1,101200.0
45,Female,Bachelor,Single,125498.6,256200.0,84.0,1,358700.0
33,Male,High School,Married,23668.44,26300.0,57.0,1,30200.0
54,Female,High School,Married,88623.76,0.0,54.0,1,132900.0
28,Female,Bachelor,Married,383755.65,405700.0,83.0,1,568000.0
29,Male,High School,Married,22897.2,23500.0,53.0,1,27000.0
52,Male,High School,Single,68813.4,50000.0,58.0,1,57500.0
31,Female,Bachelor,Married,38393.8,27500.0,62.0,1,34400.0
53,Female,Bachelor,Married,36026.85,73700.0,72.0,1,95800.0
45,Male,Bachelor,Single,60902.4,100700.0,73.0,1,130900.0
34,Female,High School,Divorced,162294.77,0.0,56.0,1,243400.0
18,Male,High School,Single,17376.97,0.0,27.0,0,0.0
35,Male,Bachelor,Married,232564.67,374500.0,87.0,1,524300.0
37,Male,High School,Single,72505.47,97800.0,63.0,1,122200.0
48,Male,Master,Divorced,28317.44,0.0,49.0,1,42500.0
53,Female,High School,Single,35704.55,34600.0,50.0,1,39800.0
28,Male,High School,Married,79394.33,153300.0,61.0,1,146500.0
44,Female,High School,Married,117228.96,96100.0,66.0,1,120100.0
44,Male,Master,Single,13390.26,20400.0,61.0,1,25500.0
47,Female,Bachelor,Single,77701.61,167600.0,78.0,1,217900.0
41,Male,High School,Single,16100.44,23300.0,48.0,1,25600.0
18,Male,Bachelor,Married,11665.61,0.0,39.0,1,9600.0
34,Female,High School,Married,69556.29,120000.0,65.0,1,121900.0
23,Male,Bachelor,Married,37253.81,36900.0,58.0,1,42400.0
33,Female,High School,Single,15895.79,39400.0,53.0,1,34000.0
46,Male,High School,Married,36355.71,67000.0,57.0,1,57000.0
39,Male,High School,Widowed,30391.65,31600.0,54.0,1,36300.0
48,Male,High School,Married,84501.63,143300.0,71.0,1,186300.0
39,Female,High School,Married,55798.4,0.0,48.0,1,83700.0
21,Male,High School,Divorced,57660.54,124200.0,62.0,1,116800.0
18,Female,High School,Widowed,39794.18,94600.0,55.0,1,78800.0
37,Female,Master,Married,10694.3,6800.0,58.0,1,7800.0
33,Male,Bachelor,Single,178864.22,178900.0,85.0,1,250500.0
25,Male,Master,Divorced,17548.18,0.0,38.0,1,17100.0
18,Male,High School,Married,40571.23,70300.0,53.0,1,74900.0
27,Female,High School,Single,35430.71,82100.0,56.0,1,79700.0
33,Male,Bachelor,Divorced,40085.59,0.0,46.0,1,60100.0
43,Male,Bachelor,Married,64538.98,124700.0,75.0,1,162100.0
38,Male,Bachelor,Married,35265.08,0.0,50.0,1,52900.0
53,Female,Bachelor,Married,37224.26,64500.0,67.0,1,64900.0
24,Female,Bachelor,Married,85586.78,132300.0,77.0,1,172000.0
45,Female,Bachelor,Married,93129.53,177800.0,81.0,1,248900.0
36,Female,Bachelor,Married,24504.93,18400.0,62.0,1,23000.0
43,Male,Master,Married,37884.86,92700.0,75.0,1,120500.0
31,Male,Master,Married,29920.34,42600.0,70.0,1,55400.0
47,Female,High School,Married,75497.89,158900.0,70.0,1,189400.0
39,Female,High School,Single,27237.96,9400.0,43.0,1,10300.0
28,Male,High School,Divorced,36449.96,23100.0,44.0,1,25400.0
35,Male,High School,Married,32996.65,0.0,40.0,0,0.0
33,Female,High School,Married,50531.33,94000.0,65.0,1,88600.0
41,Male,High School,Married,43376.82,42500.0,52.0,1,48900.0
23,Male,High School,Widowed,161297.82,0.0,53.0,1,241900.0
35,Female,Bachelor,Single,39964.72,23600.0,60.0,1,29500.0
40,Female,High School,Single,76361.63,97500.0,63.0,1,121900.0
36,Male,Bachelor,Married,184696.62,185100.0,87.0,1,259100.0
50,Male,High School,Married,291016.91,150200.0,72.0,1,195300.0
44,Male,Bachelor,Single,39272.09,74400.0,65.0,1,93000.0
35,Female,Bachelor,Married,12600.99,28100.0,65.0,1,24500.0
38,Female,High School,Married,145373.66,0.0,54.0,1,218100.0
39,Female,Master,Married,21153.79,18700.0,58.0,1,21500.0
40,Male,High School,Married,157763.86,0.0,60.0,1,236600.0
18,Male,Bachelor,Widowed,69643.76,143600.0,73.0,1,186700.0
32,Female,Bachelor,Widowed,117893.19,97400.0,73.0,1,126600.0
19,Male,High School,Widowed,73644.23,164200.0,63.0,1,145800.0
50,Female,High School,Married,337168.83,243000.0,72.0,1,315900.0
35,Female,High School,Married,73699.66,46100.0,60.0,1,57600.0
33,Male,Master,Married,39374.63,88000.0,75.0,1,114400.0
45,Female,Bachelor,Married,28422.69,66300.0,72.0,1,79200.0
40,Male,High School,Married,33679.66,43600.0,57.0,1,50100.0
23,Female,Bachelor,Married,34619.45,60100.0,63.0,1,71000.0
35,Male,High School,Married,98089.65,0.0,54.0,1,147100.0
32,Female,High School,Divorced,52944.5,105000.0,61.0,1,101900.0
18,Female,Master,Single,58798.02,125900.0,77.0,1,163700.0
28,Male,Bachelor,Married,23098.39,0.0,46.0,1,34600.0
33,Male,High School,Married,231392.77,0.0,60.0,1,347100.0
34,Male,Master,Single,34009.6,76600.0,73.0,1,99600.0
19,Male,High School,Married,34460.13,0.0,36.0,0,0.0
48,Female,High School,Single,56224.22,115000.0,68.0,1,107500.0
34,Male,High School,Married,175183.94,141300.0,72.0,1,183700.0
36,Male,Bachelor,Single,32744.83,0.0,48.0,1,49100.0
40,Male,Bachelor,Divorced,73677.43,0.0,54.0,1,110500.0
27,Female,High School,Single,22698.33,0.0,34.0,0,0.0
41,Female,Bachelor,Married,31181.19,55200.0,67.0,1,60700.0
31,Male,Bachelor,Divorced,138789.75,278500.0,82.0,1,389900.0
26,Female,Bachelor,Married,59051.44,119300.0,76.0,1,155100.0
42,Female,Master,Single,52711.74,124000.0,81.0,1,173600.0
52,Male,High School,Married,54051.59,26400.0,53.0,1,30400.0
43,Female,High School,Single,32730.65,23300.0,50.0,1,26800.0
46,Male,Bachelor,Single,48195.72,112700.0,78.0,1,146500.0
30,Male,High School,Married,111101.49,216800.0,71.0,1,281800.0
18,Male,High School,Married,77379.25,94200.0,61.0,1,117800.0
52,Male,High School,Married,54663.31,33000.0,60.0,1,41200.0
58,Female,Bachelor,Married,11403.22,24400.0,62.0,1,19900.0
52,Male,High School,Married,97538.5,0.0,54.0,1,146300.0
32,Male,High School,Single,44740.75,95500.0,60.0,1,95600.0
23,Male,High School,Single,23997.84,36600.0,51.0,1,42100.0
24,Female,Bachelor,Married,64507.43,95600.0,71.0,1,124300.0
18,Female,Bachelor,Married,33754.66,54900.0,63.0,1,68600.0
34,Male,High School,Married,392206.71,0.0,60.0,1,588300.0
53,Female,Bachelor,Married,42495.28,0.0,50.0,1,63700.0
34,Female,Bachelor,Married,55695.54,88500.0,75.0,1,115000.0
39,Male,Bachelor,Married,11016.41,13500.0,60.0,1,16900.0
51,Female,High School,Single,32072.32,42000.0,55.0,1,48300.0
31,Male,Bachelor,Married,49541.15,80300.0,75.0,1,104400.0
58,Male,Master,Married,168399.49,103100.0,82.0,1,144300.0
57,Male,High School,Married,76669.87,0.0,45.0,1,115000.0
34,Male,High School,Married,87470.39,0.0,54.0,1,131200.0
29,Female,High School,Married,141250.68,159600.0,67.0,1,199500.0
43,Male,Bachelor,Single,122798.25,63200.0,74.0,1,82200.0
32,Female,Bachelor,Widowed,33514.89,21600.0,59.0,1,24800.0
23,Male,High School,Single,25697.87,22100.0,46.0,1,24300.0
50,Female,High School,Single,65837.85,120400.0,63.0,1,125900.0
49,Male,Master,Divorced,89941.85,159700.0,80.0,1,223600.0
37,Female,Bachelor,Married,37881.64,0.0,50.0,1,56800.0
22,Male,Master,Married,23434.2,10700.0,54.0,1,12300.0
22,Female,Bachelor,Single,77655.03,108500.0,69.0,1,135600.0
37,Female,High School,Married,24315.2,30000.0,57.0,1,34500.0
30,Female,High School,Married,14687.73,13900.0,45.0,1,15300.0
32,Male,Bachelor,Married,80381.26,112700.0,81.0,1,157800.0
47,Male,High School,Married,50764.04,37600.0,60.0,1,47000.0
44,Female,High School,Widowed,28733.1,17200.0,49.0,1,18900.0
51,Male,High School,Married,107573.6,48800.0,59.0,1,56100.0
25,Male,Master,Married,20441.15,9400.0,47.0,1,10300.0
32,Male,High School,Married,51656.24,38000.0,60.0,1,47500.0
44,Male,High School,Married,297872.75,607700.0,82.0,1,835400.0
40,Male,Bachelor,Widowed,28332.24,58500.0,69.0,1,59200.0
52,Female,Master,Single,33666.93,77700.0,73.0,1,101000.0
40,Male,Master,Married,25849.37,45400.0,70.0,1,59000.0
56,Male,Bachelor,Married,39424.26,0.0,47.0,1,59100.0
41,Male,High School,Married,36791.56,0.0,40.0,0,0.0
47,Male,High School,Single,93908.36,73400.0,64.0,1,91800.0
32,Female,Master,Married,43794.0,55500.0,70.0,1,72200.0
36,Male,Bachelor,Married,20715.68,0.0,43.0,1,31100.0
46,Female,Bachelor,Married,116799.99,0.0,64.0,1,175200.0
53,Male,High School,Married,28713.25,68300.0,62.0,1,45000.0
44,Male,High School,Married,67463.0,0.0,48.0,1,101200.0
35,Male,Bachelor,Married,36239.74,23100.0,62.0,1,28900.0
51,Male,Master,Married,116193.23,123300.0,84.0,1,172600.0
18,Female,PhD,Married,40293.11,0.0,51.0,1,60400.0
20,Male,Master,Single,48532.29,0.0,55.0,1,72800.0
43,Female,Bachelor,Married,125805.24,237200.0,81.0,1,332100.0
36,Female,Bachelor,Married,34783.61,41300.0,67.0,1,51600.0
42,Male,Bachelor,Married,161971.38,245000.0,87.0,1,343000.0
36,Male,High School,Single,84231.78,187200.0,74.0,1,243400.0
42,Male,Master,Single,233769.55,175900.0,83.0,1,246300.0
27,Female,Bachelor,Married,111695.78,74000.0,72.0,1,96200.0
42,Female,Master,Married,30470.08,26500.0,65.0,1,33100.0
46,Female,Bachelor,Single,64240.0,50300.0,68.0,1,62900.0
49,Male,High School,Single,166356.29,370300.0,80.0,1,509100.0
58,Female,High School,Single,10090.85,4000.0,33.0,0,4000.0
38,Female,High School,Married,75823.2,0.0,48.0,1,113700.0
39,Male,High School,Married,27061.35,64100.0,62.0,1,47400.0
19,Female,High School,Single,84708.09,98500.0,65.0,1,123100.0
30,Male,Bachelor,Married,59280.64,82400.0,75.0,1,107100.0
33,Male,High School,Single,69190.02,0.0,46.0,1,103800.0
47,Female,High School,Single,252387.8,510100.0,80.0,1,714100.0
29,Male,PhD,Married,64137.66,119700.0,76.0,1,155600.0
44,Male,High School,Married,68500.39,0.0,48.0,1,102800.0
35,Male,Master,Married,39193.36,80900.0,75.0,1,105200.0
34,Male,High School,Single,206566.45,401200.0,75.0,1,521600.0
38,Male,Bachelor,Married,121700.43,271800.0,86.0,1,379200.0
31,Female,High School,Married,320720.15,273900.0,72.0,1,356100.0
31,Male,Bachelor,Married,309536.01,157500.0,82.0,1,220500.0
18,Male,Bachelor,Married,160274.74,0.0,66.0,1,240400.0
33,Female,Master,Married,170016.69,254800.0,90.0,1,382200.0
30,Male,High School,Single,11128.88,9800.0,43.0,1,10800.0
30,Male,High School,Married,38418.36,15300.0,45.0,1,16800.0
40,Male,Master,Married,115560.55,247400.0,89.0,1,346400.0
43,Male,High School,Married,66662.41,146500.0,70.0,1,186900.0
38,Male,High School,Single,146499.64,162200.0,69.0,1,202800.0
46,Male,Bachelor,Married,51777.46,0.0,58.0,1,77700.0
42,Male,High School,Married,14159.08,0.0,33.0,0,0.0
32,Female,High School,Single,177847.41,318500.0,75.0,1,414000.0
30,Male,High School,Married,51133.37,92700.0,65.0,1,89600.0
39,Female,High School,Widowed,48749.98,89900.0,62.0,1,91700.0
42,Female,Bachelor,Married,82655.92,180300.0,86.0,1,252400.0
51,Male,High School,Single,64378.59,144500.0,68.0,1,123100.0
49,Female,Bachelor,Married,37520.21,0.0,50.0,1,56300.0
30,Male,Master,Single,117516.1,126600.0,82.0,1,177200.0
34,Male,High School,Single,107858.95,248900.0,74.0,1,323600.0
43,Male,Bachelor,Single,26886.93,46000.0,65.0,1,57500.0
47,Female,Master,Single,12347.07,7000.0,56.0,1,8000.0
46,Male,Bachelor,Married,27680.35,44400.0,67.0,1,48200.0
35,Male,PhD,Married,54954.92,0.0,63.0,1,82400.0
22,Male,High School,Married,163232.79,75500.0,61.0,1,94400.0
25,Female,Master,Married,34265.76,28900.0,61.0,1,36100.0
38,Male,Bachelor,Married,28819.55,53900.0,67.0,1,56100.0
39,Male,High School,Married,121055.04,129000.0,71.0,1,167700.0
23,Male,Bachelor,Single,44029.36,75700.0,61.0,1,94600.0
36,Female,Bachelor,Married,26229.01,60300.0,72.0,1,78400.0
42,Male,High School,Married,20641.05,33000.0,50.0,1,36200.0
23,Male,High School,Married,156312.35,374700.0,78.0,1,461400.0
48,Female,Bachelor,Single,36109.41,38100.0,65.0,1,47600.0
31,Male,Bachelor,Single,36354.13,0.0,48.0,1,54500.0
49,Female,Bachelor,Married,273046.78,0.0,70.0,1,409600.0
30,Female,Bachelor,Single,32093.57,0.0,48.0,1,48100.0
24,Female,High School,Married,80823.66,88900.0,67.0,1,111100.0
30,Male,High School,Single,40649.85,43600.0,55.0,1,50100.0
34,Male,Master,Married,70702.09,87200.0,78.0,1,113400.0
31,Male,Master,Married,39677.63,69600.0,70.0,1,90500.0
33,Female,Bachelor,Married,81452.44,103000.0,81.0,1,144200.0
39,Female,PhD,Single,29638.55,58600.0,70.0,1,76200.0
34,Male,Master,Single,73051.14,132900.0,76.0,1,172800.0
35,Female,High School,Single,64610.74,65600.0,63.0,1,82000.0
18,Female,High School,Married,98829.73,204900.0,72.0,1,266400.0
40,Male,High School,Single,36914.71,72600.0,55.0,1,78900.0
35,Male,Bachelor,Married,71436.78,118600.0,75.0,1,154200.0
53,Male,Bachelor,Single,202571.5,144100.0,80.0,1,201700.0
25,Male,High School,Divorced,23628.7,33400.0,49.0,1,36700.0
18,Female,Master,Married,27741.59,36000.0,66.0,1,45000.0
42,Female,Bachelor,Single,82503.69,28400.0,67.0,1,35500.0
39,Male,Bachelor,Single,23464.57,0.0,48.0,1,35200.0
24,Male,High School,Married,32588.47,0.0,36.0,0,0.0
19,Male,High School,Married,53056.64,59100.0,61.0,1,73900.0
52,Female,Bachelor,Single,112819.78,0.0,62.0,1,169200.0
51,Female,Master,Married,19239.09,43500.0,68.0,1,36200.0
18,Male,Master,Married,83277.2,31900.0,68.0,1,39900.0
30,Female,Bachelor,Married,16963.46,14700.0,55.0,1,16900.0
54,Male,High School,Married,167691.94,400000.0,82.0,1,420800.0
30,Male,High School,Widowed,20282.48,6800.0,35.0,0,6800.0
30,Female,Master,Single,12658.23,0.0,44.0,1,19000.0
32,Male,High School,Married,321903.87,476500.0,77.0,1,619400.0
23,Male,Bachelor,Single,80024.78,196500.0,80.0,1,275100.0
18,Male,Bachelor,Married,140494.88,175100.0,77.0,1,227600.0
47,Male,High School,Married,81260.03,198800.0,76.0,1,203900.0
18,Female,High School,Married,36463.13,11900.0,41.0,1,13100.0
38,Female,Master,Married,115601.13,121000.0,84.0,1,169400.0
45,Female,Master,Widowed,330831.18,295100.0,82.0,1,413100.0
20,Male,Master,Married,71460.0,44400.0,69.0,1,55500.0
25,Male,High School,Married,146245.55,364300.0,72.0,1,431700.0
49,Male,High School,Married,98578.82,240400.0,76.0,1,247400.0
41,Female,PhD,Single,50658.1,31300.0,73.0,1,40700.0
29,Male,High School,Married,163318.8,0.0,56.0,1,245000.0
49,Female,Bachelor,Married,31919.23,16300.0,62.0,1,20400.0
49,Male,High School,Married,109374.95,0.0,54.0,1,164100.0
38,Male,Bachelor,Divorced,24131.54,44900.0,63.0,1,51600.0
26,Male,High School,Single,13154.85,29000.0,49.0,1,29600.0
31,Female,Master,Divorced,58283.84,0.0,57.0,1,87400.0
39,Male,PhD,Married,178466.77,97700.0,87.0,1,136800.0
33,Male,High School,Single,41193.62,87200.0,60.0,1,88100.0
46,Male,High School,Married,48530.57,106700.0,70.0,1,121800.0
19,Male,Bachelor,Married,78680.24,120600.0,71.0,1,156800.0
19,Male,High School,Married,34970.39,42600.0,53.0,1,49000.0
37,Male,PhD,Single,12741.71,15300.0,63.0,1,19100.0
30,Male,High School,Married,39171.27,68700.0,57.0,1,68700.0
29,Male,High School,Single,46358.04,107200.0,64.0,1,104300.0
18,Male,Bachelor,Divorced,77918.88,179000.0,72.0,1,232700.0
36,Male,Bachelor,Married,42591.62,86300.0,72.0,1,112200.0
35,Female,Bachelor,Married,169435.13,182800.0,87.0,1,255900.0
43,Male,High School,Single,79755.33,0.0,46.0,1,119600.0
36,Male,High School,Married,174125.77,330700.0,77.0,1,429900.0
34,Male,High School,Married,76829.74,140100.0,65.0,1,134700.0
48,Male,High School,Married,37794.75,87700.0,62.0,1,59300.0
21,Female,Master,Single,22602.46,0.0,47.0,1,33900.0
41,Female,High School,Married,12090.26,29700.0,55.0,1,21200.0
18,Female,High School,Married,39972.86,31500.0,48.0,1,34600.0
26,Male,Bachelor,Single,44942.56,104700.0,66.0,1,112400.0
22,Male,High School,Single,77396.95,189100.0,64.0,1,174100.0
44,Male,Master,Married,142184.67,325800.0,89.0,1,456100.0
35,Male,Bachelor,Married,53253.87,32500.0,70.0,1,42200.0
35,Male,High School,Widowed,43801.98,0.0,37.0,0,0.0
23,Male,Master,Married,148475.95,292100.0,80.0,1,408900.0
32,Female,Bachelor,Married,67006.72,73400.0,75.0,1,95400.0
27,Male,Bachelor,Married,41811.9,0.0,46.0,1,62700.0
40,Female,Master,Single,43925.49,0.0,51.0,1,65900.0
25,Male,Master,Married,30537.25,36900.0,66.0,1,46100.0
50,Female,High School,Married,16189.42,0.0,33.0,0,0.0
18,Male,High School,Married,100359.18,188900.0,67.0,1,185200.0
27,Female,High School,Married,88193.48,136100.0,67.0,1,162700.0
54,Male,Bachelor,Single,100860.83,0.0,62.0,1,151300.0
31,Male,Master,Married,173612.51,288500.0,90.0,1,432800.0
21,Male,High School,Married,26393.82,53100.0,58.0,1,48700.0
38,Female,High School,Single,42901.83,89600.0,60.0,1,91700.0
30,Female,Bachelor,Single,279507.37,0.0,68.0,1,419300.0
26,Male,High School,Married,35617.51,0.0,36.0,0,0.0
23,Female,High School,Married,10427.44,6900.0,41.0,1,7600.0
66,Male,High School,Married,31070.89,24400.0,49.0,1,26800.0
33,Male,High School,Married,67202.7,94300.0,65.0,1,117800.0
18,Male,PhD,Married,10113.14,13400.0,61.0,1,16800.0
52,Female,PhD,Married,37199.7,89200.0,77.0,1,116000.0
42,Male,High School,Single,41294.59,52900.0,55.0,1,60800.0
27,Male,PhD,Single,22569.94,27700.0,66.0,1,34600.0
25,Male,High School,Married,33328.32,70200.0,58.0,1,61500.0
43,Male,Master,Married,10404.78,9800.0,58.0,1,11300.0
33,Male,High School,Married,20479.53,42100.0,55.0,1,35900.0
18,Male,Bachelor,Married,52236.71,0.0,54.0,1,78400.0
55,Male,High School,Single,95267.23,113500.0,69.0,1,141900.0
31,Male,High School,Married,167192.81,386100.0,82.0,1,468900.0
52,Male,Master,Married,130005.69,0.0,67.0,1,195000.0
50,Male,High School,Single,49293.41,115700.0,68.0,1,94300.0
24,Female,PhD,Divorced,322542.17,0.0,67.0,1,483800.0
47,Male,High School,Married,335231.91,165100.0,65.0,1,206400.0
28,Female,High School,Single,70575.06,139600.0,59.0,1,158800.0
18,Male,Master,Married,59945.79,50700.0,69.0,1,63400.0
31,Male,Bachelor,Married,31763.18,61800.0,67.0,1,61900.0
40,Male,High School,Married,21458.09,33600.0,50.0,1,37600.0
30,Female,High School,Married,16412.34,0.0,33.0,0,0.0
32,Female,Bachelor,Married,62867.66,77800.0,75.0,1,101100.0
48,Male,High School,Married,18498.3,0.0,33.0,0,0.0
37,Male,Bachelor,Married,96854.16,183300.0,81.0,1,256600.0
26,Female,Bachelor,Married,28675.24,17800.0,58.0,1,20500.0
43,Male,Bachelor,Married,27208.87,50800.0,67.0,1,53000.0
38,Female,PhD,Single,37642.38,64100.0,70.0,1,83300.0
18,Male,Bachelor,Single,72176.07,176900.0,74.0,1,230000.0
40,Female,High School,Divorced,39467.04,51500.0,53.0,1,59200.0
40,Male,High School,Divorced,31815.77,48400.0,53.0,1,55700.0
36,Male,Bachelor,Married,52827.46,0.0,58.0,1,79200.0
45,Female,High School,Married,106454.49,174300.0,71.0,1,226600.0
28,Male,High School,Single,85151.48,140800.0,65.0,1,176000.0
39,Male,Master,Married,48370.24,62600.0,78.0,1,81400.0
18,Male,Master,Married,71735.39,143200.0,74.0,1,186200.0
40,Male,Bachelor,Married,55425.29,17800.0,63.0,1,22200.0
57,Male,Bachelor,Married,12571.33,8100.0,52.0,1,9300.0
25,Female,High School,Married,24263.37,0.0,36.0,0,0.0
27,Female,Bachelor,Married,178135.31,418300.0,88.0,1,584300.0
28,Male,Bachelor,Divorced,193416.68,0.0,62.0,1,290100.0
37,Female,Bachelor,Married,51648.82,33400.0,70.0,1,43400.0
24,Male,High School,Married,61432.56,96800.0,61.0,1,113300.0
40,Female,Bachelor,Single,15469.57,14200.0,53.0,1,16300.0
45,Male,Bachelor,Divorced,87785.97,0.0,60.0,1,131700.0
41,Female,High School,Single,27561.13,0.0,38.0,0,0.0
18,Female,High School,Married,18651.74,11200.0,41.0,1,12300.0
46,Male,Bachelor,Married,37096.94,26800.0,62.0,1,33500.0
46,Male,Bachelor,Single,68287.27,154600.0,78.0,1,201000.0
45,Male,Bachelor,Married,28119.4,0.0,50.0,1,42200.0
40,Male,High School,Married,25602.65,9600.0,45.0,1,10600.0
38,Male,High School,Married,52943.43,38100.0,60.0,1,47600.0
47,Male,High School,Divorced,121139.51,187500.0,67.0,1,208500.0
57,Female,Bachelor,Married,102341.04,50800.0,66.0,1,63500.0
25,Female,Bachelor,Single,44967.35,64900.0,61.0,1,81100.0
47,Male,Master,Single,65061.73,122600.0,76.0,1,159400.0
35,Male,Bachelor,Widowed,138509.12,206100.0,78.0,1,267900.0
34,Female,PhD,Married,145481.15,289100.0,86.0,1,404700.0
19,Female,High School,Single,53810.28,77700.0,59.0,1,89400.0
32,Male,High School,Married,33080.34,0.0,40.0,0,0.0
25,Male,High School,Single,95660.14,169600.0,65.0,1,212000.0
30,Female,Bachelor,Single,44290.84,45200.0,65.0,1,56500.0
23,Female,High School,Married,66277.16,95700.0,61.0,1,119600.0
31,Male,Bachelor,Married,92669.6,230600.0,86.0,1,288800.0
31,Female,High School,Married,71958.33,65100.0,60.0,1,81400.0
37,Female,High School,Married,49505.14,104300.0,70.0,1,135600.0
18,Male,Bachelor,Married,19479.77,30000.0,56.0,1,34500.0
20,Female,High School,Married,43927.18,101700.0,58.0,1,81000.0
39,Male,Bachelor,Married,86245.2,198700.0,86.0,1,268700.0
27,Female,Master,Married,64250.26,120300.0,74.0,1,156400.0
47,Male,High School,Married,18551.01,18000.0,45.0,1,19800.0
38,Male,Bachelor,Married,11869.65,28400.0,65.0,1,23100.0
42,Female,Bachelor,Married,23741.01,50800.0,72.0,1,66000.0
51,Female,Bachelor,Single,81947.29,198900.0,84.0,1,278500.0
32,Female,High School,Married,76282.56,185700.0,70.0,1,213900.0
29,Male,Bachelor,Single,20884.73,26500.0,54.0,1,30500.0
45,Male,High School,Married,43035.53,22200.0,52.0,1,25500.0
41,Female,High School,Single,60627.62,85700.0,63.0,1,107100.0
33,Female,High School,Married,29328.91,16600.0,52.0,1,19100.0
51,Female,Bachelor,Married,15302.81,21100.0,60.0,1,26400.0
33,Male,Bachelor,Married,17988.19,0.0,43.0,1,27000.0
36,Male,Master,Married,90449.04,141900.0,84.0,1,198700.0
36,Male,Bachelor,Single,69057.51,22100.0,61.0,1,27600.0
25,Female,PhD,Married,45887.89,100200.0,81.0,1,140300.0
36,Female,Bachelor,Married,15408.09,20200.0,60.0,1,25200.0
51,Male,High School,Single,48702.54,90400.0,63.0,1,93100.0
40,Male,Bachelor,Married,70299.76,38100.0,70.0,1,49500.0
36,Male,Bachelor,Single,13771.29,26700.0,58.0,1,30700.0
34,Female,Bachelor,Married,133102.29,0.0,64.0,1,199700.0
39,Male,Bachelor,Married,88096.24,170000.0,81.0,1,238000.0
44,Female,Bachelor,Married,120687.2,0.0,64.0,1,181000.0
42,Male,High School,Married,77367.76,147600.0,65.0,1,135600.0
32,Male,Bachelor,Single,37715.78,62300.0,65.0,1,77900.0
39,Male,High School,Single,84101.73,156000.0,69.0,1,179800.0
41,Female,High School,Widowed,29691.46,57300.0,54.0,1,55800.0
24,Male,Bachelor,Married,10672.93,15000.0,56.0,1,17200.0
37,Female,Bachelor,Married,88678.38,189700.0,86.0,1,265600.0
18,Female,High School,Married,61306.08,93200.0,61.0,1,113100.0
41,Male,Bachelor,Single,26456.02,0.0,48.0,1,39700.0
43,Male,Bachelor,Divorced,86134.56,106100.0,77.0,1,137900.0
44,Female,High School,Single,53577.48,128400.0,68.0,1,114500.0
31,Male,Bachelor,Married,137588.03,197200.0,81.0,1,276100.0
39,Male,High School,Married,78997.55,60800.0,60.0,1,76000.0
51,Female,Bachelor,Married,38813.34,0.0,50.0,1,58200.0
51,Female,High School,Married,92651.86,57900.0,66.0,1,72400.0
35,Male,Bachelor,Married,224536.19,0.0,70.0,1,336800.0
37,Male,Master,Married,84982.2,199600.0,89.0,1,279400.0
48,Female,Bachelor,Married,69893.14,123200.0,75.0,1,160200.0
19,Male,Bachelor,Divorced,37806.08,0.0,42.0,1,56700.0
32,Male,High School,Married,268504.15,560500.0,82.0,1,753000.0
50,Male,High School,Married,39139.67,57400.0,57.0,1,61400.0
46,Male,Bachelor,Married,58009.29,0.0,58.0,1,87000.0
40,Female,High School,Single,27336.71,35500.0,55.0,1,40800.0
19,Female,Master,Single,44933.58,49600.0,64.0,1,62000.0
35,Female,High School,Single,25625.99,0.0,38.0,0,0.0
29,Female,High School,Married,44571.28,58800.0,53.0,1,67600.0
39,Male,Bachelor,Married,86692.95,148200.0,81.0,1,207500.0
27,Male,Bachelor,Married,154320.82,228500.0,83.0,1,319900.0
24,Female,High School,Married,35385.38,32600.0,48.0,1,35900.0
18,Male,Master,Married,45203.83,85500.0,74.0,1,111200.0
49,Male,Bachelor,Single,73587.86,182100.0,78.0,1,236700.0
31,Male,Master,Married,19268.94,46700.0,68.0,1,40500.0
37,Male,Bachelor,Divorced,341232.64,850600.0,88.0,1,1167000.0
35,Male,Bachelor,Married,25957.48,35600.0,67.0,1,44500.0
24,Male,High School,Married,139008.04,55000.0,55.0,1,63200.0
22,Male,Bachelor,Married,301043.56,572800.0,83.0,1,801900.0
24,Male,Bachelor,Married,17834.59,31400.0,56.0,1,36100.0
28,Male,High School,Single,164785.05,0.0,54.0,1,247200.0
40,Male,High School,Single,76420.39,85300.0,63.0,1,106600.0
27,Female,Bachelor,Married,102717.51,0.0,60.0,1,154100.0
55,Female,High School,Married,10228.37,4500.0,38.0,0,4500.0
47,Female,High School,Married,102292.68,111500.0,71.0,1,145000.0
44,Female,High School,Married,46812.69,90300.0,65.0,1,82100.0
34,Female,High School,Single,64654.8,0.0,46.0,1,97000.0
52,Male,Bachelor,Married,57768.89,43500.0,70.0,1,56600.0
33,Male,High School,Married,45328.94,0.0,48.0,1,68000.0
35,Female,High School,Single,23846.4,15700.0,50.0,1,18100.0
37,Female,High School,Widowed,125778.84,0.0,51.0,1,188700.0
43,Male,Bachelor,Married,43614.52,62400.0,67.0,1,78000.0
43,Female,Bachelor,Married,179531.89,396400.0,92.0,1,559400.0
30,Male,High School,Divorced,10601.44,12400.0,46.0,1,13600.0
30,Male,Bachelor,Single,164752.21,137900.0,80.0,1,193100.0
43,Male,High School,Married,133223.2,183000.0,71.0,1,237900.0
43,Male,Bachelor,Married,17452.5,34800.0,60.0,1,34000.0
31,Male,High School,Single,67768.61,156000.0,68.0,1,144900.0
18,Female,Master,Married,43263.66,31300.0,61.0,1,39100.0
33,Male,High School,Married,66531.82,38700.0,60.0,1,48400.0
42,Male,Bachelor,Married,12015.68,7900.0,55.0,1,9100.0
55,Male,High School,Married,39936.62,38600.0,52.0,1,44400.0
22,Male,High School,Single,293030.4,473900.0,71.0,1,616100.0
31,Female,Bachelor,Single,24692.59,0.0,48.0,1,37000.0
31,Male,Bachelor,Married,15539.11,17100.0,60.0,1,21400.0
50,Male,High School,Married,75932.77,176300.0,70.0,1,190500.0
35,Male,Bachelor,Divorced,245084.34,321800.0,83.0,1,450500.0
26,Male,High School,Married,42975.39,59100.0,53.0,1,68000.0
42,Male,Master,Married,20199.5,45400.0,68.0,1,42500.0
31,Male,Master,Single,70555.27,0.0,59.0,1,105800.0
22,Male,High School,Single,94893.49,155500.0,65.0,1,194400.0
26,Male,Bachelor,Single,142493.8,0.0,58.0,1,213700.0
55,Female,High School,Married,63702.22,75300.0,65.0,1,94100.0
40,Male,Bachelor,Single,38653.58,48300.0,65.0,1,60400.0
37,Male,Bachelor,Married,57016.4,103500.0,75.0,1,134600.0
33,Female,Bachelor,Married,144518.72,224300.0,81.0,1,314000.0
39,Female,High School,Married,139899.35,243700.0,71.0,1,316800.0
39,Male,PhD,Married,34117.56,43300.0,72.0,1,56300.0
39,Female,Master,Married,24665.96,29200.0,70.0,1,38000.0
37,Female,Bachelor,Married,33267.37,48000.0,67.0,1,60000.0
45,Male,High School,Widowed,69778.01,0.0,45.0,1,104700.0
36,Male,High School,Married,86744.6,0.0,54.0,1,130100.0
25,Male,Bachelor,Married,15530.37,34500.0,61.0,1,31800.0
29,Male,Master,Married,17678.38,8200.0,47.0,1,9000.0
18,Male,Master,Single,305234.08,131300.0,72.0,1,170700.0
58,Female,High School,Married,12342.94,11500.0,42.0,1,12700.0
45,Female,Bachelor,Widowed,53298.42,0.0,55.0,1,79900.0
26,Male,Bachelor,Single,78272.92,116400.0,69.0,1,145500.0
32,Male,High School,Married,68537.88,0.0,48.0,1,102800.0
28,Male,High School,Married,20752.4,42100.0,51.0,1,38300.0
52,Female,High School,Married,85866.99,148400.0,71.0,1,192900.0
20,Female,Bachelor,Single,58368.41,44700.0,64.0,1,55900.0
37,Male,Master,Single,99137.42,0.0,65.0,1,148700.0
34,Female,Master,Single,60483.63,58800.0,71.0,1,76400.0
45,Male,Bachelor,Single,48016.74,111900.0,78.0,1,145500.0
34,Female,High School,Married,39968.86,90000.0,62.0,1,70100.0
18,Male,Bachelor,Single,212159.96,327100.0,81.0,1,457900.0
33,Male,Master,Married,83986.18,92500.0,84.0,1,129500.0
25,Male,Bachelor,Married,63689.72,0.0,54.0,1,95500.0
36,Female,High School,Single,13343.25,20700.0,48.0,1,22800.0
51,Female,Master,Single,67568.34,93500.0,76.0,1,121600.0
18,Female,Master,Widowed,17265.64,7600.0,44.0,1,8400.0
27,Male,Master,Married,18418.52,24300.0,59.0,1,27900.0
29,Male,Master,Single,60218.2,0.0,55.0,1,90300.0
31,Male,High School,Married,44608.33,0.0,40.0,0,0.0
44,Female,Master,Widowed,64002.93,0.0,58.0,1,96000.0
34,Female,Bachelor,Single,82551.07,205800.0,84.0,1,288100.0
40,Female,High School,Married,22801.96,0.0,40.0,0,0.0
29,Female,Bachelor,Single,39893.15,0.0,44.0,1,59800.0
38,Female,Bachelor,Married,139620.43,124700.0,76.0,1,162100.0
44,Female,High School,Married,147566.3,118700.0,66.0,1,148400.0
27,Male,PhD,Single,61779.54,94100.0,74.0,1,122300.0
44,Female,High School,Married,69517.83,124300.0,65.0,1,121800.0
36,Female,Master,Married,86949.92,107900.0,84.0,1,151100.0
47,Male,High School,Married,14632.44,0.0,33.0,0,0.0
33,Female,High School,Single,49759.47,76200.0,63.0,1,95200.0
40,Male,High School,Married,154846.14,241200.0,77.0,1,313600.0
35,Male,Bachelor,Married,67732.38,31200.0,63.0,1,39000.0
34,Female,High School,Single,64122.36,33600.0,58.0,1,38600.0
38,Male,PhD,Married,80001.82,77600.0,81.0,1,108600.0
41,Male,Bachelor,Divorced,70297.96,113600.0,71.0,1,147700.0
22,Female,Bachelor,Single,73412.13,50500.0,64.0,1,63100.0
51,Male,High School,Married,86673.42,91600.0,71.0,1,119100.0
18,Male,Bachelor,Single,23345.75,14600.0,56.0,1,16800.0
28,Female,Master,Single,28034.79,29100.0,64.0,1,36400.0
34,Male,High School,Single,85419.97,162500.0,69.0,1,182600.0
40,Male,High School,Married,40232.74,45100.0,57.0,1,51900.0
53,Male,Bachelor,Single,26337.77,0.0,48.0,1,39500.0
18,Male,Master,Married,12029.42,28200.0,64.0,1,26600.0
30,Male,Bachelor,Divorced,19901.64,19400.0,51.0,1,22300.0
18,Female,High School,Single,34715.87,57900.0,51.0,1,66600.0
36,Male,Bachelor,Married,41787.81,36700.0,62.0,1,45900.0
38,Male,Master,Single,86295.79,133900.0,82.0,1,187500.0
53,Female,High School,Single,195299.52,109800.0,70.0,1,142700.0
37,Female,High School,Single,177280.05,288100.0,75.0,1,374500.0
47,Male,High School,Married,154482.62,0.0,60.0,1,231700.0
42,Male,High School,Single,165101.91,0.0,58.0,1,247700.0
31,Female,High School,Married,73365.04,60200.0,60.0,1,75200.0
20,Female,High School,Single,29018.72,59500.0,56.0,1,65300.0
39,Female,Bachelor,Married,71974.39,0.0,58.0,1,108000.0
19,Male,High School,Married,16190.44,39200.0,51.0,1,29900.0
50,Male,High School,Single,86943.36,48900.0,64.0,1,61100.0
34,Male,Master,Married,16660.36,20200.0,63.0,1,25200.0
49,Female,High School,Single,22641.58,0.0,38.0,0,0.0
30,Female,High School,Single,75874.28,42300.0,58.0,1,48600.0
38,Male,High School,Married,23162.43,0.0,40.0,0,0.0
38,Male,Bachelor,Married,43712.02,56700.0,67.0,1,70900.0
35,Female,Bachelor,Married,133793.34,264500.0,81.0,1,370300.0
31,Male,Bachelor,Single,21616.09,43900.0,63.0,1,51300.0
40,Male,Bachelor,Married,10310.38,22500.0,65.0,1,20100.0
25,Female,Master,Single,34255.55,33400.0,59.0,1,38400.0
22,Male,Bachelor,Married,55179.27,0.0,54.0,1,82800.0
49,Male,High School,Married,36737.05,69200.0,57.0,1,57600.0
43,Male,High School,Single,134838.93,91800.0,64.0,1,114800.0
36,Male,Bachelor,Married,35020.87,40600.0,67.0,1,50800.0
54,Male,PhD,Single,30271.73,62700.0,75.0,1,81500.0
33,Female,High School,Married,23185.52,38100.0,57.0,1,40600.0
50,Male,High School,Married,49774.35,0.0,48.0,1,74700.0
37,Female,Master,Married,167270.45,0.0,73.0,1,250900.0
24,Male,High School,Married,38163.76,0.0,36.0,0,0.0
56,Male,Bachelor,Single,39696.15,14800.0,50.0,1,17000.0
46,Female,High School,Married,24821.4,8300.0,45.0,1,9100.0
34,Male,High School,Single,94431.71,80600.0,64.0,1,100800.0
43,Female,Bachelor,Single,22397.36,38600.0,65.0,1,48200.0
31,Male,Bachelor,Single,68481.64,128100.0,73.0,1,166500.0
45,Male,High School,Married,33520.63,35400.0,57.0,1,40700.0
18,Male,Bachelor,Married,49979.16,108000.0,76.0,1,140400.0
24,Female,High School,Single,121195.99,287900.0,70.0,1,374300.0
46,Male,Bachelor,Single,68859.67,65800.0,68.0,1,82200.0
33,Female,High School,Single,150823.34,162000.0,75.0,1,210600.0
38,Male,Bachelor,Single,81449.93,97100.0,79.0,1,126200.0
21,Male,Bachelor,Married,321105.53,292600.0,78.0,1,380400.0
56,Male,High School,Married,46350.29,79800.0,62.0,1,72700.0
49,Male,High School,Married,71374.1,164100.0,70.0,1,179100.0
33,Male,Master,Married,97912.92,0.0,67.0,1,146900.0
31,Female,High School,Married,16778.92,11700.0,45.0,1,12900.0
47,Male,Bachelor,Married,30647.71,22400.0,62.0,1,28000.0
57,Male,High School,Single,28585.76,54000.0,52.0,1,54700.0
46,Female,PhD,Single,15780.59,30200.0,63.0,1,37800.0
59,Male,Master,Married,124333.04,167500.0,81.0,1,234500.0
25,Male,High School,Widowed,19963.25,0.0,26.0,0,0.0
26,Male,Bachelor,Married,27209.33,38700.0,63.0,1,48400.0
22,Male,Master,Single,25144.31,24400.0,59.0,1,28100.0
40,Male,High School,Single,82664.06,0.0,52.0,1,124000.0
37,Male,High School,Married,55953.4,80300.0,65.0,1,98100.0
34,Male,High School,Married,46450.63,99400.0,70.0,1,129200.0
44,Female,High School,Single,62414.25,145800.0,68.0,1,133400.0
49,Female,Bachelor,Married,40838.03,17700.0,55.0,1,20400.0
19,Female,Bachelor,Married,275011.43,0.0,66.0,1,412500.0
29,Male,Bachelor,Married,32811.96,22700.0,58.0,1,26100.0
45,Male,High School,Married,23085.54,37600.0,57.0,1,36200.0
30,Male,Bachelor,Married,153994.51,194200.0,87.0,1,271900.0
27,Male,Bachelor,Single,29905.28,0.0,44.0,1,44900.0
47,Male,Bachelor,Married,77787.82,114000.0,75.0,1,148200.0
21,Male,Master,Married,31452.33,36400.0,66.0,1,45500.0
32,Male,High School,Married,34118.54,15600.0,45.0,1,17200.0
39,Female,Bachelor,Single,35558.17,12700.0,53.0,1,14600.0
29,Male,Bachelor,Married,53860.08,44300.0,66.0,1,55400.0
44,Female,High School,Widowed,13528.17,0.0,30.0,0,0.0
29,Female,High School,Married,71350.6,118400.0,61.0,1,131600.0
51,Male,High School,Single,82032.33,100000.0,69.0,1,125000.0
34,Male,Master,Married,88264.95,0.0,67.0,1,132400.0
43,Male,Bachelor,Single,34055.91,54500.0,65.0,1,68100.0
44,Female,Bachelor,Single,48326.06,22000.0,61.0,1,27500.0
29,Male,High School,Married,176041.21,0.0,56.0,1,264100.0
18,Male,Master,Single,31677.69,70800.0,69.0,1,85500.0
39,Male,High School,Single,202545.56,0.0,58.0,1,303800.0
36,Male,Bachelor,Married,44360.65,21700.0,55.0,1,25000.0
42,Female,Bachelor,Married,28451.82,25800.0,62.0,1,32200.0
33,Male,High School,Divorced,17882.06,13300.0,41.0,1,14600.0
31,Male,Bachelor,Married,11729.43,13400.0,60.0,1,16800.0
58,Male,High School,Married,77380.33,190400.0,67.0,1,121400.0
19,Female,High School,Married,88934.12,139600.0,67.0,1,164100.0
44,Female,Bachelor,Married,44656.3,28900.0,62.0,1,36100.0
29,Female,High School,Married,101358.83,205500.0,72.0,1,267200.0
32,Female,High School,Married,159183.61,253000.0,77.0,1,328900.0
32,Female,High School,Married,37278.67,0.0,40.0,1,55900.0
27,Male,High School,Single,40433.83,55400.0,51.0,1,63700.0
42,Male,High School,Married,29663.8,67000.0,62.0,1,52000.0
51,Male,Bachelor,Married,63078.6,137700.0,80.0,1,175900.0
41,Female,High School,Single,60381.55,26500.0,51.0,1,30500.0
37,Male,Master,Married,39629.88,83800.0,75.0,1,108900.0
25,Male,Bachelor,Married,81409.72,45500.0,72.0,1,59200.0
41,Male,High School,Married,234846.28,0.0,60.0,1,352300.0
59,Female,Master,Single,70775.49,0.0,56.0,1,106200.0
31,Male,High School,Married,50668.53,117800.0,70.0,1,142100.0
31,Male,High School,Divorced,22302.75,31000.0,53.0,1,35600.0
29,Female,High School,Single,17320.89,17400.0,44.0,1,19100.0
30,Male,High School,Married,364844.58,153800.0,65.0,1,192200.0
18,Female,PhD,Married,85794.89,47800.0,77.0,1,62100.0
40,Male,High School,Married,72916.26,0.0,48.0,1,109400.0
26,Female,Master,Married,19704.3,14000.0,54.0,1,16100.0
18,Female,Bachelor,Married,63190.74,30200.0,59.0,1,34700.0
44,Male,High School,Married,84390.18,0.0,54.0,1,126600.0
24,Female,Master,Married,79862.29,0.0,57.0,1,119800.0
32,Male,PhD,Single,58883.76,88600.0,78.0,1,115200.0
52,Male,Master,Divorced,143749.5,224700.0,80.0,1,314600.0
20,Female,Bachelor,Single,10615.1,9900.0,49.0,1,10900.0
19,Female,High School,Married,25371.5,12100.0,41.0,1,13300.0
38,Male,High School,Single,175198.74,287100.0,75.0,1,373200.0
48,Male,Bachelor,Divorced,10117.05,17600.0,56.0,1,19300.0
18,Female,High School,Divorced,108291.11,198800.0,63.0,1,219300.0
40,Male,Bachelor,Married,11665.7,0.0,43.0,1,17500.0
42,Female,Bachelor,Single,76444.59,29000.0,61.0,1,36200.0
18,Female,High School,Married,99512.49,75900.0,62.0,1,94900.0
44,Male,High School,Single,45905.8,0.0,46.0,1,68900.0
45,Male,Master,Married,86872.02,0.0,67.0,1,130300.0
32,Male,High School,Divorced,20473.11,8400.0,34.0,0,8400.0
49,Female,High School,Married,30244.32,35300.0,57.0,1,40600.0
48,Female,High School,Married,99047.15,0.0,54.0,1,148600.0
37,Female,High School,Single,151038.19,272200.0,75.0,1,353900.0
31,Male,High School,Divorced,20597.39,17400.0,41.0,0,17400.0
25,Female,High School,Single,177718.67,295900.0,71.0,1,384700.0
35,Male,High School,Single,24992.85,0.0,38.0,0,0.0
42,Female,Bachelor,Married,72009.48,109700.0,75.0,1,142600.0
32,Male,High School,Married,15166.61,26900.0,50.0,1,26600.0
18,Female,High School,Married,25605.26,21800.0,48.0,1,24000.0
49,Female,Master,Married,40581.6,44200.0,70.0,1,57500.0
38,Male,Bachelor,Married,80198.59,121600.0,81.0,1,170200.0
31,Female,High School,Single,88409.18,0.0,52.0,1,132600.0
45,Male,Master,Married,48849.02,115700.0,83.0,1,147100.0
52,Male,High School,Single,12866.5,24300.0,48.0,1,24600.0
18,Male,High School,Single,41034.24,69000.0,51.0,1,79400.0
40,Female,Master,Married,31094.81,59200.0,70.0,1,77000.0
20,Female,High School,Divorced,132834.1,108300.0,58.0,1,124500.0
41,Female,Master,Married,145037.27,45600.0,72.0,1,59300.0
37,Female,Bachelor,Married,126760.9,218600.0,81.0,1,306000.0
42,Male,High School,Married,22814.13,55300.0,62.0,1,40000.0
30,Male,High School,Widowed,144358.64,252500.0,68.0,1,271500.0
18,Male,High School,Married,27264.07,18600.0,48.0,1,20500.0
31,Female,High School,Single,88599.2,193900.0,74.0,1,252100.0
40,Female,Master,Single,76064.65,119700.0,76.0,1,155600.0
47,Male,High School,Married,20087.85,33300.0,50.0,1,31500.0
23,Female,High School,Single,87948.06,125700.0,65.0,1,157100.0
47,Female,Bachelor,Married,23456.5,44900.0,67.0,1,40900.0
28,Male,High School,Married,51691.16,124600.0,66.0,1,95400.0
39,Male,High School,Married,40584.54,45600.0,57.0,1,52400.0
30,Female,High School,Widowed,84815.63,0.0,51.0,1,127200.0
38,Male,Bachelor,Married,45219.54,98500.0,80.0,1,137900.0
45,Female,High School,Single,43740.17,97700.0,60.0,1,83700.0
22,Male,High School,Married,130894.05,276300.0,72.0,1,359200.0
28,Male,High School,Divorced,281777.87,432200.0,69.0,1,540200.0
38,Male,Bachelor,Single,169086.83,399000.0,90.0,1,598500.0
62,Female,High School,Single,58028.98,39100.0,55.0,1,45000.0
26,Male,High School,Married,142514.2,106500.0,62.0,1,133100.0
58,Female,Bachelor,Single,60038.52,46700.0,65.0,1,58400.0
58,Male,Bachelor,Married,11362.65,13500.0,57.0,1,15500.0
34,Male,High School,Married,14302.94,25300.0,50.0,1,25100.0
32,Female,Bachelor,Married,52786.46,0.0,58.0,1,79200.0
28,Male,High School,Married,68444.08,163600.0,66.0,1,126300.0
35,Female,Bachelor,Single,137681.48,114200.0,74.0,1,148500.0
20,Male,Bachelor,Married,129357.65,270600.0,82.0,1,378800.0
35,Female,Master,Married,52821.6,106700.0,83.0,1,149400.0
52,Female,Bachelor,Married,24730.84,0.0,50.0,1,37100.0
29,Female,High School,Married,49707.81,66400.0,61.0,1,83000.0
33,Male,Bachelor,Married,24579.79,48600.0,67.0,1,47900.0
18,Female,Bachelor,Married,28782.2,62700.0,68.0,1,59000.0
40,Male,PhD,Married,45083.9,81200.0,80.0,1,113700.0
38,Male,High School,Single,10747.08,0.0,31.0,0,0.0
36,Male,Bachelor,Single,66170.0,110100.0,73.0,1,143100.0
33,Male,Bachelor,Single,53221.08,63500.0,73.0,1,82600.0
32,Female,Bachelor,Married,28057.72,46900.0,67.0,1,54600.0
41,Female,PhD,Married,30126.42,49600.0,72.0,1,64500.0
35,Male,Bachelor,Married,10475.82,15900.0,60.0,1,19900.0
39,Female,Bachelor,Married,12640.26,12300.0,55.0,1,14100.0
38,Male,High School,Married,19320.25,34200.0,50.0,1,33900.0
48,Female,High School,Married,29840.63,61500.0,62.0,1,46800.0
43,Female,High School,Widowed,106754.36,0.0,51.0,1,160100.0
38,Female,High School,Married,53898.5,75200.0,65.0,1,94000.0
52,Male,High School,Married,21816.79,42700.0,50.0,1,34200.0
40,Female,High School,Married,103360.98,213400.0,76.0,1,277400.0
50,Male,Bachelor,Single,85743.82,152900.0,79.0,1,198800.0
42,Female,Bachelor,Married,10966.54,12400.0,60.0,1,15500.0
18,Male,Bachelor,Divorced,84349.37,158200.0,73.0,1,205700.0
50,Female,Bachelor,Married,67811.23,166200.0,80.0,1,189100.0
37,Male,Bachelor,Married,72391.74,118300.0,75.0,1,153800.0
35,Female,High School,Married,56066.93,107900.0,65.0,1,98300.0
39,Male,Master,Widowed,20783.3,17100.0,55.0,1,19700.0
32,Female,High School,Divorced,142843.09,248700.0,67.0,1,274800.0
38,Female,PhD,Single,37541.1,14100.0,58.0,1,16200.0
29,Female,Bachelor,Married,70054.25,149000.0,76.0,1,193700.0
50,Female,High School,Married,101271.12,79600.0,66.0,1,99500.0
34,Male,High School,Single,41233.17,18300.0,43.0,0,18300.0
31,Female,High School,Married,53261.33,0.0,48.0,1,79900.0
25,Male,High School,Single,244228.57,325700.0,71.0,1,423400.0
38,Female,High School,Married,150256.68,59100.0,65.0,1,73900.0
38,Female,Bachelor,Single,49199.82,0.0,56.0,1,73800.0
40,Male,High School,Married,43468.3,61800.0,57.0,1,71100.0
24,Female,Bachelor,Divorced,50585.74,0.0,50.0,1,75900.0
18,Female,Master,Single,75022.02,75100.0,72.0,1,97600.0
42,Male,Bachelor,Married,73580.49,24800.0,63.0,1,31000.0
52,Male,High School,Married,18376.37,0.0,33.0,0,0.0
24,Male,High School,Divorced,129001.21,299400.0,68.0,1,261200.0
53,Female,High School,Married,14587.42,0.0,33.0,0,0.0
39,Male,Bachelor,Married,44486.13,57700.0,67.0,1,72100.0
35,Female,Bachelor,Divorced,81772.13,125000.0,77.0,1,162500.0
31,Male,Bachelor,Single,33165.2,0.0,48.0,1,49700.0
20,Male,High School,Married,26192.15,0.0,36.0,0,0.0
46,Female,High School,Married,42482.73,0.0,40.0,1,63700.0
27,Male,Bachelor,Single,36921.24,15600.0,49.0,1,17200.0
27,Female,Bachelor,Divorced,25122.79,10600.0,47.0,1,11700.0
46,Male,PhD,Married,53239.7,108800.0,85.0,1,152300.0
18,Male,PhD,Married,69336.89,77000.0,76.0,1,100100.0
19,Male,Bachelor,Married,135331.53,232100.0,77.0,1,301700.0
35,Female,High School,Single,31413.49,14900.0,43.0,0,14900.0
39,Male,High School,Single,31818.1,62900.0,55.0,1,68000.0
41,Male,High School,Married,52749.11,54700.0,65.0,1,68400.0
32,Male,PhD,Married,13065.59,10100.0,60.0,1,12600.0
63,Male,High School,Married,15912.5,29800.0,47.0,1,22000.0
33,Female,Bachelor,Married,95733.42,42300.0,69.0,1,52900.0
33,Female,Master,Married,60870.7,83400.0,78.0,1,108400.0
27,Male,Bachelor,Single,12524.49,14300.0,54.0,1,16400.0
37,Male,Bachelor,Widowed,26016.91,50200.0,64.0,1,54400.0
42,Female,High School,Single,25371.64,43300.0,55.0,1,49800.0
49,Male,High School,Married,25224.36,57000.0,62.0,1,39600.0
19,Male,Bachelor,Married,25690.1,48800.0,63.0,1,52700.0
33,Male,Master,Married,30605.06,37200.0,70.0,1,48400.0
40,Male,Master,Married,24333.47,17200.0,65.0,1,21500.0
42,Male,High School,Widowed,42631.95,55000.0,54.0,1,63200.0
36,Male,High School,Married,67406.23,0.0,48.0,1,101100.0
41,Male,Bachelor,Single,135429.79,74400.0,74.0,1,96700.0
27,Male,Bachelor,Married,26855.12,10900.0,51.0,1,12500.0
53,Female,High School,Single,41944.57,0.0,38.0,1,32100.0
46,Female,High School,Married,82265.9,127200.0,71.0,1,165400.0
21,Female,Master,Married,46541.07,81100.0,74.0,1,105400.0
24,Female,Master,Widowed,77958.2,175500.0,76.0,1,228200.0
24,Male,Bachelor,Married,26238.19,0.0,46.0,1,39400.0
43,Male,Bachelor,Single,70002.76,0.0,56.0,1,105000.0
21,Female,High School,Married,42021.92,0.0,36.0,1,31000.0
32,Male,Bachelor,Divorced,21208.63,27900.0,56.0,1,32100.0
41,Male,High School,Married,106600.71,208500.0,71.0,1,271000.0
35,Male,High School,Married,87280.92,163800.0,71.0,1,212900.0
38,Male,High School,Married,23600.4,17200.0,52.0,1,19800.0
24,Female,High School,Married,171839.39,117300.0,68.0,1,146600.0
42,Female,Master,Married,79754.67,44000.0,73.0,1,57200.0
29,Female,PhD,Married,86122.12,49100.0,77.0,1,63800.0
32,Female,Bachelor,Single,30421.36,25600.0,60.0,1,32000.0
38,Male,Bachelor,Married,43637.92,46700.0,67.0,1,58400.0
37,Female,High School,Married,81833.26,136300.0,71.0,1,177200.0
36,Male,Bachelor,Married,59774.51,116000.0,75.0,1,150800.0
27,Female,Bachelor,Single,29795.49,0.0,44.0,1,44700.0
32,Male,Bachelor,Married,14286.59,0.0,43.0,1,21400.0
36,Female,High School,Married,71495.4,114500.0,65.0,1,125300.0
20,Female,Bachelor,Married,53185.47,104700.0,71.0,1,136100.0
30,Male,High School,Widowed,129014.99,271600.0,73.0,1,353100.0
40,Male,High School,Married,23556.19,26900.0,57.0,1,30900.0
21,Male,Bachelor,Married,30241.26,38700.0,63.0,1,48400.0
48,Male,High School,Single,150005.97,0.0,58.0,1,225000.0
49,Male,Bachelor,Married,71526.12,65200.0,70.0,1,84800.0
22,Female,Bachelor,Married,13798.43,0.0,39.0,0,0.0
50,Male,High School,Divorced,56574.18,72100.0,61.0,1,90100.0
34,Male,PhD,Single,13925.16,0.0,46.0,1,20900.0
40,Female,Bachelor,Single,23599.59,26500.0,65.0,1,33100.0
30,Male,High School,Single,13090.93,12500.0,43.0,1,13800.0
46,Male,Bachelor,Married,38285.17,80800.0,72.0,1,105000.0
40,Female,High School,Married,53043.69,0.0,48.0,1,79600.0
27,Female,Bachelor,Single,25179.3,50800.0,66.0,1,62900.0
23,Male,Bachelor,Married,20152.69,29300.0,56.0,1,33700.0
19,Male,High School,Single,55644.86,125400.0,64.0,1,125200.0
38,Male,Bachelor,Married,56299.69,90000.0,75.0,1,117000.0
42,Male,Master,Single,15556.46,14800.0,56.0,1,17000.0
43,Male,High School,Married,132472.08,312800.0,76.0,1,371500.0
34,Female,High School,Married,53379.11,0.0,48.0,1,80100.0
23,Female,High School,Single,70026.28,0.0,42.0,1,105000.0
28,Male,High School,Married,38002.05,39500.0,53.0,1,45400.0
48,Male,High School,Married,33143.33,58000.0,57.0,1,52000.0
30,Male,High School,Married,42595.0,91200.0,62.0,1,74700.0
37,Male,High School,Married,21899.11,0.0,33.0,0,0.0
24,Female,High School,Married,16343.33,12200.0,41.0,1,13400.0
39,Female,Bachelor,Married,44372.0,0.0,50.0,1,66600.0
30,Male,PhD,Divorced,74091.99,0.0,59.0,1,111100.0
47,Male,Master,Divorced,34162.54,61500.0,66.0,1,70600.0
44,Female,High School,Married,168302.2,90100.0,72.0,1,117100.0
30,Male,Bachelor,Divorced,44229.39,67800.0,63.0,1,84800.0
34,Male,Master,Divorced,89955.43,130400.0,80.0,1,182600.0
29,Male,Master,Single,39461.05,89500.0,69.0,1,106500.0
20,Male,Master,Widowed,66838.52,0.0,54.0,1,100300.0
26,Male,Bachelor,Single,28808.84,54000.0,61.0,1,67500.0
38,Female,High School,Single,70109.13,0.0,46.0,1,105200.0
39,Male,High School,Widowed,19330.35,11800.0,42.0,1,13000.0
37,Male,Bachelor,Single,22616.97,0.0,48.0,1,33900.0
32,Female,High School,Married,28155.97,15900.0,52.0,1,18300.0
46,Male,PhD,Widowed,60957.16,61800.0,77.0,1,80300.0
36,Male,High School,Single,39938.8,46200.0,55.0,1,53100.0
43,Male,Master,Single,72609.84,27900.0,64.0,1,34900.0
18,Male,Bachelor,Married,31791.25,27000.0,58.0,1,31000.0
18,Female,High School,Married,21031.2,6600.0,34.0,0,6600.0
39,Male,High School,Married,69216.58,0.0,48.0,1,103800.0
20,Female,High School,Married,77576.05,90300.0,61.0,1,112900.0
33,Female,Bachelor,Single,74496.25,146000.0,73.0,1,189800.0
32,Male,Bachelor,Married,41745.69,0.0,50.0,1,62600.0
53,Male,PhD,Married,19748.54,14600.0,60.0,1,18200.0
40,Male,High School,Married,89506.41,164900.0,71.0,1,214400.0
37,Male,High School,Married,124127.21,133500.0,71.0,1,173600.0
45,Male,High School,Married,25792.06,55900.0,62.0,1,40400.0
40,Male,High School,Married,79191.79,81800.0,65.0,1,102200.0
30,Female,Bachelor,Married,84362.13,82700.0,76.0,1,107500.0
47,Male,High School,Divorced,47446.74,70100.0,61.0,1,81700.0
23,Male,Bachelor,Single,119958.9,299300.0,80.0,1,419000.0
39,Male,High School,Married,81323.73,87500.0,71.0,1,113800.0
18,Male,High School,Married,75754.64,56500.0,56.0,1,65000.0
38,Female,Bachelor,Widowed,19063.62,34900.0,57.0,1,39800.0
38,Female,Bachelor,Divorced,16518.4,37400.0,61.0,1,35300.0
54,Male,High School,Married,62182.76,132200.0,70.0,1,156000.0
18,Female,Bachelor,Single,81512.6,182300.0,80.0,1,255200.0
29,Female,High School,Single,69954.3,26200.0,47.0,1,28800.0
45,Female,Bachelor,Married,16180.19,0.0,43.0,1,24300.0
39,Female,Master,Divorced,78067.99,159500.0,79.0,1,207400.0
37,Female,Bachelor,Single,53589.02,64700.0,73.0,1,84100.0
25,Male,High School,Married,142740.38,0.0,50.0,1,214100.0
29,Male,Bachelor,Single,29001.54,34100.0,61.0,1,42600.0
49,Male,Bachelor,Married,22493.34,15100.0,62.0,1,18900.0
35,Male,High School,Married,39223.96,92800.0,62.0,1,68700.0
40,Female,Bachelor,Married,66360.85,126700.0,75.0,1,164700.0
34,Female,High School,Married,171292.27,173100.0,77.0,1,225000.0
22,Female,Bachelor,Married,67507.48,108200.0,71.0,1,140700.0
46,Male,High School,Married,45458.52,66400.0,65.0,1,71300.0
41,Female,Master,Married,14904.97,20100.0,63.0,1,25100.0
61,Female,Bachelor,Married,52698.32,127400.0,77.0,1,129600.0
24,Female,High School,Single,172897.1,223300.0,71.0,1,290300.0
45,Female,High School,Married,130121.91,214700.0,71.0,1,279100.0
21,Male,High School,Divorced,292352.66,0.0,52.0,1,438500.0
37,Male,High School,Married,61447.34,67900.0,65.0,1,84900.0
46,Female,High School,Married,16266.69,0.0,33.0,0,0.0
18,Male,High School,Single,97451.3,227800.0,70.0,1,296100.0
33,Male,Bachelor,Married,280921.28,685300.0,92.0,1,875400.0
29,Male,High School,Divorced,149709.9,311400.0,68.0,1,303200.0
28,Male,High School,Married,61751.45,130100.0,66.0,1,113900.0
40,Female,Bachelor,Single,31031.35,17600.0,60.0,1,22000.0
48,Female,High School,Married,20049.04,0.0,33.0,0,0.0
34,Female,High School,Married,69148.18,165100.0,70.0,1,193900.0
38,Male,High School,Married,17051.78,0.0,33.0,0,0.0
37,Male,Bachelor,Married,245299.66,347500.0,87.0,1,486500.0
36,Female,High School,Married,33108.54,38700.0,57.0,1,44500.0
24,Female,High School,Married,10647.53,20700.0,46.0,1,19600.0
48,Female,Bachelor,Married,31896.83,20200.0,62.0,1,25200.0
39,Female,High School,Married,40462.0,77400.0,57.0,1,70900.0
40,Male,High School,Married,52265.58,113200.0,70.0,1,146600.0
27,Male,High School,Married,79401.5,44700.0,56.0,1,51400.0
30,Female,Master,Single,30606.96,24700.0,63.0,1,30900.0
34,Female,Bachelor,Single,46217.78,26400.0,68.0,1,33000.0
19,Female,PhD,Married,21438.49,44500.0,66.0,1,50500.0
18,Male,Bachelor,Single,12176.29,4200.0,42.0,0,4200.0
29,Female,Bachelor,Married,60064.58,136200.0,76.0,1,177100.0
41,Male,Master,Married,66632.75,98800.0,78.0,1,128400.0
28,Male,High School,Married,175449.89,135900.0,68.0,1,169900.0
24,Male,Bachelor,Divorced,35366.86,22300.0,54.0,1,25600.0
27,Female,High School,Single,20864.09,13300.0,39.0,1,14600.0
30,Male,Bachelor,Single,140801.87,125100.0,74.0,1,162600.0
32,Female,High School,Single,26724.1,12800.0,43.0,1,14100.0
59,Male,Bachelor,Married,70396.73,144700.0,77.0,1,188100.0
47,Female,PhD,Married,99040.0,89300.0,81.0,1,125000.0
47,Male,High School,Single,50267.65,16700.0,51.0,1,19200.0
48,Female,Bachelor,Single,24660.3,50600.0,70.0,1,65800.0
25,Male,High School,Married,45551.37,0.0,44.0,1,68300.0
22,Male,High School,Married,51807.9,19200.0,49.0,1,21100.0
23,Female,Bachelor,Married,121768.1,96900.0,72.0,1,126000.0
50,Male,High School,Widowed,23658.67,23900.0,54.0,1,27500.0
29,Male,Bachelor,Married,45277.33,107100.0,76.0,1,139200.0
22,Male,High School,Single,100104.46,123900.0,65.0,1,154900.0
31,Female,Bachelor,Married,21232.7,38600.0,60.0,1,41400.0
33,Male,Bachelor,Married,34089.67,68500.0,72.0,1,89000.0
38,Male,Master,Married,32005.54,0.0,53.0,1,48000.0
38,Female,Bachelor,Single,66922.08,0.0,56.0,1,100400.0
26,Male,High School,Married,139932.77,329600.0,72.0,1,413100.0
43,Male,High School,Married,24480.12,31600.0,57.0,1,36300.0
28,Male,Master,Divorced,35449.4,23900.0,57.0,1,27500.0
34,Female,Bachelor,Married,165080.1,328500.0,87.0,1,459900.0
43,Male,Bachelor,Married,16727.74,0.0,43.0,1,25100.0
28,Female,Bachelor,Married,42310.1,80900.0,63.0,1,86700.0
29,Female,High School,Married,51220.36,65600.0,61.0,1,82000.0
42,Male,Bachelor,Married,40995.39,101000.0,72.0,1,127700.0
26,Female,Bachelor,Married,149635.29,0.0,60.0,1,224500.0
31,Male,High School,Married,72165.24,45000.0,60.0,1,56200.0
42,Male,PhD,Married,35541.79,32200.0,67.0,1,40200.0
58,Female,High School,Single,11427.35,0.0,28.0,0,0.0
42,Female,High School,Married,73887.41,94900.0,65.0,1,118600.0
41,Male,High School,Married,125890.22,202800.0,71.0,1,263600.0
41,Male,Bachelor,Married,47846.55,46300.0,70.0,1,60200.0
24,Male,High School,Married,26720.89,0.0,36.0,0,0.0
37,Male,High School,Married,64916.01,99500.0,65.0,1,113800.0
35,Female,PhD,Married,89684.01,137500.0,86.0,1,192500.0
39,Female,High School,Divorced,128759.95,285300.0,72.0,1,370900.0
37,Male,High School,Married,51740.03,27300.0,60.0,1,34100.0
40,Male,Bachelor,Single,42739.32,0.0,48.0,1,64100.0
32,Male,High School,Single,10422.85,8400.0,43.0,1,9200.0
36,Male,High School,Single,24914.72,13100.0,50.0,1,15100.0
22,Male,High School,Divorced,66317.62,63900.0,52.0,1,73500.0
32,Male,Bachelor,Divorced,24133.91,50000.0,68.0,1,51600.0
51,Male,Master,Married,16859.03,0.0,46.0,1,25300.0
39,Male,High School,Married,25628.64,59200.0,62.0,1,44900.0
35,Female,Bachelor,Married,36969.72,67400.0,67.0,1,72000.0
56,Male,High School,Single,24706.28,12600.0,47.0,1,13900.0
21,Female,High School,Married,81454.69,0.0,50.0,1,122200.0
23,Female,Bachelor,Married,78022.35,29300.0,59.0,1,33700.0
54,Female,High School,Married,383588.7,212700.0,72.0,1,276500.0
36,Female,Bachelor,Married,23573.61,0.0,50.0,1,35400.0
33,Female,High School,Married,139976.73,0.0,54.0,1,210000.0
22,Female,PhD,Divorced,38303.63,36100.0,59.0,1,41500.0
40,Male,Bachelor,Married,85619.9,0.0,64.0,1,128400.0
41,Female,High School,Married,66692.43,113700.0,65.0,1,116900.0
23,Female,High School,Married,21415.79,48700.0,51.0,1,39500.0
34,Male,High School,Single,50511.57,52300.0,63.0,1,65400.0
32,Female,High School,Single,128990.63,142800.0,69.0,1,178500.0
38,Male,Bachelor,Divorced,112785.48,57500.0,72.0,1,74800.0
23,Male,Master,Single,51992.47,48000.0,67.0,1,60000.0
49,Male,High School,Married,57905.19,125100.0,70.0,1,145300.0
46,Female,High School,Married,17976.62,10900.0,45.0,1,12000.0
32,Female,High School,Married,33113.66,37000.0,57.0,1,42600.0
33,Female,Bachelor,Married,26175.62,56400.0,72.0,1,73300.0
34,Female,High School,Single,46427.39,36400.0,58.0,1,41900.0
27,Male,Master,Single,43240.49,27900.0,59.0,1,32100.0
31,Female,Bachelor,Single,59136.12,18600.0,61.0,1,23200.0
33,Male,Master,Single,24934.46,57800.0,73.0,1,75100.0
53,Female,High School,Single,51576.64,114200.0,68.0,1,98600.0
46,Male,Bachelor,Married,56404.17,40300.0,70.0,1,52400.0
46,Male,Bachelor,Single,55386.54,112600.0,78.0,1,146400.0
40,Female,Bachelor,Single,115159.51,281100.0,84.0,1,393500.0
23,Female,High School,Married,110295.9,107200.0,62.0,1,134000.0
35,Male,PhD,Single,64379.1,114000.0,78.0,1,148200.0
46,Female,Master,Divorced,19187.24,14400.0,54.0,1,16600.0
22,Male,High School,Married,46223.05,73600.0,61.0,1,85300.0
43,Male,Bachelor,Widowed,12285.55,12500.0,57.0,1,14400.0
61,Female,High School,Single,77039.37,127500.0,60.0,1,130000.0
47,Male,Master,Single,11786.56,20900.0,61.0,1,26100.0
51,Female,Bachelor,Married,343092.48,644800.0,87.0,1,902700.0
38,Male,High School,Married,68166.43,155900.0,70.0,1,191200.0
46,Male,High School,Married,42277.14,22900.0,52.0,1,26300.0
28,Male,High School,Married,45457.2,41200.0,56.0,1,47400.0
44,Male,High School,Married,160592.09,108300.0,72.0,1,140800.0
43,Male,High School,Married,35160.85,0.0,40.0,0,0.0
39,Female,Bachelor,Single,66099.54,82500.0,73.0,1,107200.0
50,Female,Bachelor,Married,11748.64,12200.0,60.0,1,15200.0
30,Female,Bachelor,Married,55532.84,137300.0,80.0,1,173000.0
33,Female,Bachelor,Married,40078.69,79100.0,67.0,1,78100.0
37,Male,High School,Single,25427.2,12800.0,50.0,1,14700.0
24,Male,High School,Married,68730.61,0.0,44.0,1,103100.0
38,Male,Bachelor,Married,12491.56,0.0,43.0,1,18700.0
18,Male,High School,Widowed,134034.46,0.0,47.0,1,201100.0
47,Female,High School,Married,56463.32,74600.0,65.0,1,88500.0
36,Male,High School,Single,30075.57,0.0,38.0,0,0.0
30,Male,Bachelor,Married,81109.99,39700.0,69.0,1,49600.0
26,Male,Bachelor,Married,93340.56,195900.0,82.0,1,274300.0
33,Male,Bachelor,Married,173186.83,94100.0,82.0,1,131700.0
43,Male,High School,Married,29345.78,38700.0,57.0,1,44500.0
42,Female,Master,Married,35708.96,85900.0,75.0,1,111700.0
28,Male,High School,Married,109957.9,156100.0,67.0,1,195100.0
26,Female,Bachelor,Single,14304.82,0.0,37.0,0,0.0
43,Male,High School,Married,65684.94,0.0,48.0,1,98500.0
28,Female,Master,Married,37841.17,47100.0,66.0,1,58900.0
36,Female,Bachelor,Single,84289.06,198500.0,84.0,1,277900.0
37,Female,Bachelor,Married,370548.48,184300.0,75.0,1,239600.0
39,Male,Bachelor,Married,60165.41,63900.0,75.0,1,83100.0
45,Male,Bachelor,Single,48992.04,110000.0,78.0,1,143000.0
22,Female,High School,Married,21100.22,0.0,29.0,0,0.0
18,Male,Bachelor,Married,22706.01,0.0,46.0,1,34100.0
29,Male,Bachelor,Married,20572.78,0.0,39.0,0,0.0
55,Male,Bachelor,Married,92324.03,162800.0,81.0,1,227900.0
58,Female,High School,Married,88947.93,0.0,51.0,1,133400.0
56,Male,High School,Single,10133.77,0.0,28.0,0,0.0
33,Female,Bachelor,Married,22390.98,53700.0,72.0,1,69800.0
18,Male,Bachelor,Single,135784.02,248200.0,75.0,1,322700.0
18,Male,High School,Married,18001.24,17900.0,41.0,1,19700.0
29,Male,High School,Married,30113.97,25900.0,48.0,1,28500.0
33,Male,Bachelor,Married,72265.36,121700.0,75.0,1,158200.0
50,Male,High School,Married,20150.28,10300.0,45.0,1,11300.0
45,Male,High School,Married,40298.44,46200.0,57.0,1,53100.0
38,Male,Bachelor,Married,374497.33,470900.0,87.0,1,659300.0
26,Female,High School,Single,52162.31,84700.0,59.0,1,97400.0
25,Female,Bachelor,Single,55108.64,44800.0,64.0,1,56000.0
38,Male,High School,Married,71447.1,167200.0,70.0,1,200400.0
43,Female,Master,Married,38644.4,91700.0,75.0,1,119200.0
40,Male,Bachelor,Married,99662.66,160900.0,81.0,1,225300.0
24,Male,High School,Single,12107.59,21500.0,44.0,0,21500.0
43,Male,Master,Married,173063.78,168900.0,85.0,1,236500.0
40,Female,Bachelor,Single,22594.28,19500.0,60.0,1,24400.0
24,Female,Master,Married,268394.48,239700.0,81.0,1,335600.0
27,Female,Bachelor,Single,54488.51,65000.0,69.0,1,81200.0
43,Male,Bachelor,Married,39809.41,93300.0,72.0,1,121300.0
33,Female,Bachelor,Single,41862.47,41000.0,60.0,1,51200.0
53,Female,High School,Married,12963.88,12100.0,45.0,1,13300.0
41,Male,Master,Divorced,35567.31,36200.0,66.0,1,45200.0
30,Female,Bachelor,Single,82944.42,0.0,62.0,1,124400.0
35,Male,Bachelor,Single,71932.75,136800.0,73.0,1,177800.0
36,Male,Master,Married,72031.65,85500.0,78.0,1,111200.0
27,Male,PhD,Married,14954.37,19900.0,61.0,1,24900.0
25,Female,High School,Widowed,17836.27,33400.0,43.0,1,35300.0
43,Female,Bachelor,Single,88215.05,152700.0,79.0,1,198500.0
45,Female,Bachelor,Married,116966.51,139200.0,81.0,1,194900.0
42,Female,Bachelor,Married,26613.76,9300.0,55.0,1,10700.0
52,Male,PhD,Single,44037.18,99700.0,75.0,1,129600.0
30,Male,Master,Single,23384.04,12900.0,63.0,1,16100.0
54,Female,Bachelor,Divorced,41317.92,89000.0,68.0,1,79000.0
26,Female,High School,Married,85940.81,167400.0,67.0,1,158600.0
24,Male,Bachelor,Married,27046.86,57700.0,68.0,1,55400.0
18,Female,Bachelor,Divorced,128313.83,0.0,56.0,1,192500.0
31,Male,High School,Single,24829.65,10000.0,43.0,1,11000.0
30,Female,Bachelor,Married,30440.24,38400.0,67.0,1,48000.0
41,Female,High School,Married,32518.42,13900.0,45.0,1,15300.0
38,Female,Bachelor,Widowed,67930.57,67800.0,67.0,1,84800.0
22,Male,Bachelor,Married,50510.67,30800.0,66.0,1,38500.0
31,Male,High School,Married,126325.76,198700.0,71.0,1,258300.0
31,Male,Bachelor,Divorced,36378.33,60200.0,63.0,1,75200.0
18,Female,High School,Single,16001.71,24800.0,44.0,0,24800.0
25,Female,Bachelor,Single,165727.76,131200.0,76.0,1,170600.0
27,Female,Bachelor,Single,43874.63,36800.0,56.0,1,42300.0
51,Male,Bachelor,Married,163516.86,159800.0,82.0,1,223700.0
38,Male,Bachelor,Married,47132.18,30300.0,70.0,1,39400.0
43,Male,High School,Single,26937.47,33700.0,55.0,1,38800.0
19,Male,High School,Married,11051.29,20400.0,46.0,1,20400.0
49,Female,Bachelor,Married,64522.45,133400.0,80.0,1,179900.0
50,Female,Bachelor,Married,155142.04,0.0,70.0,1,232700.0
18,Female,High School,Married,46456.0,18600.0,49.0,1,20500.0
28,Male,High School,Single,28142.13,0.0,34.0,0,0.0
41,Male,High School,Married,49225.47,64300.0,65.0,1,80400.0
43,Male,High School,Single,63454.86,0.0,46.0,1,95200.0
28,Female,Bachelor,Married,86639.94,174700.0,82.0,1,244600.0
32,Female,Bachelor,Married,14954.01,0.0,43.0,1,22400.0
29,Male,Bachelor,Married,147126.11,234600.0,77.0,1,305000.0
37,Male,High School,Single,30901.58,32100.0,55.0,1,36900.0
49,Female,Master,Married,38823.49,37000.0,65.0,1,46200.0
27,Female,Bachelor,Married,18916.33,45200.0,61.0,1,38800.0
47,Male,High School,Married,102424.33,188200.0,71.0,1,244700.0
27,Female,High School,Married,17838.46,0.0,29.0,0,0.0
26,Male,Bachelor,Single,264997.67,661900.0,86.0,1,926700.0
45,Female,Bachelor,Single,83688.61,35000.0,67.0,1,43800.0
46,Male,Bachelor,Married,52101.75,64900.0,75.0,1,84400.0
45,Male,Master,Married,85384.48,0.0,67.0,1,128100.0
21,Male,Bachelor,Single,33765.01,0.0,44.0,0,0.0
30,Male,Master,Married,112996.79,146700.0,84.0,1,205400.0
45,Male,High School,Married,120119.6,0.0,54.0,1,180200.0
36,Female,High School,Married,22115.25,24600.0,57.0,1,28300.0
24,Male,High School,Single,175491.84,0.0,54.0,1,263200.0
41,Female,Bachelor,Widowed,55123.87,94800.0,72.0,1,123200.0
28,Male,High School,Married,85938.15,96500.0,67.0,1,120600.0
55,Male,Bachelor,Married,41618.17,83400.0,72.0,1,108400.0
52,Female,High School,Widowed,30028.79,32000.0,54.0,1,36800.0
42,Female,High School,Single,26850.97,20200.0,50.0,1,23200.0
50,Male,High School,Married,31812.0,27300.0,52.0,1,31400.0
36,Male,High School,Married,385384.6,881800.0,82.0,1,1080800.0
44,Female,High School,Married,41667.75,0.0,40.0,0,0.0
52,Male,High School,Married,66987.82,152600.0,70.0,1,168100.0
38,Female,High School,Married,34547.62,81100.0,62.0,1,60600.0
33,Male,Bachelor,Single,63389.08,20700.0,61.0,1,25900.0
18,Male,High School,Single,21337.07,15400.0,39.0,1,16900.0
35,Male,High School,Married,89501.31,104000.0,71.0,1,135200.0
45,Female,High School,Married,58011.9,44100.0,60.0,1,55100.0
46,Male,Master,Single,43843.58,0.0,51.0,1,65800.0
41,Male,Bachelor,Single,87769.0,205600.0,84.0,1,287800.0
30,Female,PhD,Married,132609.97,299100.0,91.0,1,448600.0
18,Female,Bachelor,Married,14978.82,10800.0,51.0,1,12400.0
30,Male,PhD,Single,168237.42,232300.0,90.0,1,348400.0
32,Female,High School,Divorced,87437.62,214300.0,72.0,1,269100.0
32,Female,High School,Married,126214.15,201900.0,71.0,1,262500.0
42,Male,Bachelor,Married,134298.17,200100.0,81.0,1,280100.0
57,Male,PhD,Married,14010.79,17300.0,62.0,1,21600.0
37,Female,Bachelor,Married,54402.5,31500.0,70.0,1,41000.0
33,Male,Bachelor,Married,89829.62,49600.0,76.0,1,64500.0
33,Male,High School,Married,12265.96,27300.0,55.0,1,21500.0
37,Female,High School,Single,163276.04,135900.0,70.0,1,176700.0
26,Male,High School,Single,63926.27,57300.0,54.0,1,65900.0
37,Female,High School,Single,23924.28,14300.0,50.0,1,16400.0
40,Male,High School,Married,13899.17,16200.0,50.0,1,18600.0
38,Male,High School,Married,48740.97,81800.0,65.0,1,85400.0
41,Male,Master,Single,21783.4,32400.0,61.0,1,40500.0
40,Male,High School,Married,28099.61,10500.0,45.0,1,11600.0
18,Female,High School,Married,157143.26,0.0,56.0,1,235700.0
43,Female,High School,Married,64152.82,78300.0,65.0,1,97900.0
28,Male,High School,Widowed,75574.14,0.0,41.0,0,0.0
23,Female,High School,Divorced,27866.69,48200.0,49.0,1,53000.0
23,Male,High School,Single,24165.19,57200.0,56.0,1,54400.0
40,Male,Master,Married,40596.6,0.0,53.0,1,60900.0
33,Male,High School,Married,77252.22,53700.0,60.0,1,67100.0
18,Male,High School,Single,11312.86,19600.0,44.0,1,21600.0
41,Female,Bachelor,Single,18771.37,11900.0,53.0,1,13700.0
20,Male,High School,Single,143787.66,216000.0,65.0,1,270000.0
37,Male,High School,Single,105433.97,254700.0,74.0,1,331100.0
38,Male,High School,Widowed,82152.27,0.0,51.0,1,123200.0
45,Female,High School,Married,76450.49,171500.0,70.0,1,191800.0
55,Female,Bachelor,Single,16081.83,17800.0,58.0,1,20500.0
20,Female,Bachelor,Married,12143.62,22500.0,56.0,1,24900.0
35,Male,High School,Single,138614.8,93400.0,64.0,1,116800.0
32,Male,Bachelor,Married,25742.33,60400.0,72.0,1,78500.0
40,Male,High School,Married,53277.85,0.0,48.0,1,79900.0
38,Male,High School,Single,55860.44,0.0,46.0,1,83800.0
32,Female,High School,Married,74453.03,85400.0,65.0,1,106800.0
31,Male,Bachelor,Married,37632.07,45600.0,67.0,1,57000.0
23,Male,High School,Single,48274.27,54300.0,59.0,1,62400.0
46,Male,Bachelor,Married,36970.62,0.0,50.0,1,55500.0
41,Male,Bachelor,Single,22795.73,49900.0,70.0,1,64900.0
46,Male,Master,Married,85724.41,185100.0,89.0,1,258100.0
32,Male,High School,Married,80039.92,83400.0,71.0,1,108400.0
28,Male,High School,Single,77597.61,42700.0,54.0,1,49100.0
24,Female,High School,Married,55764.41,71900.0,61.0,1,89900.0
39,Male,Master,Married,21850.7,6800.0,51.0,1,7800.0
24,Female,Bachelor,Married,43259.29,84200.0,63.0,1,88700.0
56,Female,Master,Single,33268.25,10200.0,53.0,1,11700.0
21,Female,Bachelor,Married,46560.97,0.0,54.0,1,69800.0
39,Male,Bachelor,Married,16136.69,10200.0,55.0,1,11700.0
53,Male,High School,Married,25541.48,56700.0,62.0,1,40100.0
42,Female,Master,Married,143342.78,358200.0,89.0,1,482400.0
37,Male,Bachelor,Divorced,44691.47,27800.0,58.0,1,32000.0
25,Male,High School,Married,39409.25,0.0,36.0,0,0.0
20,Male,High School,Married,59501.64,126000.0,66.0,1,109800.0
44,Female,Bachelor,Divorced,14729.91,15800.0,56.0,1,18200.0
52,Female,High School,Single,43725.23,0.0,38.0,1,33400.0
31,Male,Master,Married,99914.85,94000.0,79.0,1,122200.0
23,Male,High School,Single,375835.87,0.0,54.0,1,563800.0
18,Female,High School,Married,23714.27,20500.0,48.0,1,22600.0
25,Male,Bachelor,Single,31537.0,14100.0,49.0,1,15500.0
34,Male,Bachelor,Married,78545.29,182400.0,80.0,1,244700.0
53,Male,High School,Married,31086.54,70900.0,62.0,1,48800.0
43,Female,Master,Married,35135.76,76400.0,75.0,1,99300.0
39,Male,PhD,Married,33287.93,0.0,55.0,1,49900.0
31,Male,Bachelor,Married,17255.73,33600.0,60.0,1,33600.0
29,Male,Bachelor,Divorced,105384.41,0.0,56.0,1,158100.0
51,Female,Bachelor,Married,35296.11,76800.0,72.0,1,98400.0
38,Female,Bachelor,Married,44707.08,0.0,50.0,1,67100.0
18,Male,Master,Divorced,53725.1,107100.0,70.0,1,139200.0
28,Female,High School,Married,23539.83,0.0,36.0,0,0.0
26,Male,High School,Married,62630.57,108200.0,61.0,1,115600.0
29,Male,Master,Divorced,30610.33,66300.0,67.0,1,74400.0
42,Female,High School,Married,50658.17,48400.0,60.0,1,60500.0
34,Male,Bachelor,Married,70716.4,0.0,58.0,1,106100.0
35,Male,High School,Married,32064.62,52700.0,57.0,1,56200.0
50,Male,PhD,Single,20042.64,12300.0,58.0,1,14100.0
28,Female,Bachelor,Single,64033.08,46100.0,64.0,1,57600.0
56,Female,Master,Married,89354.84,222200.0,86.0,1,269100.0
28,Female,Master,Married,39936.52,81200.0,71.0,1,105600.0
36,Male,High School,Married,287239.12,157500.0,72.0,1,204800.0
32,Female,High School,Divorced,139697.53,77800.0,62.0,1,97200.0
37,Male,Bachelor,Married,20401.01,0.0,43.0,1,30600.0
40,Female,Bachelor,Single,79836.93,199200.0,78.0,1,259000.0
40,Female,High School,Married,37127.92,90800.0,62.0,1,65100.0
27,Male,Master,Single,13201.72,17700.0,57.0,1,20400.0
23,Male,High School,Married,14924.16,19000.0,46.0,1,20900.0
63,Male,Master,Married,80423.32,128400.0,81.0,1,179800.0
30,Female,Bachelor,Married,36431.7,64000.0,67.0,1,71000.0
43,Male,Bachelor,Married,88042.47,77700.0,76.0,1,101000.0
18,Male,High School,Single,84279.79,57000.0,60.0,1,71200.0
32,Male,High School,Single,64219.2,134700.0,68.0,1,137300.0
34,Male,High School,Married,116443.57,125600.0,71.0,1,163300.0
41,Female,High School,Married,50583.09,0.0,48.0,1,75900.0
18,Male,Bachelor,Married,31375.44,68600.0,68.0,1,64300.0
37,Male,Bachelor,Married,229870.11,440400.0,87.0,1,616600.0
23,Female,High School,Married,22384.24,42200.0,53.0,1,41300.0
39,Female,High School,Widowed,51219.64,88800.0,62.0,1,96300.0
24,Male,Master,Married,65385.52,79200.0,74.0,1,103000.0
26,Male,Bachelor,Married,42525.58,95800.0,68.0,1,87200.0
32,Female,High School,Single,13851.51,15300.0,48.0,1,16800.0
24,Male,Bachelor,Married,32145.76,28600.0,58.0,1,32900.0
30,Female,PhD,Married,30833.67,45900.0,72.0,1,59700.0
22,Male,Master,Married,123207.73,0.0,63.0,1,184800.0
18,Male,Master,Single,77518.75,29000.0,60.0,1,36200.0
47,Male,Bachelor,Married,33638.72,31300.0,62.0,1,39100.0
21,Male,High School,Single,63379.93,0.0,42.0,0,0.0
34,Female,Bachelor,Divorced,174899.02,357200.0,88.0,1,500100.0
44,Female,Bachelor,Single,114865.87,134900.0,79.0,1,175400.0
29,Female,High School,Single,19994.2,47300.0,49.0,1,45000.0
26,Female,High School,Married,68175.26,0.0,44.0,1,102300.0
38,Female,High School,Married,277171.55,582600.0,82.0,1,777300.0
48,Female,Bachelor,Married,47833.46,108100.0,80.0,1,133400.0
23,Female,High School,Single,368868.32,269500.0,66.0,1,336900.0
34,Male,Bachelor,Married,239545.75,494800.0,92.0,1,742200.0
18,Male,Master,Married,75571.02,54800.0,69.0,1,68500.0
31,Female,High School,Single,168703.04,0.0,58.0,1,253100.0
36,Female,PhD,Married,34331.15,33400.0,67.0,1,41800.0
26,Female,Bachelor,Married,147660.09,206000.0,77.0,1,267800.0
30,Female,High School,Married,60308.19,46100.0,60.0,1,57600.0
20,Male,High School,Married,77694.26,187600.0,66.0,1,143300.0
36,Female,High School,Married,149094.31,263200.0,71.0,1,342200.0
47,Female,High School,Married,130030.75,110700.0,66.0,1,138400.0
23,Male,Master,Married,73557.1,60400.0,69.0,1,75500.0
29,Female,Bachelor,Single,13151.92,8500.0,49.0,1,9400.0
41,Male,Master,Married,74601.92,0.0,61.0,1,111900.0
49,Female,Bachelor,Widowed,150546.74,204000.0,84.0,1,285600.0
19,Female,High School,Married,65019.95,147400.0,66.0,1,120000.0
34,Male,High School,Married,112443.61,34000.0,59.0,1,39100.0
39,Male,Bachelor,Married,162275.94,226000.0,87.0,1,316400.0
34,Male,Bachelor,Married,78935.72,108300.0,75.0,1,140800.0
18,Male,High School,Divorced,23313.11,57400.0,54.0,1,47200.0
41,Male,Master,Married,15931.22,30200.0,63.0,1,33500.0
52,Male,Bachelor,Married,49144.99,73000.0,75.0,1,94900.0
37,Female,Master,Single,29349.94,46300.0,68.0,1,57900.0
24,Male,Bachelor,Divorced,64000.76,0.0,50.0,1,96000.0
30,Male,High School,Single,52959.88,122900.0,68.0,1,113200.0
55,Female,Bachelor,Widowed,32784.75,0.0,47.0,1,49200.0
46,Female,High School,Single,18474.65,0.0,31.0,0,0.0
43,Female,Bachelor,Single,129326.89,0.0,62.0,1,194000.0
39,Female,High School,Married,55536.29,70600.0,65.0,1,88200.0
28,Male,High School,Married,31540.82,33700.0,53.0,1,38800.0
33,Male,High School,Married,71658.31,29700.0,53.0,1,34200.0
35,Male,High School,Married,87137.65,140900.0,71.0,1,183200.0
42,Female,High School,Married,15993.34,34500.0,55.0,1,28000.0
52,Male,Bachelor,Divorced,84953.83,0.0,60.0,1,127400.0
48,Female,Bachelor,Widowed,44644.79,64800.0,64.0,1,81000.0
20,Male,High School,Married,140311.66,345100.0,72.0,1,414200.0
38,Male,Bachelor,Married,103236.2,42400.0,69.0,1,53000.0
44,Male,Bachelor,Married,20503.76,19400.0,55.0,1,22300.0
42,Female,High School,Married,167612.07,0.0,60.0,1,251400.0
29,Male,Bachelor,Single,168170.45,114600.0,76.0,1,149000.0
68,Male,Bachelor,Married,43862.63,66300.0,64.0,1,67400.0
21,Male,Master,Married,13317.23,29000.0,64.0,1,29500.0
24,Male,Bachelor,Single,60004.38,66300.0,69.0,1,82900.0
38,Female,High School,Married,37803.23,12100.0,45.0,1,13300.0
59,Male,High School,Single,34969.78,57700.0,52.0,1,66400.0
26,Male,Bachelor,Married,20420.43,45800.0,61.0,1,41900.0
33,Female,High School,Married,27853.64,57000.0,62.0,1,48800.0
47,Male,Master,Single,37143.42,64300.0,68.0,1,80400.0
35,Male,High School,Married,87318.44,175200.0,76.0,1,227800.0
32,Male,High School,Married,54714.23,55200.0,65.0,1,69000.0
42,Male,High School,Married,58809.58,0.0,48.0,1,88200.0
38,Male,Bachelor,Married,63333.8,72600.0,75.0,1,94400.0
47,Female,Bachelor,Married,97838.51,38000.0,69.0,1,47500.0
50,Female,High School,Married,105918.27,89000.0,66.0,1,111200.0
39,Male,Master,Married,124388.43,173300.0,84.0,1,242600.0
39,Female,High School,Single,23711.05,0.0,38.0,0,0.0
38,Male,High School,Single,30340.83,0.0,38.0,0,0.0
41,Male,High School,Divorced,111972.76,261900.0,72.0,1,340500.0
36,Female,Master,Single,167805.95,0.0,71.0,1,251700.0
35,Male,Bachelor,Married,72382.21,154600.0,80.0,1,216400.0
49,Male,Bachelor,Married,85432.05,60300.0,76.0,1,78400.0
52,Female,High School,Single,54129.91,91000.0,63.0,1,103500.0
19,Male,Bachelor,Married,23878.12,11400.0,51.0,1,13100.0
36,Male,Bachelor,Divorced,30143.09,39100.0,63.0,1,48900.0
28,Female,High School,Single,10677.1,0.0,27.0,0,0.0
32,Female,High School,Single,84758.13,148700.0,69.0,1,181200.0
40,Female,Master,Married,53466.84,43500.0,73.0,1,56600.0
43,Male,High School,Married,25244.67,13700.0,52.0,1,15800.0
34,Male,Bachelor,Married,19453.38,21000.0,60.0,1,26200.0
18,Male,High School,Married,154116.64,0.0,56.0,1,231200.0
25,Male,Bachelor,Married,23309.99,0.0,46.0,1,35000.0
45,Male,High School,Single,292104.35,0.0,58.0,1,438200.0
18,Female,High School,Married,65198.25,0.0,44.0,0,0.0
49,Male,Bachelor,Single,14642.29,32000.0,63.0,1,31100.0
41,Male,PhD,Married,24914.1,0.0,55.0,1,37400.0
50,Male,PhD,Married,80430.84,196500.0,91.0,1,257900.0
33,Female,High School,Married,55798.01,77100.0,65.0,1,96400.0
18,Female,High School,Divorced,32539.41,61700.0,49.0,1,65900.0
40,Female,Bachelor,Divorced,42264.48,58200.0,63.0,1,72800.0
50,Male,High School,Married,29319.58,19700.0,52.0,1,22700.0
46,Male,Bachelor,Married,46607.95,0.0,58.0,1,69900.0
28,Male,Bachelor,Married,42450.05,34800.0,58.0,1,40000.0
36,Female,Bachelor,Married,67225.08,105700.0,75.0,1,137400.0
30,Male,Bachelor,Married,134735.66,287400.0,86.0,1,402400.0
26,Male,High School,Single,34682.56,21200.0,46.0,1,23300.0
46,Male,Bachelor,Widowed,12159.21,28400.0,62.0,1,22700.0
22,Male,Bachelor,Single,18578.63,25100.0,54.0,1,28900.0
26,Male,Bachelor,Married,27321.77,38500.0,63.0,1,48100.0
23,Male,High School,Married,28926.41,10700.0,41.0,1,11800.0
19,Male,High School,Married,36517.35,0.0,36.0,0,0.0
37,Male,Master,Married,78739.03,34100.0,66.0,1,42600.0
48,Male,Bachelor,Single,18767.4,17600.0,53.0,1,20200.0
33,Female,Master,Widowed,10997.79,18600.0,60.0,1,23200.0
19,Male,Bachelor,Widowed,157911.94,0.0,63.0,1,236900.0
45,Female,Master,Married,74822.64,92900.0,78.0,1,120800.0
54,Male,High School,Single,144458.64,319500.0,74.0,1,415400.0
28,Male,High School,Single,21602.49,22300.0,44.0,1,24500.0
30,Female,Bachelor,Single,14161.91,0.0,41.0,1,21200.0
41,Female,Bachelor,Married,75738.88,29700.0,63.0,1,37100.0
53,Female,Bachelor,Married,70795.53,42500.0,70.0,1,55200.0
30,Male,Bachelor,Married,124916.39,299900.0,86.0,1,389200.0
21,Male,Master,Married,80470.78,79000.0,75.0,1,102700.0
42,Male,High School,Married,63141.65,110200.0,65.0,1,110700.0
44,Male,Bachelor,Single,70135.01,170500.0,78.0,1,221600.0
36,Male,High School,Married,140456.45,0.0,54.0,1,210700.0
29,Male,High School,Married,136019.49,191700.0,67.0,1,239600.0
46,Male,High School,Widowed,32520.25,15800.0,42.0,1,17400.0
41,Female,Bachelor,Married,52550.06,98900.0,75.0,1,128600.0
27,Female,Bachelor,Married,55838.06,33000.0,66.0,1,41200.0
36,Male,PhD,Married,101115.26,63200.0,81.0,1,88500.0
21,Female,High School,Widowed,155114.21,346600.0,75.0,1,450600.0
43,Female,High School,Married,39118.78,69100.0,57.0,1,68600.0
33,Male,High School,Single,147467.61,346100.0,74.0,1,449900.0
31,Male,High School,Married,172587.88,415600.0,82.0,1,484000.0
35,Female,High School,Married,13179.57,17300.0,50.0,1,19900.0
36,Male,High School,Married,81946.08,145200.0,71.0,1,188800.0
45,Female,High School,Married,26274.17,45700.0,57.0,1,41200.0
42,Male,High School,Married,23559.92,12900.0,52.0,1,14800.0
34,Male,Bachelor,Married,45005.8,0.0,58.0,1,67500.0
44,Female,Master,Married,16967.6,9200.0,58.0,1,10600.0
40,Female,Bachelor,Married,160086.63,349500.0,92.0,1,498800.0
31,Male,Master,Married,19875.84,46600.0,68.0,1,41800.0
34,Female,Bachelor,Married,66179.45,76500.0,75.0,1,99400.0
34,Male,High School,Married,23350.57,42600.0,57.0,1,40900.0
41,Female,Bachelor,Married,46609.31,85700.0,75.0,1,111400.0
31,Female,Bachelor,Married,86280.82,35400.0,69.0,1,44200.0
31,Male,High School,Married,200446.88,132100.0,72.0,1,171700.0
57,Male,Master,Single,160619.83,361200.0,90.0,1,541800.0
46,Male,Bachelor,Married,23600.04,17400.0,62.0,1,21800.0
27,Male,High School,Widowed,53250.68,104800.0,58.0,1,105400.0
42,Male,Bachelor,Married,25745.93,41200.0,67.0,1,50100.0
37,Female,Bachelor,Married,57469.82,107500.0,75.0,1,139800.0
40,Male,Bachelor,Married,31329.49,19700.0,62.0,1,24600.0
37,Male,High School,Single,11496.71,23800.0,53.0,1,24600.0
49,Female,Bachelor,Married,88792.15,98100.0,81.0,1,137300.0
39,Male,High School,Single,10024.04,24800.0,53.0,1,21400.0
35,Male,PhD,Married,39758.72,49800.0,72.0,1,64700.0
47,Male,Bachelor,Married,137385.73,137200.0,76.0,1,178400.0
38,Male,Bachelor,Married,11026.92,0.0,43.0,1,16500.0
37,Male,High School,Single,50401.43,22900.0,51.0,1,26300.0
39,Female,High School,Married,71549.97,160200.0,70.0,1,200700.0
34,Male,High School,Married,118372.81,67300.0,66.0,1,84100.0
36,Female,Bachelor,Married,65258.52,146000.0,80.0,1,203300.0
29,Female,High School,Married,34631.35,52300.0,53.0,1,60100.0
27,Female,Bachelor,Married,141601.33,0.0,60.0,1,212400.0
25,Male,High School,Married,71217.48,147800.0,66.0,1,131400.0
20,Male,Bachelor,Married,23611.16,35200.0,63.0,1,44000.0
26,Female,High School,Married,39031.01,54000.0,53.0,1,62100.0
34,Male,High School,Single,13522.05,27300.0,53.0,1,28900.0
37,Male,Bachelor,Married,24631.91,29900.0,67.0,1,37400.0
33,Female,Bachelor,Married,49599.04,23500.0,63.0,1,29400.0
18,Female,Bachelor,Married,12844.19,21700.0,56.0,1,25000.0
53,Male,Bachelor,Married,17544.16,6600.0,48.0,1,7300.0
47,Female,Master,Single,32854.23,0.0,51.0,1,49300.0
40,Male,High School,Widowed,24462.7,34800.0,54.0,1,40000.0
56,Male,High School,Single,22744.11,22100.0,47.0,1,24300.0
25,Female,Bachelor,Single,92219.91,97700.0,75.0,1,127000.0
56,Female,Master,Married,31685.11,41200.0,67.0,1,51500.0
25,Female,Bachelor,Divorced,160932.5,222200.0,79.0,1,288900.0
38,Male,Bachelor,Single,306198.5,377800.0,85.0,1,528900.0
21,Female,High School,Married,81435.53,0.0,50.0,1,122200.0
36,Male,Bachelor,Married,13832.66,14000.0,60.0,1,17500.0
40,Male,High School,Married,25227.84,43500.0,57.0,1,44200.0
34,Female,Bachelor,Married,40469.04,48600.0,67.0,1,60800.0
43,Male,High School,Married,77752.88,77700.0,60.0,1,97100.0
37,Male,High School,Married,35549.47,81300.0,62.0,1,62300.0
30,Male,High School,Single,20653.12,14500.0,43.0,1,16000.0
29,Male,High School,Divorced,36505.64,22600.0,44.0,1,24900.0
44,Male,High School,Single,34093.76,68500.0,60.0,1,72900.0
28,Male,High School,Married,16027.72,8900.0,41.0,1,9800.0
46,Male,Bachelor,Married,36199.63,0.0,50.0,1,54300.0
49,Male,Bachelor,Single,33882.38,0.0,48.0,1,50800.0
18,Female,High School,Single,57271.56,53300.0,54.0,1,61300.0
48,Female,Bachelor,Married,43939.07,0.0,50.0,1,65900.0
58,Male,Master,Married,88112.77,64700.0,76.0,1,84100.0
38,Male,Bachelor,Married,52508.07,95400.0,75.0,1,124000.0
42,Female,Bachelor,Married,68876.77,64900.0,70.0,1,84400.0
47,Male,Bachelor,Married,80532.71,175900.0,86.0,1,224500.0
32,Male,High School,Widowed,94929.82,211400.0,73.0,1,274800.0
38,Female,High School,Married,24841.94,22700.0,52.0,1,26100.0
21,Male,High School,Married,69520.18,112100.0,61.0,1,128300.0
37,Male,High School,Married,22651.81,47200.0,62.0,1,39700.0
41,Male,Bachelor,Single,164969.26,0.0,68.0,1,247500.0
41,Male,High School,Married,20477.99,0.0,33.0,0,0.0
47,Male,Master,Single,78133.97,191300.0,81.0,1,267800.0
27,Female,Bachelor,Single,40914.29,44900.0,61.0,1,56100.0
30,Female,Bachelor,Married,75227.07,143100.0,75.0,1,186000.0
56,Male,Bachelor,Single,25262.93,0.0,45.0,0,0.0
34,Female,High School,Married,46343.45,89700.0,65.0,1,81200.0
38,Female,Bachelor,Single,166327.6,397400.0,90.0,1,596100.0
35,Male,Master,Married,18485.93,36800.0,63.0,1,38900.0
26,Male,High School,Divorced,31164.61,73300.0,54.0,1,63100.0
53,Female,High School,Married,161715.34,130700.0,72.0,1,169900.0
30,Female,High School,Single,23225.44,37200.0,55.0,1,42800.0
23,Male,Bachelor,Married,118717.72,134400.0,77.0,1,174700.0
31,Female,High School,Married,60383.24,114100.0,65.0,1,105800.0
18,Male,Bachelor,Married,11258.5,7100.0,51.0,1,8200.0
28,Male,Bachelor,Married,18900.36,0.0,39.0,0,0.0
25,Male,High School,Married,79988.71,46900.0,56.0,1,53900.0
42,Female,Bachelor,Single,142485.34,127100.0,74.0,1,165200.0
28,Male,High School,Married,31610.73,22500.0,48.0,1,24800.0
45,Male,High School,Single,35962.21,72000.0,60.0,1,68800.0
51,Male,High School,Single,377644.14,601000.0,75.0,1,781300.0
44,Female,Bachelor,Single,61098.84,68200.0,73.0,1,88700.0
33,Female,Master,Married,29687.69,22300.0,65.0,1,27900.0
37,Male,High School,Married,36322.76,75100.0,62.0,1,63700.0
19,Female,High School,Married,151527.44,338900.0,78.0,1,440600.0
34,Male,Master,Married,65598.69,142800.0,83.0,1,199900.0
26,Male,Bachelor,Married,41769.98,97500.0,68.0,1,85600.0
43,Male,High School,Married,30102.63,62500.0,62.0,1,52800.0
64,Male,Bachelor,Married,73841.28,0.0,55.0,1,110800.0
41,Male,Master,Married,37359.3,46600.0,70.0,1,60600.0
18,Female,High School,Single,58266.88,0.0,42.0,1,87400.0
32,Female,High School,Married,45848.31,14400.0,53.0,1,16600.0
37,Female,High School,Married,82197.55,175200.0,76.0,1,227800.0
36,Female,Bachelor,Married,33095.62,41700.0,67.0,1,52100.0
27,Female,High School,Married,49295.48,109400.0,66.0,1,91000.0
38,Male,Bachelor,Married,88090.19,88800.0,81.0,1,124300.0
22,Female,Bachelor,Married,28817.82,30100.0,63.0,1,37600.0
25,Female,Bachelor,Single,15693.61,0.0,37.0,0,0.0
43,Female,High School,Single,33133.54,45300.0,55.0,1,52100.0
24,Male,PhD,Single,30528.4,0.0,49.0,1,45800.0
41,Male,Bachelor,Married,51821.22,90200.0,75.0,1,117300.0
20,Female,Bachelor,Married,76693.12,0.0,54.0,1,115000.0
55,Female,PhD,Married,107593.76,0.0,69.0,1,161400.0
27,Male,Master,Single,75704.65,177200.0,77.0,1,230400.0
33,Female,Bachelor,Married,81094.86,105700.0,81.0,1,148000.0
39,Male,High School,Married,22532.04,0.0,40.0,0,0.0
29,Female,High School,Single,38831.05,62400.0,51.0,1,71800.0
37,Male,Master,Married,36674.76,81700.0,75.0,1,106200.0
42,Male,Master,Divorced,26502.78,48400.0,66.0,1,60500.0
46,Male,High School,Married,72908.69,78600.0,65.0,1,98200.0
44,Male,Bachelor,Married,63934.72,0.0,58.0,1,95900.0
34,Male,Bachelor,Married,11015.1,24900.0,65.0,1,21500.0
34,Female,High School,Married,68565.97,144600.0,70.0,1,188000.0
61,Female,Bachelor,Single,88797.84,35900.0,64.0,1,44900.0
46,Male,High School,Married,36922.63,16400.0,45.0,1,18000.0
25,Female,Bachelor,Married,29602.53,0.0,46.0,1,44400.0
37,Male,High School,Married,70357.57,173000.0,70.0,1,197300.0
32,Male,Bachelor,Single,78201.06,0.0,56.0,1,117300.0
34,Male,High School,Married,52030.89,65500.0,65.0,1,81900.0
22,Male,High School,Married,34163.06,54000.0,53.0,1,62100.0
31,Female,High School,Married,135617.84,176400.0,71.0,1,229300.0
55,Male,Bachelor,Married,30660.84,0.0,50.0,1,46000.0
42,Female,High School,Married,157235.9,143900.0,72.0,1,187100.0
18,Female,Bachelor,Married,140850.97,134900.0,72.0,1,175400.0
49,Female,High School,Married,76450.32,123700.0,65.0,1,119900.0
47,Female,Bachelor,Married,71818.26,152900.0,80.0,1,200200.0
32,Female,Bachelor,Widowed,160284.58,66200.0,72.0,1,86100.0
43,Male,High School,Single,73526.9,0.0,46.0,1,110300.0
26,Male,High School,Married,75498.36,110700.0,61.0,1,138400.0
30,Male,High School,Married,110294.83,266300.0,76.0,1,309300.0
52,Female,Bachelor,Married,166128.18,0.0,70.0,1,249200.0
33,Male,Bachelor,Married,25573.59,29700.0,67.0,1,37100.0
18,Female,High School,Divorced,254759.59,0.0,52.0,1,382100.0
35,Male,Bachelor,Single,375669.29,655000.0,85.0,1,917000.0
35,Male,High School,Married,24497.47,43500.0,57.0,1,42900.0
49,Male,High School,Married,84000.55,193000.0,76.0,1,210800.0
36,Female,Bachelor,Married,15704.38,24800.0,60.0,1,30600.0
31,Male,High School,Single,26222.49,0.0,38.0,0,0.0
47,Male,Bachelor,Widowed,78173.71,134000.0,72.0,1,174200.0
37,Male,Master,Single,57774.68,47200.0,71.0,1,61400.0
27,Male,High School,Married,75505.91,42000.0,56.0,1,48300.0
48,Male,Bachelor,Married,80590.3,132100.0,81.0,1,184900.0
38,Male,Master,Married,70619.8,64900.0,73.0,1,84400.0
36,Male,High School,Single,40077.97,67400.0,55.0,1,77500.0
37,Male,High School,Single,87077.08,0.0,52.0,1,130600.0
24,Female,High School,Single,69768.08,0.0,42.0,0,0.0
30,Female,Bachelor,Married,11828.42,5100.0,48.0,1,5600.0
36,Male,Bachelor,Married,38320.84,18600.0,55.0,1,21400.0
33,Male,Bachelor,Married,31431.69,76400.0,72.0,1,97900.0
49,Male,Bachelor,Married,137817.25,68400.0,69.0,1,85500.0
38,Female,Bachelor,Single,36416.75,0.0,48.0,1,54600.0
45,Male,High School,Widowed,38502.33,94200.0,59.0,1,64800.0
36,Male,Master,Single,73790.67,0.0,59.0,1,110700.0
47,Male,High School,Married,231231.46,342500.0,77.0,1,445200.0
40,Male,High School,Married,39207.82,0.0,40.0,1,58800.0
36,Male,Master,Single,40568.87,15500.0,56.0,1,17800.0
35,Female,Master,Single,22866.49,32900.0,68.0,1,41100.0
25,Male,Bachelor,Married,13697.72,16800.0,56.0,1,19300.0
41,Female,High School,Married,44489.36,63100.0,57.0,1,72600.0
35,Male,Bachelor,Married,12132.73,18300.0,60.0,1,22900.0
30,Female,Bachelor,Married,53226.91,99800.0,75.0,1,129700.0
48,Male,Bachelor,Widowed,310091.39,177900.0,79.0,1,231300.0
22,Male,PhD,Single,60217.28,149700.0,79.0,1,194600.0
31,Female,High School,Single,74570.45,67900.0,58.0,1,78100.0
47,Female,Bachelor,Married,56819.03,139500.0,80.0,1,158400.0
39,Male,Bachelor,Single,64170.03,116000.0,73.0,1,150800.0
35,Male,High School,Married,44963.95,81100.0,57.0,1,78800.0
38,Male,High School,Married,30589.14,71200.0,62.0,1,53600.0
37,Female,High School,Married,48877.46,109900.0,70.0,1,137100.0
19,Male,Bachelor,Married,78409.63,62700.0,66.0,1,78400.0
32,Male,High School,Married,142971.87,262100.0,71.0,1,340700.0
53,Male,High School,Single,65006.06,0.0,46.0,1,97500.0
28,Male,High School,Married,85892.44,0.0,50.0,1,128800.0
32,Male,High School,Married,11759.53,3900.0,38.0,0,3900.0
30,Female,High School,Married,67037.98,0.0,48.0,1,100600.0
35,Male,High School,Single,222192.86,113300.0,70.0,1,147300.0
29,Female,Master,Married,48757.26,43500.0,69.0,1,54400.0
41,Male,High School,Widowed,64905.92,21000.0,50.0,1,24100.0
38,Female,Bachelor,Married,388416.34,459100.0,87.0,1,642700.0
44,Female,Bachelor,Single,38607.54,90200.0,70.0,1,117300.0
24,Male,Bachelor,Married,111105.95,0.0,60.0,1,166700.0
32,Female,High School,Single,32640.33,0.0,38.0,0,0.0
33,Male,Master,Married,40341.39,75400.0,70.0,1,98000.0
41,Male,Bachelor,Married,53793.61,102300.0,75.0,1,133000.0
27,Male,High School,Married,26685.02,53700.0,58.0,1,49200.0
46,Male,High School,Single,219826.69,383900.0,75.0,1,499100.0
49,Female,High School,Married,35971.19,16100.0,45.0,1,17700.0
25,Female,High School,Single,10347.41,18000.0,44.0,1,19800.0
30,Male,Bachelor,Married,35515.29,27500.0,62.0,1,34400.0
30,Female,High School,Single,164283.28,263700.0,75.0,1,342800.0
64,Female,Bachelor,Single,40001.0,71700.0,62.0,1,75000.0
31,Male,Master,Married,75007.41,40000.0,73.0,1,52000.0
54,Male,High School,Married,109754.31,145600.0,71.0,1,189300.0
22,Male,High School,Married,40777.6,33100.0,48.0,1,36400.0
25,Female,Bachelor,Married,21489.58,44600.0,61.0,1,44100.0
28,Male,Bachelor,Single,12205.39,28700.0,59.0,1,30500.0
26,Male,High School,Married,42937.55,0.0,36.0,0,0.0
33,Female,Bachelor,Married,20235.87,30800.0,60.0,1,38500.0
28,Female,Master,Widowed,89067.61,42200.0,65.0,1,52800.0
26,Male,Bachelor,Single,118734.82,137300.0,75.0,1,178500.0
48,Female,High School,Single,87033.22,0.0,52.0,1,130500.0
49,Female,Bachelor,Single,53078.31,98200.0,73.0,1,127700.0
46,Male,Bachelor,Married,105765.92,254900.0,86.0,1,294900.0
41,Female,High School,Married,11283.86,23400.0,55.0,1,19800.0
37,Male,High School,Married,64249.74,74100.0,65.0,1,92600.0
30,Male,Bachelor,Married,10146.19,17900.0,60.0,1,19800.0
25,Male,High School,Divorced,62160.48,0.0,40.0,1,93200.0
39,Male,High School,Single,73166.68,28500.0,51.0,1,32800.0
23,Male,Master,Single,23800.01,21700.0,59.0,1,25000.0
25,Male,Master,Married,163662.74,77600.0,74.0,1,100900.0
48,Female,Bachelor,Married,28732.56,0.0,50.0,1,43100.0
56,Female,High School,Married,47090.5,101400.0,67.0,1,73800.0
40,Male,High School,Married,61857.53,68000.0,65.0,1,85000.0
48,Male,Bachelor,Married,25184.04,0.0,50.0,1,37800.0
33,Female,Bachelor,Divorced,19543.36,18500.0,51.0,1,21300.0
21,Male,Bachelor,Divorced,60030.33,92400.0,67.0,1,115500.0
42,Male,High School,Single,11404.18,6600.0,43.0,0,6600.0
42,Male,Bachelor,Married,130829.39,0.0,64.0,1,196200.0
36,Female,Master,Married,32395.46,15500.0,58.0,1,17800.0
33,Female,High School,Married,13307.31,8200.0,45.0,1,9000.0
46,Female,High School,Single,29520.92,63700.0,60.0,1,56500.0
25,Male,Bachelor,Married,79597.75,55400.0,66.0,1,69200.0
27,Female,Bachelor,Widowed,36690.66,50000.0,60.0,1,62500.0
24,Male,High School,Single,12575.89,23100.0,44.0,1,25400.0
36,Male,Master,Married,21378.21,15300.0,58.0,1,17600.0
24,Male,High School,Single,58712.59,75600.0,59.0,1,86900.0
28,Female,Master,Married,138009.54,106400.0,75.0,1,138300.0
28,Male,High School,Married,16853.45,39000.0,51.0,1,31100.0
33,Male,High School,Married,26914.32,10300.0,45.0,1,11300.0
19,Female,Bachelor,Married,13494.7,21500.0,56.0,1,24700.0
36,Female,Master,Widowed,133262.44,0.0,64.0,1,199900.0
49,Female,PhD,Married,27895.4,56600.0,77.0,1,73600.0
37,Male,High School,Married,117506.56,0.0,54.0,1,176300.0
52,Female,Bachelor,Married,72591.74,0.0,58.0,1,108900.0
50,Female,High School,Single,156037.9,68100.0,63.0,1,85100.0
44,Female,High School,Single,356215.72,0.0,58.0,1,534300.0
36,Male,High School,Married,24799.56,28400.0,57.0,1,32700.0
36,Male,High School,Married,78164.89,36300.0,53.0,1,41700.0
44,Male,Master,Married,87136.46,0.0,67.0,1,130700.0
31,Male,High School,Widowed,16968.8,36600.0,52.0,1,31900.0
18,Male,Bachelor,Single,35907.65,47700.0,61.0,1,59600.0
41,Male,Bachelor,Single,175979.12,417600.0,90.0,1,626400.0
23,Male,High School,Married,168248.9,108400.0,68.0,1,135500.0
25,Female,PhD,Married,140190.23,0.0,65.0,1,210300.0
36,Male,High School,Married,348486.9,690300.0,77.0,1,897400.0
34,Male,Master,Single,53140.46,106700.0,81.0,1,149400.0
20,Female,Master,Divorced,31501.62,62200.0,62.0,1,76500.0
37,Male,Master,Single,77193.42,51600.0,71.0,1,67100.0
46,Male,Bachelor,Single,28637.4,36700.0,65.0,1,45900.0
23,Male,High School,Single,32439.65,0.0,34.0,0,0.0
49,Female,High School,Married,52772.76,82000.0,65.0,1,82800.0
18,Female,Bachelor,Married,85401.14,0.0,60.0,1,128100.0
59,Female,High School,Single,85305.08,28300.0,54.0,1,32500.0
31,Female,Master,Single,33002.26,54000.0,68.0,1,67500.0
37,Male,Bachelor,Married,107280.46,243300.0,86.0,1,334300.0
18,Female,High School,Widowed,37621.86,0.0,33.0,0,0.0
35,Female,High School,Single,54609.07,135900.0,68.0,1,116700.0
38,Female,High School,Married,12743.14,9700.0,45.0,1,10700.0
35,Female,Bachelor,Married,88742.09,138000.0,81.0,1,193200.0
29,Male,High School,Married,11194.5,15200.0,46.0,1,16700.0
25,Male,Bachelor,Married,30722.56,0.0,46.0,1,46100.0
48,Female,Bachelor,Single,139938.72,0.0,62.0,1,209900.0
36,Female,High School,Married,99701.1,0.0,54.0,1,149600.0
52,Female,Bachelor,Single,46752.44,112700.0,78.0,1,146500.0
30,Female,Bachelor,Married,34473.77,53400.0,67.0,1,66800.0
31,Female,Bachelor,Single,50155.17,19900.0,61.0,1,24900.0
44,Female,Master,Single,27776.89,35400.0,68.0,1,44200.0
18,Male,High School,Married,67377.29,94600.0,61.0,1,118200.0
22,Male,High School,Divorced,29992.45,11200.0,37.0,0,11200.0
48,Female,Master,Married,38342.78,69100.0,70.0,1,89800.0
23,Male,High School,Single,88310.44,120400.0,65.0,1,150500.0
18,Female,High School,Single,19038.31,0.0,27.0,0,0.0
56,Female,Bachelor,Single,89999.64,93400.0,76.0,1,121400.0
20,Female,Bachelor,Single,30944.99,43400.0,61.0,1,54200.0
38,Male,High School,Married,58735.74,130400.0,70.0,1,164700.0
36,Male,Bachelor,Married,26889.46,35400.0,67.0,1,44200.0
18,Female,High School,Married,84819.51,194100.0,72.0,1,250400.0
33,Male,Bachelor,Divorced,30968.52,60800.0,63.0,1,66200.0
40,Female,Bachelor,Married,38351.67,66000.0,67.0,1,74700.0
39,Female,Bachelor,Married,18097.32,30200.0,60.0,1,35200.0
45,Male,Bachelor,Married,47568.36,90600.0,75.0,1,117800.0
31,Female,High School,Married,20555.75,26200.0,50.0,1,30100.0
43,Male,High School,Divorced,33190.31,40800.0,53.0,1,46900.0
28,Male,High School,Divorced,27141.61,21200.0,44.0,1,23300.0
20,Male,High School,Married,44519.0,68000.0,53.0,1,78200.0
21,Female,Bachelor,Single,39322.6,0.0,44.0,0,0.0
19,Male,Bachelor,Single,36184.88,0.0,44.0,1,54300.0
47,Male,High School,Divorced,44732.65,0.0,36.0,0,0.0
19,Male,Master,Married,79046.4,56100.0,69.0,1,70100.0
39,Male,Bachelor,Married,11453.73,5000.0,48.0,1,5500.0
33,Male,High School,Married,44796.38,103700.0,62.0,1,78500.0
34,Male,High School,Married,71892.05,165400.0,70.0,1,201600.0
50,Female,Bachelor,Single,58474.59,37200.0,68.0,1,46500.0
31,Male,High School,Married,40802.97,85500.0,62.0,1,71500.0
42,Female,Master,Married,47156.39,55300.0,78.0,1,71900.0
36,Male,Bachelor,Married,74446.49,116600.0,75.0,1,151600.0
34,Female,Master,Married,52167.29,0.0,61.0,1,78300.0
61,Male,High School,Married,24013.48,44000.0,54.0,1,33200.0
20,Female,Bachelor,Single,257876.49,421500.0,81.0,1,590100.0
50,Female,Master,Single,61036.36,53200.0,71.0,1,69200.0
43,Female,High School,Married,35812.11,40700.0,57.0,1,46800.0
30,Female,High School,Single,35005.0,38500.0,55.0,1,44300.0
53,Male,Bachelor,Married,75957.66,178300.0,80.0,1,211800.0
18,Female,PhD,Divorced,26004.48,10300.0,52.0,1,11800.0
30,Male,Bachelor,Married,20450.36,0.0,43.0,1,30700.0
22,Female,Bachelor,Divorced,20304.09,26000.0,52.0,1,29900.0
40,Female,Bachelor,Married,26974.27,51700.0,67.0,1,52500.0
23,Female,High School,Married,32892.2,32000.0,48.0,1,35200.0
40,Male,High School,Single,66960.69,34700.0,58.0,1,39900.0
33,Male,High School,Single,86455.7,0.0,52.0,1,129700.0
30,Male,High School,Widowed,85752.85,45400.0,63.0,1,56800.0
40,Male,Bachelor,Single,23551.75,49200.0,70.0,1,64000.0
33,Male,Bachelor,Single,88111.35,0.0,62.0,1,132200.0
24,Male,PhD,Married,96170.59,172700.0,82.0,1,241800.0
66,Female,High School,Married,16594.86,14700.0,42.0,0,14700.0
30,Male,High School,Widowed,59021.69,0.0,45.0,1,88500.0
18,Female,Bachelor,Single,62570.87,0.0,52.0,1,93900.0
26,Male,High School,Single,73202.26,0.0,42.0,1,109800.0
22,Female,High School,Married,35427.76,74500.0,58.0,1,65400.0
45,Female,High School,Married,25852.24,40700.0,57.0,1,40500.0
39,Female,High School,Single,44304.98,34100.0,50.0,1,39200.0
40,Male,PhD,Single,22659.97,48500.0,75.0,1,63000.0
31,Male,Bachelor,Married,255543.2,203000.0,82.0,1,284200.0
32,Female,Master,Married,40431.72,90400.0,75.0,1,117500.0
31,Male,Master,Single,166584.27,181000.0,88.0,1,253400.0
35,Female,High School,Divorced,80878.06,148900.0,67.0,1,155600.0
45,Male,Bachelor,Single,30567.47,58300.0,65.0,1,65000.0
39,Male,High School,Married,328147.98,0.0,60.0,1,492200.0
41,Female,High School,Divorced,158786.97,340300.0,78.0,1,442400.0
41,Male,Master,Married,71007.92,0.0,61.0,1,106500.0
45,Male,High School,Married,37617.41,81900.0,62.0,1,59000.0
39,Male,High School,Single,16643.5,0.0,31.0,0,0.0
39,Female,High School,Married,47472.73,18600.0,53.0,1,21400.0
49,Male,High School,Single,28285.57,0.0,38.0,1,21600.0
28,Female,High School,Married,76619.3,160900.0,66.0,1,141400.0
26,Male,High School,Married,12898.41,11400.0,41.0,1,12500.0
22,Female,High School,Single,130991.9,0.0,48.0,1,196500.0
38,Female,Master,Widowed,34296.1,44300.0,67.0,1,55400.0
18,Male,High School,Married,75193.69,73900.0,56.0,1,85000.0
41,Male,High School,Single,27960.32,63100.0,60.0,1,59800.0
34,Male,High School,Married,143569.36,194700.0,71.0,1,253100.0
48,Female,Bachelor,Married,35719.72,0.0,50.0,1,53600.0
28,Male,Bachelor,Married,166052.15,219200.0,83.0,1,306900.0
33,Male,Master,Single,34697.1,33700.0,63.0,1,42100.0
48,Male,Bachelor,Widowed,13540.92,31500.0,62.0,1,25300.0
51,Male,High School,Single,68521.64,40900.0,58.0,1,47000.0
28,Male,High School,Single,203600.86,321100.0,71.0,1,417400.0
37,Female,Bachelor,Married,72348.69,53000.0,70.0,1,68900.0
39,Female,Bachelor,Single,86225.89,47800.0,74.0,1,62100.0
40,Male,High School,Married,34185.64,17400.0,52.0,1,20000.0
33,Female,Bachelor,Single,28719.87,57100.0,65.0,1,68200.0
50,Female,Master,Widowed,31327.1,27400.0,62.0,1,34200.0
18,Female,Bachelor,Married,20822.3,32300.0,56.0,1,37100.0
31,Male,Bachelor,Married,40700.54,56300.0,67.0,1,70400.0
40,Male,Bachelor,Married,81142.89,179400.0,86.0,1,251200.0
41,Female,High School,Married,16768.96,33300.0,50.0,1,29400.0
50,Female,High School,Married,62838.58,114900.0,65.0,1,98500.0
49,Male,High School,Widowed,11589.21,26500.0,52.0,1,19500.0
32,Male,High School,Single,44439.12,0.0,38.0,0,0.0
50,Male,Master,Married,53059.64,110800.0,83.0,1,155100.0
28,Male,High School,Widowed,112690.67,245500.0,69.0,1,223100.0
46,Male,Bachelor,Married,79391.77,164100.0,80.0,1,221300.0
55,Male,Bachelor,Married,30067.29,34000.0,67.0,1,42500.0
49,Male,Bachelor,Married,35428.98,0.0,50.0,1,53100.0
37,Female,Bachelor,Divorced,39517.75,0.0,46.0,1,59300.0
32,Male,Bachelor,Single,34790.79,0.0,48.0,1,52200.0
19,Female,High School,Divorced,15888.63,11900.0,37.0,0,11900.0
39,Female,Master,Single,47281.61,86300.0,76.0,1,112200.0
23,Male,High School,Married,33216.12,32200.0,48.0,1,35400.0
27,Male,High School,Single,15460.32,13600.0,39.0,0,13600.0
22,Female,Bachelor,Single,42251.78,0.0,44.0,1,63400.0
30,Male,High School,Married,65132.68,56300.0,60.0,1,70400.0
35,Female,High School,Married,36488.68,36500.0,57.0,1,42000.0
39,Female,PhD,Married,39795.87,0.0,55.0,1,59700.0
29,Female,Bachelor,Married,66047.17,117600.0,71.0,1,152900.0
47,Female,Master,Married,56738.49,133000.0,83.0,1,170800.0
33,Female,High School,Single,42560.93,87600.0,60.0,1,91000.0
27,Male,High School,Single,85298.31,89700.0,65.0,1,112100.0
38,Female,Bachelor,Married,85492.6,112900.0,81.0,1,158100.0
57,Male,Bachelor,Single,57274.9,88700.0,70.0,1,115300.0
39,Male,Bachelor,Married,13785.51,16200.0,60.0,1,20200.0
32,Male,Master,Married,43132.32,106400.0,75.0,1,138300.0
19,Female,PhD,Married,50660.25,19000.0,64.0,1,23800.0
33,Male,Bachelor,Married,37085.27,63800.0,67.0,1,72200.0
38,Female,High School,Married,28723.31,47500.0,57.0,1,50300.0
31,Male,Bachelor,Single,77458.8,182200.0,78.0,1,236900.0
18,Female,PhD,Divorced,41174.29,0.0,47.0,1,61800.0
26,Male,High School,Married,31386.65,72900.0,58.0,1,57900.0
51,Male,Bachelor,Married,51802.1,128300.0,80.0,1,144400.0
51,Male,Bachelor,Single,77950.62,79500.0,73.0,1,103400.0
26,Male,High School,Married,47507.75,65400.0,61.0,1,81800.0
43,Male,Bachelor,Married,91349.33,65000.0,76.0,1,84500.0
23,Female,High School,Single,20526.28,42900.0,49.0,1,46200.0
51,Male,Master,Married,81756.34,127600.0,84.0,1,178600.0
38,Female,Bachelor,Married,71187.98,0.0,58.0,1,106800.0
46,Male,Bachelor,Single,149883.75,0.0,62.0,1,224800.0
18,Male,High School,Married,43909.89,0.0,36.0,0,0.0
43,Male,High School,Single,47824.49,22200.0,51.0,1,25500.0
35,Male,Master,Single,109493.41,204900.0,82.0,1,286900.0
45,Female,High School,Married,155628.23,172700.0,77.0,1,224500.0
46,Female,High School,Married,28072.82,54600.0,57.0,1,44000.0
36,Male,High School,Single,108653.64,0.0,52.0,1,163000.0
29,Female,Bachelor,Married,64899.14,46900.0,66.0,1,58600.0
44,Male,High School,Married,38645.05,21300.0,52.0,1,24500.0
35,Female,Bachelor,Married,226314.87,529600.0,92.0,1,705200.0
26,Female,Bachelor,Widowed,15154.54,26500.0,53.0,1,30500.0
25,Female,Bachelor,Married,33932.79,55300.0,63.0,1,69100.0
19,Male,Master,Married,25961.17,0.0,49.0,1,38900.0
30,Male,High School,Married,132910.92,145200.0,71.0,1,188800.0
48,Male,Bachelor,Single,20390.51,10700.0,53.0,1,12300.0
37,Female,High School,Divorced,78572.94,175400.0,66.0,1,151200.0
30,Female,Master,Married,67655.14,157700.0,83.0,1,220800.0
44,Male,Master,Married,24881.49,33100.0,70.0,1,43000.0
26,Female,High School,Single,10280.28,12700.0,44.0,1,14000.0
37,Female,High School,Married,10806.91,8500.0,45.0,1,9400.0
34,Male,High School,Single,39254.98,12500.0,43.0,1,13800.0
44,Female,Master,Single,153393.54,282600.0,88.0,1,395600.0
18,Male,Bachelor,Married,157145.77,0.0,66.0,1,235700.0
26,Male,Master,Divorced,117648.96,281200.0,81.0,1,393700.0
18,Male,High School,Single,24068.29,0.0,34.0,0,0.0
33,Male,Bachelor,Single,77144.94,80300.0,73.0,1,104400.0
49,Female,Bachelor,Single,173021.95,426900.0,90.0,1,588300.0
30,Male,Master,Widowed,130697.24,217800.0,81.0,1,304900.0
30,Male,High School,Married,19171.77,20600.0,50.0,1,23700.0
45,Male,High School,Married,38745.69,0.0,40.0,1,58100.0
47,Male,Master,Married,166832.24,0.0,73.0,1,250200.0
35,Female,High School,Married,46277.09,107800.0,70.0,1,129800.0
43,Female,Bachelor,Single,175977.45,208200.0,85.0,1,291500.0
24,Male,Bachelor,Single,83941.06,0.0,58.0,1,125900.0
51,Female,High School,Married,42159.05,45200.0,57.0,1,52000.0
59,Female,High School,Married,89835.88,213300.0,73.0,1,225400.0
41,Male,Bachelor,Single,73776.44,153600.0,78.0,1,199700.0
18,Female,High School,Married,23878.49,24300.0,53.0,1,27900.0
29,Female,High School,Single,40924.32,0.0,34.0,0,0.0
42,Female,Bachelor,Married,25102.13,0.0,50.0,1,37700.0
31,Female,PhD,Single,78205.22,151500.0,78.0,1,197000.0
49,Female,Bachelor,Married,64081.1,0.0,58.0,1,96100.0
42,Male,Master,Married,45297.6,76100.0,78.0,1,98900.0
28,Female,Master,Married,15229.35,6600.0,47.0,1,7300.0
36,Female,Bachelor,Married,161699.78,0.0,70.0,1,242500.0
26,Male,PhD,Married,48932.95,98400.0,81.0,1,137800.0
33,Female,Bachelor,Married,10026.54,15600.0,60.0,1,19500.0
29,Female,Bachelor,Single,15433.15,28200.0,54.0,1,32400.0
48,Male,Bachelor,Divorced,45067.36,36500.0,66.0,1,45600.0
59,Female,Master,Single,43499.0,101700.0,70.0,1,132200.0
20,Male,Bachelor,Married,40971.83,31600.0,58.0,1,36300.0
18,Female,Bachelor,Divorced,146710.56,0.0,56.0,1,220100.0
33,Male,High School,Married,22398.31,30100.0,57.0,1,34600.0
19,Female,Master,Single,70642.01,106800.0,72.0,1,138800.0
36,Male,High School,Single,75198.89,0.0,46.0,1,112800.0
44,Female,High School,Married,35511.26,24800.0,52.0,1,28500.0
52,Female,Bachelor,Married,43778.5,0.0,50.0,1,65700.0
38,Male,High School,Married,164820.95,60200.0,65.0,1,75200.0
33,Female,High School,Married,30397.13,17200.0,52.0,1,19800.0
18,Male,High School,Divorced,76265.94,84000.0,57.0,1,96600.0
36,Female,High School,Married,131503.16,215300.0,71.0,1,279900.0
36,Female,High School,Married,21140.18,22700.0,50.0,1,26100.0
43,Female,Bachelor,Single,72815.69,33600.0,61.0,1,42000.0
28,Female,Master,Married,71193.15,146800.0,79.0,1,190800.0
31,Male,High School,Single,33516.04,21700.0,50.0,1,25000.0
19,Male,Bachelor,Married,61998.25,0.0,54.0,1,93000.0
18,Female,Bachelor,Divorced,25405.35,0.0,42.0,1,38100.0
23,Male,High School,Married,28300.43,0.0,36.0,0,0.0
18,Male,Bachelor,Married,59962.54,0.0,54.0,1,89900.0
39,Male,High School,Single,51930.8,43900.0,58.0,1,50500.0
30,Male,Bachelor,Single,19752.56,0.0,41.0,1,29600.0
30,Male,High School,Single,180488.03,163700.0,70.0,1,212800.0
25,Female,PhD,Single,172419.44,97500.0,81.0,1,136500.0
18,Female,High School,Single,24950.5,0.0,34.0,0,0.0
52,Female,Bachelor,Single,94587.21,184300.0,79.0,1,239600.0
24,Male,High School,Single,44889.31,0.0,34.0,0,0.0
31,Male,Bachelor,Single,89990.82,93600.0,79.0,1,121700.0
19,Male,High School,Married,53629.09,132600.0,66.0,1,98900.0
46,Female,High School,Married,25077.33,9400.0,45.0,1,10300.0
37,Male,High School,Divorced,53899.86,81700.0,61.0,1,102100.0
26,Male,High School,Married,68009.56,120500.0,61.0,1,125500.0
31,Male,Bachelor,Married,59453.28,73200.0,75.0,1,95200.0
54,Female,High School,Single,60136.49,0.0,46.0,1,90200.0
35,Female,Bachelor,Single,81430.65,0.0,62.0,1,122100.0
34,Male,Bachelor,Married,170117.51,405000.0,92.0,1,530100.0
25,Male,High School,Single,88642.39,203100.0,70.0,1,264000.0
18,Female,High School,Married,68163.23,46700.0,56.0,1,53700.0
34,Male,Master,Married,56076.14,24000.0,66.0,1,30000.0
39,Female,Bachelor,Married,16659.02,11300.0,55.0,1,13000.0
48,Female,High School,Married,20452.61,45700.0,55.0,1,32100.0
18,Female,Bachelor,Married,186800.57,0.0,66.0,1,280200.0
23,Female,Bachelor,Married,42958.59,28200.0,58.0,1,32400.0
29,Female,High School,Married,27210.59,50500.0,53.0,1,50200.0
35,Female,Bachelor,Married,58972.69,123900.0,80.0,1,173500.0
34,Male,High School,Single,122764.84,0.0,52.0,1,184100.0
34,Male,High School,Single,172238.52,125800.0,70.0,1,163500.0
40,Female,High School,Married,105839.72,219800.0,76.0,1,285700.0
26,Male,Bachelor,Single,229062.5,256400.0,81.0,1,359000.0
46,Female,Bachelor,Married,18773.23,33500.0,60.0,1,32700.0
40,Male,High School,Single,43497.82,36700.0,50.0,1,42200.0
32,Female,High School,Single,99426.13,151000.0,69.0,1,188800.0
53,Female,Bachelor,Married,68501.19,71300.0,75.0,1,92700.0
53,Female,High School,Married,172301.46,140200.0,72.0,1,182300.0
46,Male,Bachelor,Married,20633.08,0.0,43.0,0,0.0
18,Female,High School,Single,87680.61,193600.0,70.0,1,251700.0
53,Male,Bachelor,Married,171189.44,380700.0,92.0,1,477300.0
44,Male,High School,Married,29238.17,37100.0,57.0,1,42700.0
58,Male,Bachelor,Married,108721.01,249900.0,83.0,1,303100.0
49,Female,High School,Married,20817.7,30100.0,50.0,1,32600.0
53,Male,Bachelor,Married,18543.46,0.0,43.0,1,27800.0
45,Female,Bachelor,Single,62033.5,122200.0,73.0,1,158900.0
50,Female,High School,Single,18555.23,16800.0,43.0,1,18500.0
57,Female,Bachelor,Widowed,29065.41,34700.0,61.0,1,43400.0
38,Female,High School,Single,35370.92,72700.0,60.0,1,75600.0
18,Male,High School,Single,55500.01,0.0,42.0,1,83300.0
32,Female,Master,Married,34920.06,20300.0,65.0,1,25400.0
40,Female,High School,Married,173084.51,415200.0,82.0,1,485400.0
36,Male,High School,Married,159429.54,52200.0,65.0,1,65200.0
22,Male,High School,Single,74522.94,62600.0,54.0,1,72000.0
18,Male,Bachelor,Single,56070.6,0.0,52.0,1,84100.0
27,Male,Master,Married,23457.47,0.0,49.0,1,35200.0
44,Male,High School,Single,76975.64,137700.0,63.0,1,164500.0
53,Female,Bachelor,Married,16913.17,0.0,43.0,1,25400.0
46,Female,High School,Married,54567.2,116300.0,70.0,1,136900.0
47,Male,High School,Divorced,87064.23,168900.0,67.0,1,149900.0
35,Female,Bachelor,Married,69840.86,171600.0,80.0,1,217600.0
18,Male,Bachelor,Married,141467.28,185800.0,77.0,1,241500.0
30,Male,High School,Married,28871.49,25800.0,52.0,1,29700.0
33,Female,Master,Divorced,20552.62,6400.0,47.0,1,7000.0
30,Female,High School,Married,20696.69,21200.0,50.0,1,24400.0
36,Male,High School,Married,154363.22,326900.0,82.0,1,432900.0
40,Male,PhD,Single,49467.37,0.0,61.0,1,74200.0
45,Male,Bachelor,Single,23940.87,43600.0,65.0,1,50900.0
32,Male,Bachelor,Married,15632.56,6200.0,48.0,1,6800.0
18,Female,Bachelor,Married,51394.91,69200.0,71.0,1,90000.0
30,Female,High School,Married,13983.04,17200.0,50.0,1,19800.0
36,Female,Bachelor,Married,25940.9,61200.0,72.0,1,79600.0
49,Male,High School,Single,58955.19,59200.0,63.0,1,74000.0
29,Female,Bachelor,Single,43687.0,64500.0,61.0,1,80600.0
41,Male,Bachelor,Married,39327.38,65500.0,67.0,1,76600.0
39,Female,Master,Married,11659.67,10900.0,58.0,1,12500.0
36,Male,Bachelor,Married,75101.2,63500.0,70.0,1,82600.0
46,Female,High School,Married,22701.65,21100.0,52.0,1,24300.0
28,Female,Bachelor,Married,178526.24,104000.0,78.0,1,135200.0
29,Female,High School,Married,68926.28,38200.0,56.0,1,43900.0
35,Male,Bachelor,Married,67743.6,0.0,58.0,1,101600.0
28,Female,Bachelor,Married,55815.08,0.0,54.0,1,83700.0
41,Female,High School,Married,32530.17,23600.0,52.0,1,27100.0
28,Female,PhD,Single,295772.95,199700.0,81.0,1,279600.0
38,Male,Master,Single,324803.52,0.0,71.0,1,487200.0
34,Male,Master,Married,23055.97,14100.0,65.0,1,17600.0
38,Male,High School,Married,60397.88,124100.0,70.0,1,161300.0
30,Male,Bachelor,Single,14643.97,12200.0,53.0,1,14000.0
32,Female,Master,Married,51711.76,40400.0,73.0,1,52500.0
37,Female,Bachelor,Married,27515.07,16100.0,62.0,1,20100.0
38,Male,High School,Single,27443.47,50500.0,55.0,1,58100.0
35,Female,Bachelor,Single,81466.91,49800.0,74.0,1,64700.0
54,Male,Master,Single,37806.12,16000.0,56.0,1,18400.0
25,Male,Bachelor,Single,21072.98,0.0,37.0,0,0.0
35,Male,High School,Married,58945.26,91400.0,65.0,1,103300.0
18,Female,High School,Single,42278.22,77700.0,51.0,1,89400.0
40,Female,Bachelor,Divorced,41867.44,93500.0,68.0,1,89500.0
23,Male,Bachelor,Single,32303.05,9900.0,49.0,1,10900.0
32,Female,Bachelor,Single,146675.54,303400.0,84.0,1,424800.0
31,Male,High School,Married,35752.92,65000.0,57.0,1,62700.0
39,Male,High School,Single,117704.54,121500.0,69.0,1,151900.0
29,Male,High School,Single,28027.64,0.0,34.0,0,0.0
29,Male,High School,Married,25886.07,0.0,36.0,0,0.0
51,Female,Bachelor,Married,82694.94,80700.0,76.0,1,104900.0
39,Female,High School,Single,69008.81,26400.0,51.0,1,30400.0
29,Male,Bachelor,Married,60226.45,141800.0,76.0,1,184300.0
33,Male,Bachelor,Single,33729.83,13600.0,53.0,1,15600.0
54,Male,High School,Married,23853.58,0.0,40.0,1,35800.0
33,Male,Master,Married,24437.61,45900.0,70.0,1,59700.0
28,Male,Bachelor,Married,158341.71,229000.0,83.0,1,320600.0
28,Male,Bachelor,Married,85555.98,0.0,60.0,1,128300.0
29,Female,Master,Married,59412.08,96900.0,74.0,1,126000.0
29,Male,High School,Single,31410.99,49800.0,51.0,1,57300.0
21,Male,High School,Married,61817.67,0.0,44.0,1,92700.0
23,Female,High School,Single,66556.93,0.0,42.0,1,99800.0
26,Male,Bachelor,Married,31521.59,32100.0,63.0,1,40100.0
42,Male,Bachelor,Married,30883.47,66100.0,72.0,1,85900.0
31,Male,Bachelor,Single,74697.61,36500.0,61.0,1,45600.0
33,Male,High School,Married,57245.07,99900.0,65.0,1,100300.0
49,Male,High School,Single,87418.53,0.0,52.0,1,131100.0
50,Male,High School,Married,29094.96,0.0,40.0,0,0.0
32,Female,High School,Single,26935.34,34400.0,55.0,1,39600.0
29,Female,Bachelor,Married,88735.79,0.0,60.0,1,133100.0
26,Female,Bachelor,Married,55296.24,97400.0,71.0,1,126600.0
43,Male,High School,Married,69150.46,150400.0,70.0,1,193900.0
33,Male,High School,Divorced,59801.34,0.0,44.0,1,89700.0
31,Male,High School,Single,96972.75,73200.0,64.0,1,91500.0
27,Male,Bachelor,Married,43916.99,84900.0,63.0,1,90000.0
27,Male,PhD,Married,30608.05,45900.0,68.0,1,57400.0
39,Male,High School,Single,36830.85,35000.0,50.0,1,40200.0
21,Male,Bachelor,Married,41831.81,30200.0,58.0,1,34700.0
46,Male,Master,Married,139768.6,115900.0,79.0,1,150700.0
30,Male,High School,Married,18554.25,0.0,33.0,0,0.0
34,Male,Master,Married,160614.56,219300.0,90.0,1,329000.0
21,Male,Bachelor,Married,30775.52,30700.0,58.0,1,35300.0
35,Male,PhD,Single,36461.86,41200.0,70.0,1,53600.0
32,Male,Bachelor,Married,12471.5,28800.0,65.0,1,24300.0
35,Male,High School,Divorced,10664.04,7700.0,41.0,0,7700.0
52,Male,PhD,Single,21840.71,0.0,46.0,1,32800.0
37,Male,High School,Married,24129.91,46700.0,57.0,1,42300.0
27,Male,Master,Married,64292.51,66900.0,74.0,1,87000.0
28,Female,High School,Divorced,23550.32,20300.0,44.0,1,22300.0
42,Male,Bachelor,Single,173042.96,412600.0,90.0,1,618900.0
50,Male,High School,Widowed,49913.6,55400.0,62.0,1,69200.0
39,Male,PhD,Single,160785.65,196600.0,90.0,1,294900.0
43,Male,High School,Married,18588.98,30500.0,50.0,1,32600.0
42,Male,High School,Single,10540.5,12300.0,48.0,1,13500.0
51,Female,Bachelor,Single,154914.18,0.0,68.0,1,232400.0
18,Female,PhD,Widowed,88618.96,113900.0,79.0,1,148100.0
43,Male,High School,Married,136890.62,157100.0,71.0,1,204200.0
46,Female,High School,Married,13474.03,0.0,33.0,0,0.0
21,Male,Bachelor,Single,16539.67,0.0,37.0,0,0.0
26,Male,High School,Married,100890.78,0.0,50.0,1,151300.0
26,Female,Bachelor,Married,88018.3,0.0,60.0,1,132000.0
27,Male,High School,Single,122879.82,129200.0,65.0,1,161500.0
30,Male,Bachelor,Married,32511.06,23900.0,62.0,1,29900.0
38,Female,Bachelor,Married,14816.74,24900.0,60.0,1,28900.0
45,Male,High School,Married,46253.38,16800.0,53.0,1,19300.0
47,Female,Bachelor,Married,187557.75,0.0,70.0,1,281300.0
26,Female,Bachelor,Married,140613.44,319700.0,82.0,1,447600.0
26,Female,High School,Single,16027.89,0.0,27.0,0,0.0
50,Male,High School,Married,44689.4,96200.0,62.0,1,70100.0
43,Male,High School,Married,28054.41,13700.0,45.0,1,15100.0
36,Female,Bachelor,Married,123162.99,236000.0,81.0,1,330400.0
41,Female,High School,Single,178907.6,352100.0,75.0,1,457700.0
35,Male,Master,Married,23101.3,24300.0,70.0,1,31600.0
41,Female,Bachelor,Single,73918.58,136400.0,73.0,1,177300.0
32,Male,High School,Married,49574.06,62100.0,65.0,1,77600.0
38,Male,Bachelor,Married,43767.17,82400.0,67.0,1,85200.0
19,Male,Bachelor,Married,57963.96,0.0,54.0,1,86900.0
28,Male,Master,Divorced,40724.25,39200.0,57.0,1,45100.0
28,Female,Bachelor,Married,86006.54,0.0,60.0,1,129000.0
31,Male,High School,Married,83115.72,167400.0,76.0,1,217600.0
25,Female,Bachelor,Married,16682.82,15800.0,51.0,1,18200.0
30,Male,Bachelor,Married,394151.65,617000.0,87.0,1,863800.0
19,Male,Bachelor,Single,37561.93,62900.0,61.0,1,78600.0
42,Female,Master,Married,40081.36,90100.0,75.0,1,117100.0
35,Male,High School,Married,55985.45,20300.0,53.0,1,23300.0
18,Female,High School,Single,15020.48,22100.0,44.0,1,24300.0
26,Male,Bachelor,Single,71918.41,121900.0,69.0,1,152400.0
39,Male,Master,Married,103123.09,169500.0,84.0,1,237300.0
30,Female,PhD,Widowed,176915.57,348400.0,89.0,1,487800.0
28,Female,PhD,Married,24523.27,10700.0,56.0,1,12300.0
35,Female,High School,Married,77978.71,62700.0,60.0,1,78400.0
39,Female,Bachelor,Divorced,47610.81,81400.0,71.0,1,105800.0
20,Female,High School,Single,24360.73,25400.0,51.0,1,29200.0
42,Male,High School,Single,73050.01,63600.0,58.0,1,73100.0
27,Female,High School,Married,32407.1,36600.0,53.0,1,42100.0
35,Male,High School,Widowed,22083.81,48700.0,59.0,1,41500.0
35,Male,High School,Married,14723.99,11300.0,45.0,1,12400.0
30,Male,High School,Single,27752.07,0.0,38.0,0,0.0
24,Male,High School,Married,42046.44,46000.0,53.0,1,52900.0
32,Male,High School,Single,38286.03,67900.0,55.0,1,78100.0
53,Male,Bachelor,Married,38962.5,24100.0,62.0,1,30100.0
21,Male,High School,Married,43871.83,29300.0,48.0,1,32200.0
54,Female,Bachelor,Divorced,153887.37,90800.0,78.0,1,118000.0
33,Female,High School,Single,52225.72,112600.0,68.0,1,111600.0
36,Female,Bachelor,Married,386208.64,710900.0,87.0,1,995300.0
24,Male,High School,Married,50089.85,112100.0,66.0,1,92400.0
27,Female,High School,Single,107334.73,0.0,48.0,1,161000.0
30,Male,Bachelor,Married,115663.03,198200.0,81.0,1,277500.0
24,Female,Master,Married,52879.53,77200.0,74.0,1,100400.0
33,Male,High School,Married,45824.46,19700.0,53.0,1,22700.0
31,Male,High School,Married,32560.59,12300.0,45.0,1,13500.0
56,Male,Master,Married,75958.57,0.0,58.0,1,113900.0
23,Female,High School,Single,31688.23,44100.0,51.0,1,50700.0
37,Female,High School,Married,55564.88,44000.0,60.0,1,55000.0
38,Female,Master,Married,84730.67,135100.0,84.0,1,189100.0
24,Male,Bachelor,Single,124947.07,284800.0,80.0,1,398700.0
43,Male,High School,Married,165499.39,334700.0,82.0,1,464100.0
31,Female,Master,Married,12141.98,18800.0,63.0,1,23500.0
18,Male,Bachelor,Married,60002.17,52600.0,66.0,1,65800.0
43,Female,High School,Single,356772.17,294700.0,70.0,1,383100.0
23,Male,Bachelor,Married,92740.18,197500.0,82.0,1,276500.0
24,Female,Bachelor,Married,172844.09,191800.0,83.0,1,268500.0
43,Female,Bachelor,Married,14758.67,24400.0,60.0,1,28700.0
32,Female,PhD,Married,44493.58,100000.0,77.0,1,130000.0
46,Male,High School,Single,18416.32,20400.0,48.0,1,22400.0
49,Male,Bachelor,Married,175445.34,324000.0,87.0,1,453600.0
28,Female,Bachelor,Married,47979.46,99000.0,76.0,1,128700.0
44,Female,High School,Single,77490.64,48700.0,58.0,1,56000.0
27,Male,Bachelor,Married,372601.8,175400.0,71.0,1,228000.0
60,Male,Bachelor,Married,44713.99,0.0,47.0,1,67100.0
28,Female,Master,Single,46503.18,106200.0,77.0,1,138100.0
47,Female,Master,Married,48741.43,0.0,61.0,1,73100.0
45,Female,Bachelor,Married,38828.74,53300.0,67.0,1,66600.0
39,Female,High School,Single,46751.66,89700.0,63.0,1,99900.0
28,Female,Bachelor,Married,22261.48,16200.0,58.0,1,18600.0
34,Male,High School,Single,69528.22,23100.0,51.0,1,26600.0
18,Male,High School,Single,34177.67,74400.0,56.0,1,76900.0
38,Male,Bachelor,Divorced,17362.01,30300.0,56.0,1,34800.0
39,Female,Bachelor,Married,183098.3,329300.0,87.0,1,461000.0
37,Male,Bachelor,Single,67648.35,0.0,56.0,1,101500.0
18,Male,Master,Married,57900.77,88800.0,74.0,1,115400.0
22,Male,High School,Single,39389.38,96300.0,56.0,1,88600.0
27,Male,High School,Married,14178.47,23900.0,46.0,1,26200.0
39,Female,Bachelor,Single,122093.59,74100.0,74.0,1,96300.0
39,Female,Bachelor,Married,74440.52,0.0,58.0,1,111700.0
34,Female,High School,Single,74729.95,68000.0,58.0,1,78200.0
42,Male,High School,Married,47623.55,36200.0,60.0,1,45200.0
24,Female,High School,Divorced,36398.1,80100.0,54.0,1,73700.0
42,Male,Master,Single,149206.7,215700.0,82.0,1,302000.0
41,Female,Master,Single,32523.04,44000.0,68.0,1,55000.0
40,Male,High School,Married,41040.9,0.0,40.0,1,61600.0
33,Male,High School,Single,90819.01,35300.0,57.0,1,40600.0
56,Male,High School,Married,44272.62,0.0,37.0,1,27800.0
41,Male,High School,Married,123842.24,95500.0,66.0,1,119400.0
25,Female,High School,Married,71806.43,89000.0,61.0,1,111200.0
38,Male,High School,Married,22789.48,15000.0,52.0,1,17200.0
44,Male,Bachelor,Single,38304.71,23600.0,60.0,1,29500.0
29,Female,High School,Divorced,69466.53,61700.0,52.0,1,71000.0
47,Male,Bachelor,Married,88216.43,0.0,64.0,1,132300.0
40,Male,High School,Married,31718.21,0.0,40.0,1,47600.0
18,Male,Bachelor,Single,154968.58,89200.0,76.0,1,116000.0
39,Female,Master,Married,48340.25,64100.0,78.0,1,83300.0
31,Male,High School,Single,95807.8,193000.0,74.0,1,250900.0
41,Female,High School,Single,43827.18,94600.0,60.0,1,93700.0
46,Male,High School,Single,13039.66,31500.0,53.0,1,24900.0
38,Male,High School,Married,172115.55,0.0,60.0,1,258200.0
54,Male,High School,Married,48943.05,48300.0,60.0,1,60400.0
34,Female,Bachelor,Married,73698.26,0.0,58.0,1,110500.0
42,Male,Bachelor,Widowed,69821.27,112200.0,72.0,1,145900.0
44,Female,High School,Single,88478.03,141400.0,69.0,1,176800.0
34,Male,Bachelor,Married,31292.3,33900.0,67.0,1,42400.0
44,Male,High School,Married,47178.3,105300.0,70.0,1,132300.0
29,Female,High School,Married,66333.54,0.0,44.0,1,99500.0
31,Female,Bachelor,Single,164176.69,267500.0,85.0,1,374500.0
21,Male,High School,Married,10629.58,13300.0,46.0,1,14600.0
38,Female,Bachelor,Married,22832.48,18500.0,62.0,1,23100.0
39,Female,PhD,Married,81978.81,65100.0,81.0,1,91100.0
48,Male,Master,Widowed,82078.88,138600.0,81.0,1,194000.0
44,Male,High School,Single,26599.52,8700.0,43.0,1,9600.0
32,Male,Bachelor,Single,37121.95,0.0,48.0,1,55700.0
23,Male,High School,Married,23478.26,29600.0,53.0,1,34000.0
40,Female,PhD,Married,19187.33,42000.0,70.0,1,54600.0
48,Male,PhD,Married,58733.85,73400.0,80.0,1,102800.0
44,Male,High School,Widowed,55373.04,0.0,45.0,1,83100.0
47,Male,Master,Married,150987.93,80500.0,85.0,1,112700.0
33,Female,High School,Widowed,42965.85,13000.0,42.0,1,14300.0
30,Female,High School,Married,46867.72,0.0,48.0,1,70300.0
27,Male,High School,Married,211622.06,264700.0,73.0,1,344100.0
35,Male,High School,Married,236260.43,0.0,60.0,1,354400.0
35,Male,Master,Married,21133.57,27400.0,63.0,1,34200.0
38,Female,High School,Married,20525.91,12000.0,45.0,1,13200.0
34,Male,Bachelor,Married,379577.94,564600.0,87.0,1,790400.0
34,Female,PhD,Married,62026.75,102600.0,80.0,1,143600.0
27,Male,Master,Single,55423.38,78500.0,72.0,1,102000.0
46,Female,High School,Married,107249.49,154300.0,71.0,1,200600.0
36,Female,Bachelor,Married,42284.92,27800.0,62.0,1,34800.0
34,Female,Bachelor,Married,27318.12,44200.0,67.0,1,53200.0
27,Male,Bachelor,Married,34209.3,83800.0,68.0,1,70100.0
21,Female,High School,Single,119856.54,293300.0,70.0,1,381300.0
50,Male,Bachelor,Married,67452.09,72000.0,75.0,1,93600.0
42,Male,Bachelor,Married,29952.64,57000.0,67.0,1,58300.0
18,Female,Bachelor,Single,58182.69,74000.0,69.0,1,92500.0
44,Female,PhD,Married,31828.43,19200.0,67.0,1,24000.0
46,Female,High School,Married,13995.11,27000.0,50.0,1,21900.0
37,Male,High School,Married,41312.9,0.0,40.0,0,0.0
53,Female,Bachelor,Married,71129.55,140400.0,75.0,1,182500.0
38,Male,High School,Married,52927.52,60100.0,65.0,1,75100.0
20,Male,High School,Single,55617.56,0.0,42.0,1,83400.0
40,Female,High School,Married,23231.73,50600.0,62.0,1,40700.0
38,Male,Bachelor,Single,116971.98,0.0,62.0,1,175500.0
29,Female,Master,Single,75128.32,83000.0,72.0,1,107900.0
42,Male,High School,Married,26208.04,46600.0,57.0,1,45900.0
18,Male,High School,Single,24281.65,54600.0,56.0,1,54600.0
46,Female,High School,Single,118891.38,77800.0,64.0,1,97200.0
26,Female,Bachelor,Married,72563.5,37100.0,66.0,1,46400.0
25,Male,Bachelor,Widowed,132550.2,127900.0,69.0,1,159900.0
34,Male,High School,Married,29640.38,25600.0,52.0,1,29400.0
40,Female,Bachelor,Single,169465.66,0.0,68.0,1,254200.0
37,Male,High School,Married,32776.83,27000.0,52.0,1,31000.0
27,Male,PhD,Married,130954.2,219100.0,82.0,1,306700.0
30,Female,Master,Single,92849.11,0.0,65.0,1,139300.0
23,Male,Master,Single,73770.43,152900.0,77.0,1,198800.0
33,Female,High School,Single,65670.52,106900.0,63.0,1,133600.0
47,Female,Bachelor,Married,25336.77,58900.0,72.0,1,70600.0
35,Female,High School,Married,55968.26,102000.0,65.0,1,98100.0
45,Male,Bachelor,Married,54106.37,45100.0,70.0,1,58600.0
52,Female,High School,Widowed,24808.26,0.0,37.0,0,0.0
29,Male,Bachelor,Single,64599.36,46400.0,64.0,1,58000.0
33,Male,Bachelor,Widowed,122695.83,0.0,61.0,1,184000.0
59,Male,Bachelor,Married,14321.48,27700.0,57.0,1,25000.0
51,Male,Bachelor,Single,27785.15,0.0,48.0,1,41700.0
18,Male,Bachelor,Divorced,32037.81,20900.0,54.0,1,24000.0
40,Male,High School,Married,300455.06,165400.0,72.0,1,215000.0
36,Male,Bachelor,Married,314530.39,211600.0,82.0,1,296200.0
45,Male,Master,Single,54892.16,128400.0,81.0,1,179800.0
27,Female,Bachelor,Single,77752.95,0.0,52.0,1,116600.0
26,Male,Bachelor,Widowed,92432.62,176000.0,74.0,1,228800.0
28,Female,Master,Married,19005.28,0.0,42.0,1,28500.0
29,Female,Bachelor,Widowed,57733.54,65500.0,68.0,1,81900.0
44,Female,PhD,Married,14440.01,0.0,48.0,1,21700.0
23,Male,High School,Single,307756.49,437500.0,71.0,1,568800.0
29,Female,Bachelor,Single,36040.38,40400.0,61.0,1,50500.0
18,Female,High School,Married,63951.96,32700.0,56.0,1,37600.0
47,Female,Bachelor,Single,43571.68,78500.0,65.0,1,92600.0
49,Male,High School,Married,167249.29,270200.0,77.0,1,351300.0
32,Female,High School,Single,229508.04,281200.0,75.0,1,365600.0
32,Female,High School,Married,17066.92,39900.0,55.0,1,29900.0
40,Male,High School,Married,77444.33,152000.0,65.0,1,135700.0
52,Female,High School,Single,26989.7,0.0,38.0,0,0.0
40,Female,Bachelor,Married,10221.41,0.0,43.0,1,15300.0
28,Male,High School,Married,44438.9,91600.0,58.0,1,82000.0
18,Male,High School,Married,390836.65,495700.0,73.0,1,644400.0
23,Female,High School,Married,29368.0,0.0,36.0,0,0.0
36,Male,High School,Married,27499.64,43800.0,57.0,1,48200.0
28,Female,Master,Married,103915.32,182200.0,80.0,1,255100.0
38,Male,Master,Single,151843.12,248900.0,88.0,1,348500.0
29,Male,Master,Married,39371.71,36200.0,61.0,1,45200.0
24,Male,High School,Single,31669.25,21900.0,46.0,1,24100.0
23,Female,High School,Married,55926.42,20200.0,49.0,1,22200.0
53,Female,High School,Single,32320.65,10600.0,43.0,0,10600.0
45,Male,Bachelor,Married,68236.17,0.0,58.0,1,102400.0
55,Male,Bachelor,Married,16520.85,41100.0,65.0,1,28800.0
41,Male,Master,Single,32197.45,35000.0,68.0,1,43800.0
31,Female,High School,Single,22085.88,17000.0,50.0,1,19600.0
50,Male,High School,Married,66230.0,78100.0,65.0,1,97600.0
35,Male,High School,Married,29987.25,15800.0,52.0,1,18200.0
38,Male,Bachelor,Married,140090.58,236100.0,81.0,1,330500.0
35,Male,High School,Single,195263.29,155200.0,70.0,1,201800.0
18,Male,Bachelor,Single,20550.27,0.0,37.0,0,0.0
53,Male,Master,Married,42135.14,91900.0,75.0,1,119500.0
41,Female,Bachelor,Married,34974.65,54300.0,67.0,1,67900.0
39,Female,High School,Single,38953.75,23200.0,50.0,1,26700.0
35,Female,High School,Married,32071.79,0.0,40.0,1,48100.0
37,Male,Bachelor,Single,35576.9,61900.0,65.0,1,77400.0
29,Male,Bachelor,Single,17412.09,11500.0,49.0,1,12700.0
42,Male,Bachelor,Single,30139.44,22100.0,60.0,1,27600.0
21,Female,High School,Single,88239.25,143300.0,65.0,1,179100.0
38,Female,Master,Married,35859.89,82600.0,75.0,1,107400.0
42,Female,Bachelor,Married,44782.22,66800.0,67.0,1,83500.0
33,Male,Master,Married,15188.45,20200.0,63.0,1,25200.0
40,Female,High School,Married,22743.38,49800.0,62.0,1,39900.0
25,Female,High School,Married,58609.66,55400.0,56.0,1,63700.0
25,Male,High School,Married,36968.12,13900.0,41.0,0,13900.0
38,Female,Master,Married,42937.9,65600.0,70.0,1,85300.0
43,Female,High School,Single,315336.13,186100.0,70.0,1,241900.0
18,Female,High School,Married,66229.36,28700.0,49.0,1,31600.0
41,Female,High School,Widowed,48633.44,0.0,45.0,1,73000.0
30,Male,Bachelor,Married,25329.4,13700.0,62.0,1,17100.0
33,Female,Master,Married,47406.12,82600.0,78.0,1,107400.0
21,Female,Bachelor,Single,336460.13,532000.0,81.0,1,744800.0
26,Male,Bachelor,Married,41115.1,41300.0,63.0,1,51600.0
46,Male,PhD,Divorced,104799.51,0.0,65.0,1,157200.0
36,Male,High School,Married,13902.79,4200.0,38.0,0,4200.0
31,Male,Master,Single,15749.29,10200.0,56.0,1,11700.0
34,Female,High School,Divorced,51425.39,80500.0,61.0,1,98900.0
41,Male,Bachelor,Single,31572.4,48100.0,65.0,1,60100.0
40,Male,High School,Married,44237.14,84900.0,57.0,1,77500.0
35,Male,High School,Married,77361.67,28800.0,53.0,1,33100.0
48,Male,High School,Married,52511.93,107600.0,70.0,1,131800.0
46,Male,High School,Married,11185.77,17700.0,50.0,1,17500.0
40,Male,Bachelor,Married,32238.47,29000.0,62.0,1,36200.0
36,Male,High School,Married,21855.41,27500.0,50.0,1,31600.0
43,Female,High School,Married,161395.43,332300.0,82.0,1,452600.0
39,Male,Master,Married,58190.55,79600.0,78.0,1,103500.0
47,Male,Master,Single,185781.76,345100.0,88.0,1,483100.0
45,Male,PhD,Married,127016.0,152000.0,86.0,1,212800.0
24,Male,Bachelor,Single,52224.18,0.0,52.0,1,78300.0
24,Male,Bachelor,Divorced,106225.28,226500.0,78.0,1,294400.0
28,Male,Master,Divorced,52303.42,72800.0,70.0,1,94600.0
46,Male,Bachelor,Single,77382.34,0.0,56.0,1,116100.0
18,Male,High School,Married,22824.35,28000.0,53.0,1,32200.0
40,Male,High School,Married,70412.98,50700.0,60.0,1,63400.0
39,Female,High School,Married,78863.44,192600.0,70.0,1,221200.0
48,Male,Master,Married,52038.41,18000.0,66.0,1,22500.0
37,Female,Bachelor,Single,42537.41,24400.0,60.0,1,30500.0
21,Female,Bachelor,Single,48516.05,90600.0,69.0,1,113200.0
25,Female,High School,Married,18192.47,35100.0,46.0,1,33600.0
22,Male,High School,Single,52738.4,34000.0,54.0,1,39100.0
30,Female,Bachelor,Married,81271.43,137700.0,81.0,1,192800.0
33,Male,Bachelor,Married,70712.9,158900.0,80.0,1,220300.0
23,Male,High School,Married,35551.73,73300.0,58.0,1,65600.0
52,Male,High School,Married,60571.01,18800.0,53.0,1,21600.0
21,Female,Bachelor,Married,13399.15,5200.0,44.0,1,5700.0
50,Male,PhD,Single,32656.38,43300.0,70.0,1,56300.0
49,Female,Master,Single,39427.42,0.0,51.0,1,59100.0
45,Male,High School,Widowed,52569.89,0.0,45.0,1,78900.0
28,Female,Bachelor,Married,40774.2,29500.0,58.0,1,33900.0
39,Female,High School,Married,33036.27,78400.0,62.0,1,57900.0
21,Female,Bachelor,Married,65349.63,72500.0,71.0,1,94200.0
46,Male,Bachelor,Single,45746.92,36000.0,68.0,1,45000.0
35,Female,High School,Married,11490.34,7500.0,45.0,1,8200.0
31,Female,Bachelor,Single,15183.67,24300.0,58.0,1,27900.0
22,Male,Bachelor,Married,21775.58,0.0,39.0,0,0.0
18,Male,PhD,Single,112513.47,118200.0,80.0,1,165500.0
24,Female,High School,Single,45461.5,50500.0,59.0,1,58100.0
48,Male,High School,Married,129226.05,0.0,54.0,1,193800.0
31,Female,Bachelor,Married,45717.93,88800.0,75.0,1,115400.0
34,Male,Bachelor,Divorced,253968.73,494500.0,83.0,1,692300.0
43,Male,Bachelor,Married,30143.28,0.0,50.0,1,45200.0
55,Male,PhD,Married,45105.89,34900.0,75.0,1,45400.0
50,Male,High School,Married,80080.56,0.0,54.0,1,120100.0
25,Male,High School,Married,20954.22,10300.0,34.0,0,10300.0
18,Female,Master,Married,21985.13,52900.0,64.0,1,48700.0
61,Male,Bachelor,Single,16105.38,21000.0,55.0,1,24100.0
60,Female,High School,Married,58797.86,0.0,45.0,1,81400.0
38,Female,Bachelor,Married,38501.92,93300.0,72.0,1,120000.0
22,Male,Bachelor,Widowed,78140.83,0.0,51.0,1,117200.0
46,Male,High School,Married,124126.95,224400.0,71.0,1,291700.0
34,Male,High School,Married,140902.68,0.0,54.0,1,211400.0
34,Male,High School,Married,360789.52,0.0,60.0,1,541200.0
45,Male,High School,Married,53512.85,129600.0,70.0,1,134300.0
39,Male,Master,Single,22470.88,48200.0,73.0,1,62700.0
22,Female,High School,Married,34413.02,63400.0,53.0,1,63500.0
32,Male,High School,Married,37281.02,28300.0,52.0,1,32500.0
43,Female,Bachelor,Married,35224.38,24700.0,62.0,1,30900.0
41,Female,Bachelor,Married,35713.62,38400.0,67.0,1,48000.0
38,Female,Bachelor,Married,14717.11,33600.0,65.0,1,28700.0
46,Female,High School,Single,74317.26,62700.0,58.0,1,72100.0
32,Female,Master,Married,46926.5,35800.0,73.0,1,46500.0
37,Male,Bachelor,Widowed,51803.31,0.0,55.0,1,77700.0
18,Female,High School,Married,15337.7,0.0,29.0,0,0.0
31,Female,Bachelor,Married,21315.86,33600.0,60.0,1,41500.0
44,Male,High School,Married,74002.14,128300.0,65.0,1,129700.0
31,Male,Master,Married,14263.34,15400.0,63.0,1,19200.0
30,Male,Bachelor,Married,65608.16,85300.0,75.0,1,110900.0
24,Male,Master,Married,366039.57,486100.0,86.0,1,680500.0
47,Male,High School,Married,69411.14,0.0,48.0,1,104100.0
42,Female,Master,Married,47154.01,25800.0,73.0,1,33500.0
45,Male,Bachelor,Married,31587.91,19800.0,62.0,1,24800.0
18,Male,Bachelor,Married,62461.34,122800.0,71.0,1,159600.0
34,Male,High School,Married,85495.04,170100.0,71.0,1,221100.0
32,Female,Master,Married,117487.07,0.0,67.0,1,176200.0
32,Male,High School,Single,47911.19,0.0,46.0,1,71900.0
29,Male,Bachelor,Single,60966.96,20100.0,57.0,1,23100.0
32,Female,Bachelor,Married,46975.39,113200.0,80.0,1,146400.0
45,Male,High School,Married,82453.11,66300.0,66.0,1,82900.0
18,Male,High School,Married,71559.31,47900.0,56.0,1,55100.0
55,Male,Bachelor,Single,32795.65,16000.0,53.0,1,18400.0
41,Female,High School,Married,30276.44,55700.0,57.0,1,53100.0
35,Female,Bachelor,Married,15011.88,0.0,43.0,1,22500.0
45,Male,Bachelor,Single,80452.85,193800.0,84.0,1,271300.0
20,Male,Bachelor,Widowed,106201.33,228800.0,79.0,1,297400.0
28,Female,High School,Married,96429.49,34200.0,55.0,1,39300.0
34,Female,Bachelor,Divorced,70277.62,0.0,54.0,1,105400.0
51,Female,Bachelor,Married,20306.87,0.0,43.0,1,30500.0
35,Female,Bachelor,Married,140601.31,204800.0,81.0,1,286700.0
40,Male,High School,Married,80826.98,53400.0,66.0,1,66800.0
29,Female,High School,Married,42533.46,34500.0,48.0,1,38000.0
41,Female,Bachelor,Married,96919.91,207700.0,86.0,1,290800.0
54,Female,Bachelor,Married,71513.11,173500.0,80.0,1,199400.0
46,Female,High School,Married,164948.14,396400.0,82.0,1,413900.0
35,Male,Bachelor,Divorced,36801.42,0.0,46.0,1,55200.0
43,Female,Master,Single,143238.48,237300.0,82.0,1,332200.0
42,Female,High School,Married,80463.41,142600.0,71.0,1,185400.0
41,Female,Bachelor,Single,18487.17,22800.0,58.0,1,26200.0
48,Male,Master,Married,67573.03,159800.0,83.0,1,203500.0
48,Female,PhD,Married,46981.5,0.0,63.0,1,70500.0
34,Female,High School,Single,36106.75,21500.0,50.0,1,24700.0
43,Male,High School,Married,54592.89,32300.0,60.0,1,40400.0
31,Female,PhD,Married,27843.99,0.0,55.0,1,41800.0
25,Female,High School,Married,75579.48,111800.0,61.0,1,139400.0
33,Male,Bachelor,Married,65389.27,22300.0,63.0,1,27900.0
35,Male,Bachelor,Married,77255.1,100600.0,75.0,1,130800.0
18,Male,Bachelor,Single,14710.71,35100.0,59.0,1,36800.0
45,Male,High School,Married,20440.38,0.0,33.0,0,0.0
18,Male,Master,Married,64218.07,0.0,57.0,1,96300.0
65,Male,High School,Married,33357.94,61700.0,54.0,1,46200.0
52,Male,Bachelor,Single,50682.16,0.0,56.0,1,76000.0
33,Male,Bachelor,Married,67660.43,61800.0,70.0,1,80300.0
36,Male,High School,Divorced,111582.03,263800.0,72.0,1,342900.0
39,Female,High School,Married,19155.77,27200.0,50.0,1,31300.0
29,Female,Master,Single,77132.01,189200.0,77.0,1,246000.0
38,Female,Bachelor,Single,22364.39,50700.0,70.0,1,65900.0
34,Male,Bachelor,Married,67221.55,61700.0,70.0,1,80200.0
34,Male,Bachelor,Single,10544.73,0.0,41.0,0,0.0
37,Male,High School,Widowed,70617.65,76300.0,62.0,1,95400.0
21,Female,Bachelor,Single,171147.5,0.0,64.0,1,256700.0
36,Female,High School,Married,20406.03,46400.0,55.0,1,35800.0
37,Female,Bachelor,Married,111943.36,157100.0,81.0,1,219900.0
37,Male,High School,Single,51305.12,103800.0,68.0,1,109700.0
33,Female,Master,Married,161195.8,253700.0,90.0,1,380600.0
48,Male,Bachelor,Married,300160.21,241200.0,82.0,1,337700.0
32,Female,High School,Married,31748.07,0.0,40.0,0,0.0
38,Male,High School,Married,81472.4,98400.0,71.0,1,127900.0
50,Male,High School,Married,27807.76,69000.0,62.0,1,43600.0
35,Male,Master,Married,12695.3,0.0,46.0,1,19000.0
38,Female,High School,Single,72536.94,33800.0,51.0,1,38900.0
34,Male,Bachelor,Married,13271.02,20800.0,60.0,1,25800.0
49,Male,High School,Single,64205.56,99300.0,63.0,1,122800.0
33,Male,PhD,Single,65466.66,88800.0,78.0,1,115400.0
50,Female,Bachelor,Married,54226.07,54500.0,75.0,1,70800.0
34,Male,High School,Married,47775.81,40400.0,60.0,1,50500.0
26,Female,Bachelor,Married,159001.02,119600.0,78.0,1,155500.0
43,Female,PhD,Married,160522.87,80400.0,87.0,1,112600.0
32,Female,Bachelor,Single,71926.63,81400.0,73.0,1,105800.0
42,Female,Bachelor,Married,25418.02,47900.0,67.0,1,49500.0
18,Female,High School,Married,66429.6,104600.0,61.0,1,122600.0
36,Male,High School,Single,26091.69,8700.0,43.0,1,9600.0
30,Male,High School,Married,42269.29,90300.0,62.0,1,74100.0
24,Female,Bachelor,Married,76377.99,0.0,54.0,1,114600.0
29,Male,Bachelor,Married,10376.52,19200.0,56.0,1,21300.0
29,Male,Master,Widowed,45074.97,89300.0,71.0,1,116100.0
35,Female,Bachelor,Married,178538.48,240700.0,87.0,1,337000.0
20,Male,High School,Single,188766.32,385700.0,76.0,1,501400.0
39,Female,Bachelor,Single,167927.38,275600.0,85.0,1,385800.0
51,Female,Bachelor,Single,21469.79,44100.0,63.0,1,45600.0
39,Female,Bachelor,Married,29086.39,52400.0,67.0,1,56600.0
44,Male,Bachelor,Single,16481.64,10900.0,53.0,1,12500.0
48,Male,High School,Single,74133.37,61500.0,58.0,1,70700.0
49,Female,High School,Married,16245.12,20100.0,50.0,1,23100.0
56,Male,Bachelor,Married,109215.37,123800.0,78.0,1,160900.0
30,Male,High School,Married,16974.81,0.0,33.0,0,0.0
28,Female,Bachelor,Married,27949.43,36900.0,63.0,1,46100.0
44,Male,High School,Married,104852.01,151700.0,71.0,1,197200.0
43,Male,Master,Married,135497.17,311900.0,89.0,1,436700.0
44,Male,Master,Married,61739.95,59300.0,73.0,1,77100.0
56,Male,PhD,Married,46233.44,19500.0,65.0,1,24400.0
36,Male,Master,Single,87735.5,0.0,65.0,1,131600.0
40,Female,PhD,Single,22909.8,43000.0,70.0,1,55900.0
25,Male,Bachelor,Married,42767.98,48700.0,63.0,1,60900.0
59,Male,PhD,Single,53538.13,38900.0,70.0,1,50600.0
32,Male,Bachelor,Married,51383.8,59200.0,75.0,1,77000.0
32,Male,Bachelor,Married,48112.38,90600.0,75.0,1,117800.0
32,Female,High School,Single,15108.46,7600.0,43.0,1,8400.0
28,Male,Bachelor,Married,17042.35,31200.0,56.0,1,34900.0
27,Female,Master,Single,85668.06,51300.0,73.0,1,66700.0
30,Male,Bachelor,Single,80268.68,0.0,62.0,1,120400.0
20,Female,High School,Married,52183.06,66700.0,61.0,1,83400.0
27,Male,Bachelor,Married,105095.33,122100.0,77.0,1,158700.0
57,Male,Bachelor,Married,90734.43,144000.0,78.0,1,187200.0
44,Male,Bachelor,Married,18253.86,11300.0,55.0,1,13000.0
46,Female,Bachelor,Married,45786.57,0.0,58.0,1,68700.0
48,Male,High School,Single,51234.68,79800.0,63.0,1,98000.0
56,Male,Master,Married,147109.39,66500.0,69.0,1,83100.0
18,Female,Bachelor,Married,103524.14,89500.0,72.0,1,116400.0
22,Male,High School,Married,25523.99,35600.0,53.0,1,40900.0
27,Male,Bachelor,Single,27382.07,0.0,44.0,1,41100.0
30,Female,High School,Married,62336.74,61500.0,60.0,1,76900.0
32,Male,High School,Married,22180.92,37200.0,57.0,1,38900.0
31,Female,Master,Married,39159.44,33400.0,65.0,1,41800.0
38,Male,Master,Married,19285.88,24200.0,63.0,1,30200.0
36,Male,High School,Married,260683.73,320400.0,77.0,1,416500.0
28,Male,High School,Married,40356.85,15300.0,41.0,1,16800.0
18,Female,High School,Single,57814.72,136900.0,64.0,1,130100.0
25,Female,Master,Single,396852.56,0.0,67.0,1,595300.0
29,Female,Master,Married,267501.09,425800.0,86.0,1,596100.0
33,Male,Bachelor,Married,75096.74,76000.0,75.0,1,98800.0
23,Female,High School,Married,59510.07,125900.0,66.0,1,109800.0
30,Male,High School,Divorced,32369.11,59900.0,53.0,1,62300.0
23,Male,Master,Married,148057.59,89700.0,75.0,1,116600.0
34,Female,High School,Married,29993.08,0.0,40.0,0,0.0
24,Male,Bachelor,Married,17879.11,15700.0,51.0,1,18100.0
26,Male,Bachelor,Single,25358.34,48100.0,61.0,1,60100.0
21,Male,High School,Divorced,33126.31,40700.0,49.0,1,44800.0
34,Female,High School,Married,57278.66,49200.0,60.0,1,61500.0
26,Male,High School,Single,43160.65,100100.0,56.0,1,97100.0
45,Male,Bachelor,Single,40968.18,0.0,48.0,0,0.0
40,Female,Bachelor,Married,15849.03,0.0,43.0,1,23800.0
35,Male,Bachelor,Single,130837.51,66800.0,74.0,1,86800.0
27,Male,High School,Single,82529.51,0.0,48.0,1,123800.0
40,Female,High School,Married,37880.35,18100.0,45.0,1,19900.0
43,Female,High School,Married,37716.37,20000.0,52.0,1,23000.0
37,Male,High School,Married,34609.85,22800.0,52.0,1,26200.0
53,Female,Bachelor,Married,41834.27,76000.0,67.0,1,72900.0
41,Male,Master,Married,107054.96,122600.0,84.0,1,171600.0
46,Male,Master,Married,20342.63,0.0,46.0,1,30500.0
37,Male,Bachelor,Married,68433.35,132800.0,75.0,1,172600.0
43,Male,Bachelor,Married,17455.93,34700.0,60.0,1,34000.0
27,Male,Master,Single,44135.69,103600.0,69.0,1,119200.0
30,Female,Bachelor,Single,128205.29,206100.0,79.0,1,267900.0
39,Female,Bachelor,Married,37364.74,81300.0,72.0,1,105700.0
39,Female,High School,Single,68495.85,0.0,46.0,1,102700.0
41,Female,High School,Married,21179.27,49100.0,55.0,1,37100.0
48,Male,Bachelor,Single,66944.05,158400.0,78.0,1,205900.0
20,Male,Master,Single,113051.88,0.0,61.0,1,169600.0
25,Female,Bachelor,Married,133445.98,0.0,60.0,1,200200.0
38,Female,High School,Married,43085.42,41200.0,52.0,1,47400.0
28,Female,Bachelor,Married,135064.31,183400.0,77.0,1,238400.0
70,Male,Bachelor,Married,51576.35,90600.0,72.0,1,117800.0
41,Male,Master,Married,138744.68,196300.0,84.0,1,274800.0
35,Male,High School,Married,30914.78,45200.0,57.0,1,52000.0
30,Male,Bachelor,Married,36944.8,16000.0,55.0,1,18400.0
30,Male,Bachelor,Married,55860.84,0.0,58.0,1,83800.0
36,Male,PhD,Single,59503.2,40700.0,73.0,1,52900.0
37,Female,Bachelor,Single,68245.88,128900.0,73.0,1,167600.0
30,Male,Master,Married,24720.47,23900.0,65.0,1,29900.0
32,Male,High School,Married,26841.63,35800.0,57.0,1,41200.0
50,Female,High School,Married,40430.85,12800.0,45.0,1,14100.0
51,Male,High School,Married,21270.63,44600.0,55.0,1,33400.0
38,Male,Bachelor,Married,44299.31,106900.0,72.0,1,138000.0
21,Male,High School,Married,386197.56,0.0,56.0,1,579300.0
41,Female,High School,Widowed,43666.44,31600.0,49.0,1,34800.0
53,Male,Bachelor,Married,40885.13,18800.0,55.0,1,21600.0
51,Female,Bachelor,Single,78102.66,37000.0,61.0,1,46200.0
44,Male,Bachelor,Single,55432.74,0.0,56.0,1,83100.0
51,Male,High School,Single,64877.86,42800.0,58.0,1,49200.0
36,Male,Master,Married,62908.46,49500.0,73.0,1,64400.0
42,Male,Bachelor,Married,38797.9,50200.0,67.0,1,62800.0
28,Male,High School,Married,66392.39,0.0,44.0,1,99600.0
39,Female,Bachelor,Married,30283.99,28300.0,62.0,1,35400.0
50,Male,High School,Married,40723.72,0.0,40.0,0,0.0
29,Female,Bachelor,Married,344979.41,189500.0,78.0,1,246400.0
26,Female,High School,Single,61596.77,0.0,42.0,1,92400.0
37,Female,Master,Married,63869.43,0.0,61.0,1,95800.0
33,Male,PhD,Married,20718.26,19400.0,60.0,1,24200.0
43,Female,High School,Married,38851.61,0.0,40.0,0,0.0
31,Male,High School,Single,76049.22,52400.0,58.0,1,60300.0
54,Male,High School,Divorced,18540.44,34700.0,46.0,1,31900.0
21,Female,Bachelor,Married,99207.25,0.0,60.0,1,148800.0
49,Male,High School,Single,16762.02,14900.0,43.0,1,16400.0
27,Female,Bachelor,Married,58095.05,0.0,54.0,1,87100.0
18,Male,High School,Married,48817.48,24200.0,49.0,1,26600.0
38,Male,Bachelor,Married,155796.04,357800.0,92.0,1,485500.0
33,Male,Bachelor,Single,28999.71,0.0,48.0,1,43500.0
23,Male,Master,Married,29131.34,0.0,49.0,1,43700.0
18,Male,High School,Married,147586.99,120400.0,62.0,1,150500.0
35,Male,Bachelor,Single,37324.05,82800.0,70.0,1,107600.0
46,Female,Bachelor,Single,66332.91,113300.0,73.0,1,147300.0
42,Female,Bachelor,Single,34798.75,13800.0,53.0,1,15900.0
36,Female,High School,Single,166399.85,0.0,58.0,1,249600.0
41,Female,High School,Single,99637.22,234100.0,74.0,1,304300.0
35,Male,Bachelor,Married,47940.77,72400.0,75.0,1,94100.0
20,Female,Bachelor,Married,74531.02,74000.0,66.0,1,92500.0
20,Male,High School,Married,17245.73,11300.0,41.0,1,12400.0
33,Male,High School,Married,12231.08,10700.0,45.0,1,11800.0
34,Female,High School,Single,68485.45,152600.0,68.0,1,146400.0
45,Male,Bachelor,Married,18948.01,14300.0,55.0,1,16400.0
44,Female,Bachelor,Married,18780.47,11800.0,55.0,1,13600.0
42,Male,Bachelor,Married,17148.68,17500.0,60.0,1,21900.0
32,Male,High School,Married,25000.29,24100.0,52.0,1,27700.0
20,Male,High School,Single,58680.32,113100.0,59.0,1,130100.0
40,Male,Bachelor,Married,14869.39,17000.0,60.0,1,21200.0
41,Female,High School,Single,353415.64,0.0,58.0,1,530100.0
18,Female,High School,Widowed,34507.62,0.0,33.0,0,0.0
26,Male,Bachelor,Married,38863.6,54000.0,63.0,1,67500.0
28,Male,High School,Married,43240.72,103100.0,58.0,1,79800.0
37,Male,Master,Married,73076.54,88600.0,78.0,1,115200.0
27,Female,High School,Single,12845.76,4900.0,32.0,0,4900.0
35,Male,High School,Married,11674.97,0.0,33.0,0,0.0
33,Female,High School,Married,10006.51,10200.0,50.0,1,11700.0
34,Female,Bachelor,Single,52903.27,88000.0,73.0,1,114400.0
28,Female,Bachelor,Married,28191.86,62300.0,68.0,1,57800.0
28,Male,Bachelor,Married,28204.93,68300.0,68.0,1,57800.0
24,Female,Bachelor,Single,150037.37,122600.0,76.0,1,159400.0
40,Female,High School,Single,25455.5,55400.0,60.0,1,54400.0
42,Female,High School,Married,15225.48,7800.0,45.0,1,8600.0
27,Female,PhD,Single,22112.88,34100.0,66.0,1,42600.0
52,Female,High School,Single,28006.72,29700.0,55.0,1,34200.0
32,Female,Bachelor,Married,10492.65,6000.0,55.0,1,6900.0
52,Female,Master,Married,38319.87,27900.0,65.0,1,34900.0
28,Female,High School,Widowed,60943.79,54300.0,53.0,1,62400.0
18,Female,Bachelor,Married,33042.22,62000.0,63.0,1,67700.0
40,Male,High School,Divorced,158530.78,393000.0,78.0,1,488000.0
38,Male,High School,Married,41847.23,0.0,40.0,0,0.0
36,Female,High School,Married,136500.62,280900.0,76.0,1,365200.0
28,Male,Bachelor,Single,74239.72,0.0,52.0,1,111400.0
35,Male,High School,Married,78119.22,43400.0,60.0,1,54200.0
30,Male,High School,Married,115678.25,93800.0,66.0,1,117200.0
32,Female,High School,Married,76826.75,95000.0,65.0,1,118800.0
45,Female,High School,Single,148831.15,281800.0,69.0,1,284600.0
38,Male,Master,Married,32190.48,26700.0,65.0,1,33400.0
42,Male,High School,Married,29837.46,50900.0,57.0,1,52300.0
33,Female,Master,Single,88814.67,0.0,65.0,1,133200.0
32,Female,Bachelor,Divorced,44685.33,94500.0,68.0,1,95500.0
23,Male,Master,Married,76279.79,74200.0,69.0,1,92800.0
31,Male,High School,Married,14609.94,30800.0,55.0,1,25600.0
18,Female,High School,Widowed,78819.1,79400.0,58.0,1,91300.0
29,Female,Bachelor,Single,151131.55,227700.0,81.0,1,318800.0
35,Female,High School,Married,69524.35,141800.0,70.0,1,184300.0
42,Female,Bachelor,Single,25032.25,12800.0,60.0,1,16000.0
33,Female,High School,Single,87597.13,58500.0,64.0,1,73100.0
39,Male,PhD,Married,55474.49,133400.0,85.0,1,186800.0
18,Male,High School,Married,31044.95,21700.0,48.0,1,23900.0
35,Female,High School,Married,14109.0,32100.0,55.0,1,24700.0
18,Female,Bachelor,Single,51918.99,74300.0,69.0,1,92900.0
22,Female,High School,Single,22563.73,0.0,34.0,0,0.0
33,Female,High School,Married,86841.08,0.0,54.0,1,130300.0
50,Female,High School,Married,78276.25,120000.0,65.0,1,122800.0
40,Female,High School,Married,22476.42,14400.0,52.0,1,16600.0
36,Male,High School,Single,75949.51,0.0,46.0,1,113900.0
35,Male,High School,Married,24983.21,13900.0,52.0,1,16000.0
28,Female,Bachelor,Married,77579.6,40900.0,66.0,1,51100.0
30,Male,High School,Single,33619.13,0.0,38.0,0,0.0
40,Male,Bachelor,Married,44490.68,95000.0,72.0,1,123500.0
20,Female,Bachelor,Married,64455.96,106500.0,71.0,1,138400.0
42,Female,High School,Married,78702.6,31600.0,53.0,1,36300.0
31,Male,High School,Married,10495.72,13200.0,50.0,1,15200.0
45,Female,Master,Married,174199.99,0.0,73.0,1,261300.0
46,Male,Bachelor,Widowed,34936.58,30700.0,59.0,1,35300.0
18,Male,High School,Married,59139.81,108400.0,61.0,1,109100.0
29,Female,PhD,Married,11522.71,13400.0,61.0,1,16800.0
26,Female,Bachelor,Single,73836.86,0.0,52.0,1,110800.0
18,Male,High School,Married,78583.2,107300.0,61.0,1,134100.0
24,Male,PhD,Single,23962.68,52000.0,71.0,1,67600.0
62,Male,High School,Single,104819.43,0.0,49.0,1,157200.0
42,Female,PhD,Single,62344.21,0.0,61.0,1,93500.0
57,Female,High School,Married,83329.08,84800.0,68.0,1,106000.0
45,Male,High School,Married,44607.41,41300.0,52.0,1,47500.0
27,Male,Bachelor,Married,157052.45,107800.0,78.0,1,140100.0
31,Female,High School,Married,10066.95,17200.0,50.0,1,17600.0
42,Female,High School,Married,20841.49,28200.0,50.0,1,32400.0
40,Female,Bachelor,Single,46194.93,50500.0,73.0,1,65600.0
29,Male,High School,Married,42633.91,0.0,36.0,0,0.0
19,Female,Master,Single,63464.27,0.0,55.0,1,95200.0
70,Male,High School,Married,78381.42,0.0,45.0,1,108500.0
34,Male,Master,Single,48918.05,49100.0,76.0,1,63800.0
32,Male,High School,Married,11979.12,21000.0,50.0,1,21000.0
37,Male,Bachelor,Married,65284.55,0.0,58.0,1,97900.0
33,Female,High School,Married,22885.63,24400.0,57.0,1,28100.0
37,Female,Bachelor,Single,62539.05,117800.0,73.0,1,153100.0
50,Female,High School,Married,157676.95,340600.0,82.0,1,395600.0
34,Male,High School,Married,74462.08,94000.0,65.0,1,117500.0
23,Male,High School,Single,60829.98,38800.0,54.0,1,44600.0
34,Male,High School,Married,10106.13,3900.0,38.0,0,3900.0
30,Female,High School,Single,13236.12,25500.0,48.0,1,28100.0
51,Female,Bachelor,Married,39853.27,0.0,50.0,1,59800.0
48,Male,High School,Single,29832.18,0.0,38.0,0,0.0
37,Male,High School,Single,30682.43,10000.0,43.0,1,11000.0
21,Male,Master,Single,48338.92,59900.0,72.0,1,77900.0
22,Female,Bachelor,Married,35838.88,0.0,46.0,1,53800.0
36,Male,Master,Single,145971.03,356100.0,87.0,1,498500.0
39,Male,Master,Married,64388.21,0.0,61.0,1,96600.0
31,Male,High School,Single,39493.13,28100.0,50.0,1,32300.0
30,Male,Master,Single,168917.93,405000.0,93.0,1,607500.0
29,Male,High School,Married,157548.49,79400.0,68.0,1,99200.0
35,Female,Master,Divorced,138987.63,291500.0,85.0,1,408100.0
18,Female,Bachelor,Married,87106.07,185000.0,82.0,1,259000.0
23,Male,Bachelor,Single,62199.2,48800.0,64.0,1,61000.0
29,Male,Bachelor,Single,37058.66,0.0,44.0,1,55600.0
49,Female,Master,Married,35230.52,81200.0,75.0,1,105600.0
27,Female,Bachelor,Single,82870.55,141000.0,75.0,1,183300.0
37,Male,High School,Married,33490.65,72000.0,62.0,1,58700.0
38,Female,High School,Married,139813.77,294300.0,76.0,1,382600.0
50,Female,Bachelor,Married,130843.21,0.0,64.0,1,196300.0
49,Male,High School,Divorced,11686.22,5200.0,34.0,0,5200.0
35,Male,Bachelor,Single,20637.12,0.0,41.0,1,31000.0
30,Female,Bachelor,Married,20341.89,7300.0,48.0,1,8000.0
28,Female,High School,Married,76610.64,78100.0,61.0,1,97600.0
33,Male,Bachelor,Married,14173.49,0.0,43.0,1,21300.0
31,Male,Bachelor,Married,30167.14,37000.0,67.0,1,46200.0
42,Male,Master,Divorced,10432.01,5300.0,54.0,1,6100.0
40,Female,High School,Married,23785.91,28200.0,57.0,1,32400.0
42,Male,Master,Married,68120.9,25500.0,66.0,1,31900.0
49,Male,PhD,Married,47241.71,47200.0,75.0,1,61400.0
56,Female,Bachelor,Married,49464.91,0.0,55.0,1,74200.0
37,Male,Master,Married,112608.48,0.0,67.0,1,168900.0
48,Female,Bachelor,Single,61816.14,149000.0,78.0,1,193700.0
32,Male,High School,Married,134041.2,0.0,54.0,1,201100.0
49,Male,Bachelor,Married,251394.65,412800.0,87.0,1,577900.0
47,Male,Bachelor,Married,43635.75,0.0,50.0,1,65500.0
47,Female,Master,Single,43870.59,90000.0,73.0,1,117000.0
37,Female,Bachelor,Married,47521.9,85900.0,75.0,1,111700.0
28,Male,Bachelor,Married,44664.55,90700.0,68.0,1,91600.0
20,Female,Bachelor,Single,52780.71,0.0,52.0,1,79200.0
35,Female,High School,Married,59911.87,64300.0,65.0,1,80400.0
52,Male,High School,Married,20044.19,14900.0,45.0,1,16400.0
32,Male,Bachelor,Divorced,75947.33,140600.0,71.0,1,182800.0
44,Male,High School,Single,23339.58,41900.0,55.0,1,48200.0
45,Female,High School,Single,39815.87,97400.0,60.0,1,76100.0
32,Female,Bachelor,Single,74845.92,0.0,56.0,1,112300.0
50,Male,Bachelor,Widowed,43861.42,103600.0,69.0,1,82000.0
18,Male,Bachelor,Married,85950.4,0.0,60.0,1,128900.0
22,Male,Master,Married,88885.24,55700.0,75.0,1,72400.0
25,Male,High School,Single,32462.37,76400.0,56.0,1,73000.0
26,Male,High School,Married,38249.67,0.0,36.0,0,0.0
39,Male,Bachelor,Married,88285.77,106800.0,81.0,1,149500.0
39,Male,Bachelor,Married,45095.38,68400.0,75.0,1,88900.0
40,Female,Bachelor,Married,80501.93,0.0,64.0,1,120800.0
42,Male,High School,Widowed,94855.96,0.0,51.0,1,142300.0
25,Male,Bachelor,Single,21987.0,45500.0,59.0,1,52300.0
22,Male,Bachelor,Married,10166.58,24900.0,61.0,1,20800.0
40,Male,High School,Married,69961.65,95600.0,65.0,1,119500.0
29,Female,High School,Married,68441.26,63200.0,56.0,1,72700.0
18,Female,Bachelor,Married,29008.89,58100.0,68.0,1,59500.0
46,Male,High School,Divorced,38843.99,84700.0,58.0,1,66900.0
51,Male,High School,Married,56564.9,96100.0,65.0,1,88700.0
53,Male,High School,Single,58085.35,79100.0,63.0,1,98900.0
38,Male,High School,Married,53116.17,120300.0,70.0,1,149000.0
42,Female,High School,Married,154266.03,275800.0,77.0,1,358500.0
51,Male,High School,Married,25910.83,0.0,40.0,1,38900.0
28,Female,High School,Married,85395.27,208200.0,72.0,1,252100.0
48,Female,Bachelor,Married,57952.58,0.0,58.0,1,86900.0
39,Male,High School,Divorced,136676.01,186100.0,67.0,1,232600.0
46,Male,Bachelor,Married,132755.78,44300.0,69.0,1,55400.0
38,Female,Bachelor,Married,76605.87,30600.0,63.0,1,38200.0
50,Male,High School,Married,27382.86,66500.0,62.0,1,42900.0
38,Male,High School,Married,82738.77,169700.0,76.0,1,220600.0
19,Male,Bachelor,Widowed,78205.29,40100.0,63.0,1,50100.0
51,Female,High School,Married,14111.37,27500.0,50.0,1,22100.0
25,Male,Bachelor,Married,24766.63,16800.0,58.0,1,19300.0
49,Female,Master,Married,135428.85,156300.0,84.0,1,218800.0
35,Female,High School,Married,44552.09,63000.0,57.0,1,72400.0
48,Female,Bachelor,Married,22557.85,51600.0,72.0,1,62900.0
48,Male,Master,Married,166037.51,68800.0,78.0,1,89400.0
40,Female,High School,Married,38094.56,0.0,40.0,1,57100.0
41,Male,High School,Married,26213.16,52400.0,57.0,1,45900.0
40,Male,Bachelor,Single,132877.83,331100.0,84.0,1,463500.0
18,Female,PhD,Married,36436.63,73200.0,73.0,1,95200.0
37,Male,High School,Single,76350.79,153500.0,68.0,1,163200.0
23,Female,High School,Married,86461.42,126800.0,67.0,1,158500.0
37,Male,High School,Married,168576.9,178300.0,77.0,1,231800.0
23,Female,High School,Widowed,13941.13,8500.0,38.0,0,8500.0
22,Male,High School,Married,24760.8,17400.0,48.0,1,19100.0
53,Female,High School,Single,49691.99,63400.0,63.0,1,79200.0
47,Male,Bachelor,Married,44281.1,107200.0,72.0,1,123500.0
35,Male,PhD,Married,43983.82,72000.0,72.0,1,93600.0
38,Female,Bachelor,Married,40848.8,90100.0,72.0,1,117100.0
33,Female,Bachelor,Single,395701.75,331500.0,80.0,1,464100.0
42,Male,High School,Single,13290.02,0.0,31.0,0,0.0
28,Male,High School,Married,19906.75,38000.0,46.0,1,36700.0
46,Male,Bachelor,Single,16026.76,7200.0,46.0,0,7200.0
33,Male,Bachelor,Single,80964.95,73400.0,74.0,1,95400.0
31,Male,Bachelor,Married,17329.95,0.0,43.0,0,0.0
36,Female,High School,Married,83078.32,152800.0,71.0,1,198600.0
29,Male,Bachelor,Single,125761.12,0.0,58.0,1,188600.0
39,Male,High School,Married,21869.68,48300.0,55.0,1,38300.0
30,Female,High School,Married,27042.31,42900.0,57.0,1,47400.0
41,Male,High School,Single,37470.02,64900.0,55.0,1,74600.0
49,Female,Master,Married,40459.31,36200.0,65.0,1,45200.0
28,Female,High School,Married,71358.9,72900.0,61.0,1,91100.0
34,Female,Master,Married,13483.54,0.0,46.0,1,20200.0
41,Female,Master,Single,70258.46,0.0,59.0,1,105400.0
31,Female,Bachelor,Married,135423.67,0.0,64.0,1,203100.0
41,Male,PhD,Married,26372.79,39900.0,72.0,1,51900.0
42,Male,High School,Married,158688.3,90100.0,72.0,1,117100.0
47,Female,Bachelor,Divorced,28145.32,27700.0,58.0,1,31900.0
29,Male,Master,Married,82445.04,139800.0,80.0,1,195700.0
25,Male,High School,Married,26929.35,58900.0,58.0,1,49700.0
32,Female,Bachelor,Single,16027.8,7100.0,46.0,1,7800.0
25,Female,High School,Married,18342.62,23800.0,46.0,1,26200.0
42,Male,High School,Divorced,44904.11,20200.0,41.0,0,20200.0
23,Female,Master,Single,239617.77,315500.0,84.0,1,441700.0
61,Female,Bachelor,Married,36619.03,69200.0,64.0,1,56300.0
50,Female,High School,Single,103802.15,207800.0,74.0,1,270100.0
36,Female,Master,Married,163767.61,148000.0,85.0,1,207200.0
45,Male,High School,Married,41813.25,0.0,40.0,1,62700.0
18,Female,Master,Married,84958.06,0.0,63.0,1,127400.0
63,Female,PhD,Single,87549.04,48700.0,76.0,1,63300.0
29,Female,Master,Divorced,61005.67,104900.0,70.0,1,136400.0
34,Female,Bachelor,Single,17997.35,0.0,41.0,1,27000.0
18,Male,Bachelor,Single,29262.1,0.0,44.0,1,43900.0
41,Male,Bachelor,Single,40487.49,0.0,48.0,1,60700.0
23,Male,Bachelor,Single,127403.38,0.0,58.0,1,191100.0
37,Female,High School,Single,16658.91,9300.0,43.0,1,10200.0
30,Female,High School,Married,50984.59,79400.0,65.0,1,89400.0
24,Male,Bachelor,Married,41561.35,66300.0,63.0,1,82900.0
27,Female,Bachelor,Married,66732.51,0.0,54.0,1,100100.0
38,Female,Bachelor,Married,147642.9,0.0,64.0,1,221500.0
21,Male,Bachelor,Single,37393.48,47300.0,61.0,1,59100.0
27,Male,Bachelor,Single,28307.77,0.0,44.0,1,42500.0
43,Male,Bachelor,Married,80774.22,62400.0,76.0,1,81100.0
64,Female,High School,Married,363266.59,0.0,57.0,1,502700.0
41,Female,High School,Married,68208.93,0.0,48.0,1,102300.0
25,Male,High School,Married,85608.47,39800.0,55.0,1,45800.0
31,Male,Bachelor,Single,52240.46,69000.0,73.0,1,89700.0
36,Female,High School,Married,31531.92,53500.0,57.0,1,55300.0
32,Female,Bachelor,Married,46994.4,0.0,58.0,1,70500.0
45,Female,High School,Married,14782.75,0.0,33.0,0,0.0
38,Male,High School,Single,89866.71,0.0,52.0,1,134800.0
45,Male,Bachelor,Single,65843.13,26300.0,61.0,1,32900.0
32,Female,High School,Divorced,127728.96,87300.0,62.0,1,109100.0
50,Male,Bachelor,Married,151903.94,135100.0,82.0,1,189100.0
34,Male,Master,Married,10583.28,18000.0,63.0,1,22300.0
25,Female,Bachelor,Married,60919.53,134200.0,76.0,1,174500.0
59,Female,Bachelor,Married,68988.21,48300.0,67.0,1,60400.0
18,Female,Bachelor,Married,66782.97,53300.0,66.0,1,66600.0
27,Female,High School,Single,17709.72,33200.0,44.0,1,36500.0
29,Male,Bachelor,Married,25195.56,60600.0,68.0,1,51700.0
63,Male,High School,Married,31260.13,33700.0,54.0,1,38800.0
55,Male,High School,Married,73511.85,73800.0,65.0,1,92200.0
52,Female,High School,Single,13619.8,0.0,31.0,0,0.0
32,Male,Bachelor,Married,72579.61,48900.0,70.0,1,63600.0
62,Female,Bachelor,Married,21499.74,0.0,40.0,0,0.0
40,Male,Master,Single,43398.87,0.0,51.0,1,65100.0
46,Male,High School,Married,38686.81,25000.0,52.0,1,28700.0
37,Male,High School,Married,52993.31,42000.0,60.0,1,52500.0
35,Female,Bachelor,Married,80290.96,59800.0,76.0,1,77700.0
33,Male,Bachelor,Married,15360.45,25100.0,60.0,1,29900.0
33,Female,High School,Single,43889.86,81900.0,55.0,1,93800.0
42,Male,High School,Married,72513.93,70500.0,60.0,1,88100.0
40,Female,Bachelor,Single,109586.08,217400.0,79.0,1,282600.0
35,Female,High School,Married,59059.33,135800.0,70.0,1,165600.0
52,Male,Bachelor,Single,118715.25,171000.0,79.0,1,222300.0
18,Female,Bachelor,Married,240782.91,554100.0,88.0,1,775700.0
41,Male,High School,Married,159463.94,267600.0,77.0,1,347900.0
43,Female,High School,Married,254084.03,185500.0,72.0,1,241200.0
48,Female,Master,Married,53803.04,46500.0,73.0,1,60400.0
35,Male,High School,Widowed,143648.74,229600.0,68.0,1,270200.0
38,Male,High School,Single,65915.04,52400.0,58.0,1,60300.0
46,Male,Bachelor,Married,22509.86,6900.0,55.0,1,7900.0
52,Female,Bachelor,Divorced,241405.74,210500.0,78.0,1,273600.0
32,Male,Bachelor,Married,10458.31,4300.0,48.0,1,4700.0
38,Female,Bachelor,Married,348748.97,793400.0,92.0,1,1086700.0
54,Female,PhD,Married,43873.57,79400.0,72.0,1,103200.0
18,Female,High School,Married,16002.04,5800.0,34.0,0,5800.0
28,Male,Bachelor,Single,140234.94,57000.0,63.0,1,71200.0
52,Male,Bachelor,Single,41436.94,15100.0,53.0,1,17400.0
48,Male,High School,Married,45853.45,94100.0,70.0,1,115100.0
41,Male,High School,Married,11947.89,24200.0,55.0,1,20900.0
31,Male,Bachelor,Married,323958.68,623000.0,87.0,1,872200.0
26,Male,Bachelor,Married,78378.3,49400.0,66.0,1,61800.0
29,Female,Master,Single,17514.37,43300.0,62.0,1,47300.0
53,Male,Bachelor,Single,21270.94,45900.0,63.0,1,45200.0
29,Male,Bachelor,Married,62656.55,107400.0,71.0,1,139600.0
37,Male,Bachelor,Married,302118.13,542600.0,87.0,1,759600.0
27,Male,Bachelor,Married,88038.17,0.0,60.0,1,132100.0
45,Male,Bachelor,Married,42691.72,66400.0,67.0,1,74400.0
30,Male,Bachelor,Married,92772.25,98200.0,81.0,1,137500.0
34,Female,Bachelor,Single,257470.78,0.0,68.0,1,386200.0
18,Male,Bachelor,Married,78254.77,81300.0,71.0,1,105700.0
18,Female,High School,Single,45039.46,107700.0,64.0,1,101300.0
36,Male,Bachelor,Widowed,20355.85,49400.0,62.0,1,42500.0
21,Female,High School,Widowed,33548.52,28700.0,45.0,0,28700.0
59,Female,Bachelor,Married,97793.94,206500.0,83.0,1,272600.0
18,Female,High School,Married,32176.66,16800.0,48.0,1,18500.0
27,Female,Bachelor,Married,33330.31,28800.0,58.0,1,33100.0
36,Male,PhD,Married,61511.85,54100.0,75.0,1,70300.0
31,Male,Bachelor,Married,32449.17,54200.0,67.0,1,63200.0
23,Male,Bachelor,Single,170225.64,395000.0,86.0,1,553000.0
25,Male,Bachelor,Single,13888.79,0.0,37.0,0,0.0
25,Male,Bachelor,Single,88241.25,109000.0,75.0,1,141700.0
32,Female,High School,Single,75916.0,87900.0,63.0,1,109900.0
57,Male,High School,Single,170641.35,194000.0,72.0,1,252200.0
36,Male,High School,Married,26806.52,42000.0,57.0,1,47000.0
49,Male,Master,Married,33312.44,59300.0,70.0,1,77100.0
41,Female,High School,Married,70443.93,82800.0,65.0,1,103500.0
48,Female,Bachelor,Single,48837.81,101300.0,78.0,1,131700.0
18,Male,Master,Single,33353.74,0.0,47.0,1,50000.0
32,Male,Bachelor,Married,41801.94,37500.0,62.0,1,46900.0
50,Male,High School,Married,23200.46,0.0,40.0,0,0.0
29,Female,High School,Married,36773.05,89000.0,58.0,1,67800.0
55,Male,High School,Married,89494.01,145500.0,71.0,1,189200.0
52,Female,Bachelor,Married,68734.21,0.0,58.0,1,103100.0
30,Male,High School,Married,58651.54,49500.0,60.0,1,61900.0
30,Male,Bachelor,Married,17019.35,25100.0,60.0,1,31400.0
24,Female,Master,Single,299116.22,143400.0,72.0,1,186400.0
29,Female,High School,Married,99464.32,117400.0,67.0,1,146800.0
22,Female,High School,Married,26928.71,0.0,36.0,1,19900.0
40,Male,Bachelor,Single,18032.82,22500.0,58.0,1,25900.0
19,Female,High School,Married,71665.23,154200.0,66.0,1,132200.0
42,Male,Bachelor,Married,60494.41,23500.0,63.0,1,29400.0
42,Male,Bachelor,Single,89033.78,53800.0,74.0,1,69900.0
18,Male,High School,Married,74014.59,141600.0,61.0,1,136600.0
53,Male,Master,Married,27308.59,52900.0,70.0,1,68800.0
41,Female,High School,Married,32837.17,56500.0,57.0,1,57600.0
44,Male,High School,Married,18539.11,43100.0,55.0,1,32500.0
27,Female,Master,Single,327836.9,479100.0,84.0,1,670700.0
42,Male,High School,Married,112169.58,213000.0,71.0,1,276900.0
48,Male,High School,Married,148306.29,0.0,54.0,1,222500.0
34,Female,Master,Married,13994.51,23100.0,63.0,1,28900.0
58,Female,High School,Single,65587.71,0.0,43.0,1,98400.0
36,Female,High School,Married,75111.73,137800.0,65.0,1,131700.0
48,Female,Bachelor,Married,16971.93,35300.0,65.0,1,29600.0
39,Male,High School,Widowed,77072.87,91500.0,62.0,1,114400.0
42,Female,Bachelor,Married,62182.69,0.0,58.0,1,93300.0
18,Female,Bachelor,Single,345440.13,313000.0,76.0,1,406900.0
40,Male,Bachelor,Married,10188.0,21100.0,65.0,1,19800.0
27,Male,High School,Single,53458.53,116500.0,64.0,1,120300.0
26,Male,Master,Married,177590.15,134600.0,81.0,1,188400.0
55,Male,High School,Divorced,48902.73,0.0,44.0,1,73400.0
33,Female,Bachelor,Single,37223.77,86500.0,70.0,1,112400.0
24,Male,Master,Married,21001.09,6900.0,47.0,1,7600.0
32,Female,High School,Married,369100.23,393000.0,77.0,1,510900.0
21,Male,High School,Single,20953.06,34600.0,44.0,1,38100.0
51,Male,High School,Married,396459.96,247200.0,72.0,1,321400.0
28,Female,PhD,Divorced,30217.29,54600.0,64.0,1,68200.0
41,Male,Bachelor,Single,119714.22,0.0,62.0,1,179600.0
50,Male,Master,Married,50438.79,0.0,61.0,1,75700.0
30,Female,Bachelor,Single,108134.12,50200.0,67.0,1,62800.0
41,Female,High School,Married,37016.2,81700.0,62.0,1,64900.0
24,Female,High School,Single,119803.31,194300.0,65.0,1,242900.0
62,Male,Master,Single,29846.39,0.0,48.0,1,44800.0
46,Male,Bachelor,Single,74066.57,24800.0,61.0,1,31000.0
33,Female,High School,Single,99415.97,228000.0,74.0,1,296400.0
27,Female,Bachelor,Widowed,10671.34,23100.0,58.0,1,23500.0
34,Male,High School,Married,81127.78,104400.0,71.0,1,135700.0
32,Female,High School,Married,40166.44,54900.0,57.0,1,63100.0
57,Male,Bachelor,Divorced,62329.09,58500.0,63.0,1,73100.0
22,Male,High School,Single,71688.05,0.0,42.0,1,107500.0
37,Male,High School,Married,27475.83,37100.0,57.0,1,42700.0
35,Male,Bachelor,Married,14411.65,6800.0,48.0,1,7500.0
34,Male,Bachelor,Married,10436.83,4900.0,48.0,1,5400.0
34,Female,High School,Married,28292.99,59300.0,62.0,1,49600.0
34,Male,High School,Single,22376.72,0.0,38.0,1,19100.0
45,Female,Master,Single,64083.41,157300.0,81.0,1,220200.0
42,Female,High School,Single,68387.55,0.0,46.0,1,102600.0
40,Female,High School,Married,67289.88,158900.0,70.0,1,188700.0
18,Male,High School,Single,60332.0,104400.0,59.0,1,120100.0
39,Male,High School,Widowed,54312.57,53100.0,57.0,1,61100.0
18,Female,Bachelor,Single,15452.12,13700.0,49.0,1,15100.0
43,Male,Master,Married,168293.62,404200.0,95.0,1,566400.0
52,Female,Bachelor,Married,21798.76,22800.0,60.0,1,28500.0
25,Male,Bachelor,Divorced,29192.69,42600.0,59.0,1,49000.0
33,Male,Master,Married,21693.15,52100.0,68.0,1,45600.0
29,Female,High School,Married,64554.82,48700.0,56.0,1,56000.0
49,Female,Bachelor,Married,36105.26,25300.0,62.0,1,31600.0
37,Male,Bachelor,Widowed,19644.56,15200.0,52.0,1,17500.0
55,Male,High School,Single,14313.04,11700.0,43.0,1,12900.0
40,Female,Bachelor,Married,26790.5,49600.0,67.0,1,52200.0
38,Male,Bachelor,Single,57288.44,38900.0,68.0,1,48600.0
36,Male,High School,Married,82737.73,32100.0,59.0,1,36900.0
44,Male,High School,Married,21213.7,40000.0,50.0,1,37200.0
18,Male,High School,Married,11541.84,27900.0,51.0,1,21300.0
36,Male,High School,Married,76253.06,0.0,48.0,1,114400.0
35,Male,High School,Single,187678.96,206400.0,75.0,1,268300.0
43,Female,Bachelor,Married,84372.93,31100.0,69.0,1,38900.0
33,Female,High School,Married,83557.21,130000.0,71.0,1,169000.0
24,Female,Bachelor,Divorced,79857.13,0.0,50.0,1,119800.0
36,Male,High School,Married,19892.57,34400.0,50.0,1,34900.0
24,Male,Bachelor,Single,144391.45,346900.0,80.0,1,485700.0
18,Female,Master,Single,11767.69,4100.0,45.0,1,4500.0
43,Male,Master,Married,86155.11,156800.0,84.0,1,219500.0
42,Female,Bachelor,Married,211025.06,375800.0,87.0,1,526100.0
41,Male,High School,Married,27179.58,0.0,40.0,1,40800.0
50,Female,High School,Single,31950.11,60700.0,55.0,1,61100.0
28,Female,High School,Single,67408.35,75700.0,59.0,1,87100.0
20,Male,PhD,Widowed,49334.3,28200.0,68.0,1,35200.0
35,Male,Bachelor,Married,158551.08,49100.0,75.0,1,63800.0
32,Male,Bachelor,Married,51178.78,60400.0,75.0,1,78500.0
26,Male,Bachelor,Married,37059.48,76800.0,68.0,1,76000.0
35,Male,Bachelor,Divorced,65339.13,0.0,54.0,1,98000.0
29,Female,Bachelor,Single,81492.11,0.0,58.0,1,122200.0
18,Male,High School,Married,58302.19,0.0,44.0,0,0.0
31,Male,High School,Single,20038.32,35200.0,48.0,1,38700.0
23,Male,Bachelor,Married,56351.7,131700.0,76.0,1,171200.0
38,Male,Master,Married,306355.37,670700.0,95.0,1,1006000.0
28,Male,High School,Married,66875.06,0.0,44.0,1,100300.0
48,Female,Bachelor,Married,14230.92,11100.0,55.0,1,12800.0
53,Female,High School,Single,22270.89,49300.0,60.0,1,42600.0
43,Male,Bachelor,Single,31150.51,72400.0,70.0,1,94100.0
18,Male,High School,Married,50326.22,115800.0,66.0,1,92900.0
52,Female,Bachelor,Married,55132.08,85200.0,75.0,1,110800.0
53,Male,Bachelor,Single,18259.6,40500.0,63.0,1,38800.0
36,Male,Bachelor,Married,70707.99,144600.0,80.0,1,202400.0
50,Female,High School,Single,137437.17,228400.0,69.0,1,262800.0
29,Male,Bachelor,Married,34972.39,86100.0,68.0,1,71700.0
18,Male,High School,Divorced,11440.64,9600.0,37.0,0,9600.0
27,Female,High School,Single,52408.84,87700.0,59.0,1,100900.0
55,Male,High School,Single,69426.05,24900.0,51.0,1,28600.0
19,Female,High School,Married,126614.5,163600.0,67.0,1,204500.0
35,Male,High School,Married,65844.09,140500.0,70.0,1,182600.0
36,Female,Master,Married,42220.5,34500.0,65.0,1,43100.0
30,Male,High School,Single,220736.15,0.0,58.0,1,331100.0
31,Male,Bachelor,Married,85981.42,169800.0,81.0,1,237700.0
36,Female,Bachelor,Married,41722.21,70800.0,67.0,1,81300.0
29,Female,Bachelor,Single,171160.91,387800.0,86.0,1,542900.0
20,Male,Bachelor,Married,321099.53,413700.0,83.0,1,579200.0
38,Female,Bachelor,Married,41870.51,31800.0,62.0,1,39800.0
47,Male,Bachelor,Married,179207.05,310600.0,87.0,1,434800.0
45,Female,High School,Married,15656.98,37400.0,55.0,1,24600.0
27,Female,Bachelor,Single,41821.59,70500.0,61.0,1,88100.0
22,Male,High School,Married,42784.93,0.0,36.0,0,0.0
32,Male,High School,Single,29124.62,64200.0,60.0,1,62300.0
53,Male,Bachelor,Single,64921.76,20300.0,61.0,1,25400.0
43,Female,Master,Divorced,70815.35,33300.0,62.0,1,41600.0
43,Male,Bachelor,Married,121424.07,184000.0,81.0,1,257600.0
45,Female,Bachelor,Married,29409.33,64200.0,72.0,1,82000.0
40,Male,High School,Married,62132.23,71100.0,65.0,1,88900.0
37,Female,Bachelor,Married,64075.78,144500.0,80.0,1,199700.0
43,Female,High School,Married,56352.14,0.0,48.0,1,84500.0
29,Female,Bachelor,Married,66299.04,80700.0,71.0,1,104900.0
20,Female,High School,Divorced,80043.67,81000.0,63.0,1,101200.0
43,Male,Bachelor,Single,73101.91,0.0,56.0,1,109700.0
49,Male,Master,Married,124178.75,0.0,67.0,1,186300.0
23,Female,Master,Married,104057.64,0.0,63.0,1,156100.0
45,Male,Master,Married,82081.93,76200.0,79.0,1,99100.0
54,Female,High School,Married,33760.64,38700.0,57.0,1,44500.0
35,Female,Master,Single,393672.86,641400.0,88.0,1,898000.0
27,Female,Bachelor,Married,56371.2,18000.0,59.0,1,20700.0
37,Male,Master,Married,105796.17,159100.0,84.0,1,222700.0
29,Male,Master,Married,10096.09,3400.0,47.0,1,3700.0
29,Female,Master,Married,97436.12,159400.0,80.0,1,223200.0
40,Male,High School,Widowed,62343.08,70600.0,62.0,1,88200.0
18,Female,High School,Widowed,53920.82,0.0,41.0,1,80900.0
20,Male,Bachelor,Married,10454.6,21800.0,61.0,1,21400.0
36,Male,Bachelor,Single,55141.55,98100.0,73.0,1,127500.0
35,Male,High School,Married,18745.05,44000.0,55.0,1,32900.0
39,Female,Bachelor,Married,18828.33,15800.0,55.0,1,18200.0
56,Male,High School,Married,25441.62,0.0,37.0,0,0.0
37,Male,High School,Married,21237.87,16800.0,45.0,0,16800.0
42,Female,High School,Married,25657.83,0.0,40.0,0,0.0
25,Female,High School,Married,49020.36,0.0,44.0,1,73500.0
44,Female,Bachelor,Widowed,104664.37,182700.0,78.0,1,237500.0
30,Male,Master,Married,25231.98,0.0,53.0,1,37800.0
36,Female,Bachelor,Widowed,146853.58,0.0,61.0,1,220300.0
34,Male,Bachelor,Single,52031.59,80500.0,73.0,1,104600.0
47,Female,High School,Married,319552.16,453800.0,77.0,1,589900.0
21,Female,Bachelor,Married,13319.18,20700.0,56.0,1,23800.0
18,Male,Bachelor,Married,12980.86,16700.0,56.0,1,19200.0
33,Male,Bachelor,Divorced,170752.64,82000.0,71.0,1,106600.0
41,Female,High School,Married,26929.65,32400.0,57.0,1,37300.0
37,Male,Master,Married,83906.31,83400.0,79.0,1,108400.0
49,Female,PhD,Divorced,58658.73,52400.0,71.0,1,68100.0
40,Male,High School,Married,179210.55,315000.0,77.0,1,409500.0
29,Female,High School,Married,21771.15,38700.0,46.0,1,40200.0
18,Male,High School,Married,82242.53,200800.0,72.0,1,242800.0
33,Female,High School,Married,41965.99,71200.0,57.0,1,73600.0
47,Male,Master,Married,40935.0,39100.0,65.0,1,48900.0
31,Male,Master,Married,36481.85,53800.0,70.0,1,69900.0
36,Male,Bachelor,Married,162812.05,0.0,70.0,1,244200.0
40,Male,Bachelor,Single,36450.46,43800.0,65.0,1,54800.0
24,Male,Bachelor,Married,82897.47,141200.0,77.0,1,183600.0
42,Female,High School,Married,87099.9,183000.0,76.0,1,237900.0
54,Male,Bachelor,Married,78899.44,133200.0,75.0,1,173200.0
34,Female,Master,Married,88410.92,59700.0,79.0,1,77600.0
23,Male,Bachelor,Divorced,65170.35,66000.0,67.0,1,82500.0
35,Male,High School,Married,43283.91,104700.0,62.0,1,75900.0
18,Male,Bachelor,Single,55180.4,60500.0,69.0,1,75600.0
39,Female,High School,Married,46411.48,98700.0,70.0,1,128300.0
40,Male,Bachelor,Married,24946.23,15200.0,62.0,1,19000.0
54,Male,Bachelor,Widowed,104422.26,257600.0,83.0,1,312400.0
33,Male,High School,Married,82099.2,62800.0,66.0,1,78500.0
40,Male,Bachelor,Married,63045.42,152300.0,80.0,1,196400.0
26,Male,Bachelor,Married,55493.02,22700.0,59.0,1,26100.0
32,Male,High School,Divorced,40682.23,0.0,36.0,0,0.0
19,Male,Master,Married,108191.17,75000.0,75.0,1,97500.0
33,Female,High School,Married,10934.5,18800.0,50.0,1,19200.0
32,Male,High School,Married,32722.39,0.0,40.0,0,0.0
39,Male,High School,Single,96246.65,92000.0,64.0,1,115000.0
29,Male,High School,Widowed,57552.19,68200.0,58.0,1,78400.0
36,Female,Bachelor,Married,38107.72,15300.0,55.0,1,17600.0
32,Male,Bachelor,Married,61853.95,96900.0,75.0,1,126000.0
32,Female,High School,Single,199244.91,324200.0,75.0,1,421500.0
36,Female,High School,Single,31268.84,51900.0,55.0,1,59700.0
36,Female,High School,Married,16157.71,37300.0,55.0,1,28300.0
44,Male,Bachelor,Married,56260.26,28300.0,70.0,1,36800.0
34,Male,Bachelor,Married,25930.49,34700.0,67.0,1,43400.0
32,Male,High School,Married,79275.35,75500.0,60.0,1,94400.0
34,Female,High School,Widowed,48052.67,40200.0,57.0,1,46200.0
28,Female,High School,Married,88059.01,91500.0,67.0,1,114400.0
32,Male,High School,Single,22174.77,52400.0,60.0,1,47400.0
58,Female,High School,Married,36978.57,31600.0,49.0,1,34800.0
25,Male,Bachelor,Married,25072.88,12200.0,51.0,1,14000.0
32,Male,High School,Single,34583.24,41700.0,55.0,1,48000.0
31,Male,High School,Single,53428.93,0.0,46.0,1,80100.0
33,Male,Bachelor,Single,22789.4,0.0,48.0,1,34200.0
32,Female,Bachelor,Single,41774.62,54200.0,65.0,1,67800.0
39,Female,High School,Divorced,31750.49,66500.0,58.0,1,61100.0
18,Female,High School,Married,240548.58,514200.0,78.0,1,668500.0
47,Male,Bachelor,Single,21367.26,0.0,41.0,1,32100.0
42,Female,Bachelor,Single,23885.77,51200.0,70.0,1,66600.0
22,Female,High School,Married,30015.77,20000.0,48.0,1,22000.0
18,Male,High School,Married,219019.99,194200.0,68.0,1,242800.0
25,Male,High School,Married,44797.51,29200.0,48.0,1,32100.0
33,Female,Bachelor,Married,69570.88,161900.0,80.0,1,216800.0
64,Female,Bachelor,Divorced,40681.08,79900.0,60.0,1,68600.0
41,Female,High School,Married,11962.41,23800.0,50.0,1,21000.0
18,Male,High School,Married,29002.0,52500.0,53.0,1,53500.0
28,Male,Master,Married,72882.21,24000.0,62.0,1,30000.0
35,Female,Bachelor,Married,53011.35,40600.0,70.0,1,52800.0
38,Female,High School,Married,67502.81,149900.0,70.0,1,189300.0
21,Male,Bachelor,Married,173845.22,236300.0,83.0,1,330800.0
34,Female,High School,Single,21163.03,40900.0,48.0,1,45000.0
28,Female,Bachelor,Widowed,14258.56,0.0,36.0,1,12500.0
23,Female,Bachelor,Married,68226.38,0.0,54.0,1,102300.0
38,Female,Master,Single,26563.39,0.0,51.0,1,39800.0
44,Male,Bachelor,Married,178066.47,144900.0,82.0,1,202900.0
45,Female,High School,Married,136788.49,0.0,54.0,1,205200.0
42,Male,Bachelor,Single,12475.76,14700.0,58.0,1,16900.0
30,Female,Master,Married,83014.3,124700.0,84.0,1,174600.0
43,Male,Bachelor,Single,15044.49,25300.0,58.0,1,29100.0
39,Female,High School,Single,36631.15,85500.0,60.0,1,78300.0
37,Female,Master,Single,165921.03,325900.0,88.0,1,456300.0
29,Female,High School,Married,58914.14,85900.0,61.0,1,107400.0
30,Male,High School,Married,16934.86,10400.0,45.0,1,11400.0
36,Male,High School,Single,23290.77,14000.0,50.0,1,16100.0
62,Female,High School,Married,12814.52,7500.0,42.0,1,8200.0
39,Male,Bachelor,Married,25191.39,62200.0,72.0,1,78500.0
29,Male,High School,Married,73988.58,154400.0,66.0,1,136500.0
26,Female,High School,Single,56459.44,27600.0,47.0,1,30400.0
30,Female,Bachelor,Married,79199.37,0.0,58.0,1,118800.0
59,Female,Bachelor,Single,39506.14,0.0,45.0,1,59300.0
31,Male,Bachelor,Married,40037.61,39800.0,62.0,1,49800.0
45,Female,High School,Married,11591.53,0.0,33.0,0,0.0
31,Female,High School,Married,137344.34,171800.0,71.0,1,223300.0
38,Female,Bachelor,Married,18149.21,39700.0,65.0,1,35300.0
44,Female,High School,Single,29423.81,15900.0,50.0,1,18300.0
29,Male,High School,Married,13120.77,5800.0,34.0,0,5800.0
28,Female,Bachelor,Divorced,38513.0,0.0,42.0,0,0.0
54,Female,High School,Single,121616.76,243300.0,74.0,1,316300.0
46,Male,Bachelor,Married,27724.23,23200.0,62.0,1,29000.0
44,Male,Bachelor,Married,70330.88,161500.0,80.0,1,219200.0
44,Female,High School,Single,316484.91,569800.0,75.0,1,740700.0
41,Male,High School,Divorced,159912.23,215700.0,73.0,1,280400.0
58,Male,High School,Married,22941.39,47200.0,59.0,1,36000.0
36,Male,High School,Single,26013.24,26300.0,55.0,1,30200.0
42,Male,PhD,Married,79976.23,0.0,63.0,1,120000.0
20,Female,Bachelor,Married,297011.5,260200.0,78.0,1,338300.0
26,Male,Bachelor,Married,81273.36,57300.0,72.0,1,74500.0
22,Male,High School,Married,32316.1,72100.0,58.0,1,59600.0
50,Female,High School,Married,15512.62,18000.0,50.0,1,20700.0
18,Male,Bachelor,Married,61990.55,137800.0,76.0,1,179100.0
31,Female,Master,Married,37897.49,85000.0,75.0,1,110500.0
18,Female,High School,Married,35574.76,20900.0,48.0,1,23000.0
26,Female,Master,Married,62672.89,0.0,57.0,1,94000.0
30,Female,High School,Single,53439.67,129900.0,68.0,1,114200.0
51,Male,High School,Married,10028.75,7700.0,45.0,1,8500.0
40,Male,High School,Single,24101.06,27500.0,55.0,1,31600.0
26,Male,Bachelor,Divorced,11294.08,6600.0,47.0,1,7300.0
47,Male,Bachelor,Married,35095.86,83600.0,72.0,1,97800.0
36,Male,Master,Single,158327.81,79300.0,83.0,1,111000.0
36,Male,High School,Widowed,65559.61,0.0,45.0,1,98300.0
22,Male,Bachelor,Single,31527.97,69200.0,66.0,1,78800.0
25,Male,High School,Married,50945.06,0.0,44.0,1,76400.0
26,Male,High School,Married,42723.3,56100.0,53.0,1,64500.0
36,Male,High School,Married,78083.99,120000.0,65.0,1,136900.0
36,Male,Bachelor,Married,31588.95,44800.0,67.0,1,56000.0
52,Female,Bachelor,Married,24231.34,36000.0,67.0,1,42200.0
40,Female,High School,Married,20153.01,16800.0,45.0,1,18500.0
18,Female,High School,Married,25901.55,40700.0,53.0,1,46800.0
38,Female,Bachelor,Married,18080.57,15800.0,55.0,1,18200.0
20,Female,High School,Single,60282.37,95600.0,59.0,1,109900.0
25,Female,Master,Married,41769.76,88200.0,71.0,1,114700.0
27,Male,Master,Single,71412.53,21900.0,60.0,1,27400.0
28,Male,Bachelor,Single,55232.61,0.0,52.0,1,82800.0
20,Female,Bachelor,Married,45569.89,58300.0,71.0,1,75800.0
38,Male,Bachelor,Married,26884.24,44200.0,67.0,1,52400.0
20,Male,High School,Single,14384.03,12400.0,39.0,0,12400.0
39,Male,High School,Single,153754.65,384000.0,80.0,1,525800.0
60,Male,High School,Single,54725.04,0.0,43.0,1,82100.0
21,Female,Master,Married,56767.71,138500.0,79.0,1,180000.0
32,Male,Bachelor,Married,32007.3,0.0,50.0,1,48000.0
18,Male,High School,Single,22987.18,0.0,34.0,0,0.0
32,Male,Bachelor,Married,79578.07,69100.0,70.0,1,89800.0
43,Female,High School,Single,10945.06,18800.0,48.0,1,20700.0
43,Female,Bachelor,Single,78165.84,84300.0,73.0,1,109600.0
36,Male,High School,Widowed,57058.3,119700.0,67.0,1,107300.0
45,Female,Bachelor,Married,65696.87,160800.0,80.0,1,183200.0
64,Male,High School,Single,63467.8,48900.0,55.0,1,56200.0
54,Female,Bachelor,Married,56396.77,108300.0,75.0,1,140800.0
30,Female,High School,Single,56507.08,109600.0,63.0,1,120800.0
20,Female,High School,Divorced,87707.24,93900.0,63.0,1,117400.0
31,Male,Bachelor,Single,29025.85,17800.0,60.0,1,22200.0
25,Male,Bachelor,Married,53239.15,53300.0,71.0,1,69300.0
40,Male,PhD,Single,56272.15,37600.0,73.0,1,48900.0
23,Male,Bachelor,Divorced,76284.07,171200.0,72.0,1,222600.0
35,Male,Bachelor,Married,58899.51,124900.0,80.0,1,174900.0
45,Male,Master,Single,25946.93,51500.0,68.0,1,59500.0
34,Male,Bachelor,Married,14973.82,0.0,43.0,0,0.0
25,Female,Bachelor,Married,50289.6,59300.0,71.0,1,77100.0
48,Male,Bachelor,Married,125879.93,288900.0,86.0,1,351000.0
18,Female,Master,Married,83799.93,174500.0,85.0,1,244300.0
32,Female,Bachelor,Married,123562.09,283400.0,86.0,1,385000.0
35,Female,Bachelor,Married,68136.21,0.0,58.0,1,102200.0
36,Female,High School,Divorced,161022.68,148800.0,68.0,1,186000.0
37,Female,Bachelor,Married,68218.87,117800.0,75.0,1,153100.0
42,Female,High School,Single,23089.94,0.0,38.0,0,0.0
35,Male,High School,Single,109338.3,202700.0,69.0,1,233700.0
31,Male,Master,Married,170483.73,0.0,73.0,1,255700.0
31,Female,Bachelor,Married,40450.26,58000.0,67.0,1,72500.0
29,Male,High School,Married,158460.16,86400.0,68.0,1,108000.0
44,Male,High School,Single,16569.64,26800.0,48.0,1,29500.0
28,Female,High School,Single,60896.74,0.0,42.0,1,91300.0
45,Female,High School,Married,76247.29,54800.0,60.0,1,68500.0
36,Female,High School,Single,37257.05,51600.0,55.0,1,59300.0
30,Male,High School,Married,73924.27,78800.0,65.0,1,98500.0
42,Female,High School,Married,16044.09,27900.0,50.0,1,28100.0
27,Male,Master,Single,27965.96,58100.0,69.0,1,72600.0
43,Female,High School,Married,64594.42,77600.0,65.0,1,97000.0
38,Male,High School,Married,136090.59,290400.0,76.0,1,377500.0
29,Female,Master,Married,12592.07,8600.0,54.0,1,9900.0
41,Male,Bachelor,Married,55352.51,0.0,58.0,1,83000.0
42,Male,High School,Married,80632.96,0.0,54.0,1,120900.0
48,Male,High School,Married,59389.8,67000.0,65.0,1,83800.0
46,Male,Bachelor,Single,88815.43,71200.0,74.0,1,92600.0
41,Female,High School,Married,129275.77,107700.0,66.0,1,134600.0
23,Male,Bachelor,Married,72393.77,94700.0,71.0,1,123100.0
62,Male,High School,Divorced,135354.71,290300.0,69.0,1,205600.0
20,Male,PhD,Widowed,67190.55,0.0,56.0,1,100800.0
46,Female,Bachelor,Married,85050.27,0.0,64.0,1,127600.0
40,Male,High School,Divorced,49185.88,91900.0,61.0,1,94600.0
23,Male,High School,Married,29951.9,28200.0,48.0,1,31000.0
34,Female,Bachelor,Single,13432.14,15300.0,58.0,1,17600.0
35,Female,High School,Single,59670.2,129200.0,68.0,1,127500.0
50,Female,High School,Married,42989.53,17800.0,45.0,1,19600.0
28,Female,High School,Married,48145.02,68800.0,61.0,1,86000.0
33,Male,Bachelor,Widowed,57752.4,0.0,55.0,1,86600.0
18,Female,Bachelor,Married,78195.62,118400.0,71.0,1,153900.0
55,Female,High School,Married,55743.81,110100.0,65.0,1,87400.0
24,Female,Bachelor,Married,41161.61,53200.0,63.0,1,66500.0
39,Male,Bachelor,Married,59846.31,129000.0,80.0,1,180600.0
34,Female,Master,Single,24603.44,25700.0,68.0,1,32100.0
34,Male,Master,Married,136729.35,0.0,67.0,1,205100.0
44,Female,Master,Married,136020.13,329300.0,89.0,1,457700.0
54,Male,PhD,Married,46760.91,0.0,63.0,1,70100.0
38,Male,High School,Married,38511.96,0.0,40.0,1,57800.0
43,Male,Bachelor,Single,25260.1,38200.0,65.0,1,47800.0
39,Male,High School,Single,109208.9,261500.0,74.0,1,340000.0
47,Female,Bachelor,Single,16749.78,33700.0,63.0,1,35600.0
30,Female,High School,Single,85085.13,107200.0,69.0,1,134000.0
47,Female,Bachelor,Married,22474.4,31800.0,67.0,1,39200.0
48,Male,High School,Married,82023.6,204700.0,76.0,1,205800.0
47,Female,High School,Single,78936.56,148500.0,63.0,1,151000.0
28,Female,High School,Married,52276.15,27300.0,56.0,1,31400.0
34,Male,Master,Married,61787.05,101400.0,78.0,1,131800.0
38,Female,High School,Single,171537.47,407000.0,80.0,1,569800.0
20,Male,Master,Single,51587.37,37400.0,67.0,1,46800.0
53,Male,High School,Married,50011.23,100100.0,70.0,1,125500.0
35,Male,Bachelor,Married,38909.9,47200.0,67.0,1,59000.0
39,Male,High School,Divorced,132382.37,81500.0,62.0,1,101900.0
29,Male,High School,Divorced,57785.46,0.0,40.0,1,86700.0
21,Male,PhD,Married,52733.93,90000.0,76.0,1,117000.0
29,Female,High School,Married,338888.93,111200.0,61.0,1,139000.0
38,Male,High School,Married,64777.66,0.0,48.0,1,97200.0
43,Male,Bachelor,Single,27506.3,40700.0,65.0,1,50900.0
37,Female,Bachelor,Single,174904.6,292600.0,85.0,1,409600.0
39,Male,PhD,Single,34904.51,53700.0,70.0,1,69800.0
32,Female,Bachelor,Single,30124.24,34900.0,65.0,1,43600.0
41,Male,Bachelor,Single,18635.9,0.0,41.0,1,28000.0
52,Male,High School,Married,15957.12,0.0,33.0,0,0.0
43,Male,Bachelor,Single,90847.68,164000.0,79.0,1,213200.0
44,Female,Bachelor,Single,41334.5,90500.0,70.0,1,117600.0
39,Male,High School,Married,10796.17,17800.0,50.0,1,18900.0
19,Female,Bachelor,Married,44755.13,17800.0,51.0,1,20500.0
24,Female,High School,Single,60738.12,73300.0,59.0,1,84300.0
41,Female,Bachelor,Married,34071.3,18100.0,62.0,1,22600.0
35,Male,High School,Married,44989.48,72600.0,57.0,1,78900.0
40,Female,High School,Married,57114.19,42700.0,60.0,1,53400.0
54,Male,Bachelor,Widowed,15552.04,0.0,40.0,1,23300.0
43,Female,High School,Single,78970.23,50700.0,58.0,1,58300.0
49,Male,High School,Married,282736.75,602900.0,82.0,1,709400.0
37,Male,High School,Single,60021.99,98400.0,63.0,1,123000.0
27,Male,High School,Married,11447.56,11200.0,41.0,1,12300.0
35,Female,High School,Single,68087.46,139000.0,68.0,1,145500.0
27,Male,Bachelor,Married,69828.54,0.0,54.0,1,104700.0
53,Male,High School,Married,110954.07,0.0,54.0,1,166400.0
44,Male,Bachelor,Widowed,14006.73,30100.0,62.0,1,29300.0
41,Female,Bachelor,Married,28868.3,0.0,50.0,1,43300.0
49,Female,Bachelor,Divorced,64231.62,0.0,54.0,1,96300.0
18,Male,High School,Single,161841.45,144900.0,66.0,1,181100.0
42,Female,Master,Married,59965.94,0.0,61.0,1,89900.0
21,Female,PhD,Married,13269.42,6300.0,49.0,1,6900.0
35,Male,High School,Married,165586.63,88100.0,72.0,1,114500.0
32,Male,Bachelor,Single,40654.97,39600.0,60.0,1,49500.0
43,Male,High School,Divorced,19519.55,16900.0,41.0,1,18600.0
38,Female,High School,Single,156848.93,211200.0,75.0,1,274600.0
50,Female,High School,Married,42440.48,65500.0,57.0,1,66600.0
29,Male,Master,Married,38404.2,36900.0,61.0,1,46100.0
43,Male,Bachelor,Married,105245.97,192700.0,81.0,1,269800.0
37,Male,High School,Widowed,46483.95,14700.0,50.0,1,16900.0
18,Male,High School,Married,53183.88,42700.0,56.0,1,49100.0
25,Female,Bachelor,Divorced,122817.44,132300.0,73.0,1,172000.0
34,Female,High School,Married,47382.13,55300.0,65.0,1,69100.0
48,Male,Master,Divorced,19084.0,21000.0,59.0,1,24100.0
41,Female,Bachelor,Married,321088.22,105000.0,75.0,1,136500.0
23,Male,Bachelor,Married,38513.96,91000.0,68.0,1,79000.0
34,Female,Bachelor,Married,201073.6,398100.0,87.0,1,557300.0
58,Male,Master,Married,13945.24,4400.0,48.0,1,4800.0
37,Female,Bachelor,Married,65673.47,70400.0,75.0,1,91500.0
32,Male,High School,Married,72116.67,0.0,48.0,1,108200.0
41,Male,High School,Married,162249.41,126000.0,72.0,1,163800.0
44,Female,High School,Married,88962.19,0.0,54.0,1,133400.0
30,Male,PhD,Single,23890.68,45500.0,70.0,1,59200.0
41,Female,High School,Married,36757.82,80900.0,62.0,1,64400.0
32,Female,High School,Married,25101.68,48300.0,57.0,1,44000.0
43,Female,High School,Married,13598.44,0.0,33.0,0,0.0
37,Female,High School,Married,79742.14,107500.0,65.0,1,134400.0
41,Male,Bachelor,Married,179468.87,77700.0,75.0,1,101000.0
27,Male,High School,Married,68691.6,84300.0,61.0,1,105400.0
26,Female,High School,Married,60890.31,125600.0,66.0,1,112300.0
46,Male,High School,Single,54634.31,0.0,46.0,1,82000.0
35,Female,High School,Married,80213.97,0.0,54.0,1,120300.0
39,Female,High School,Married,85667.38,76700.0,66.0,1,95900.0
32,Female,Master,Single,83186.04,43000.0,77.0,1,55900.0
45,Male,High School,Divorced,67936.14,89200.0,61.0,1,111500.0
29,Female,High School,Married,71512.36,97100.0,61.0,1,121400.0
34,Male,Bachelor,Single,364056.59,609300.0,85.0,1,853000.0
44,Female,Master,Married,173596.88,88100.0,85.0,1,123300.0
48,Male,Bachelor,Widowed,174510.77,67200.0,72.0,1,87400.0
30,Male,High School,Married,18277.34,35500.0,50.0,1,32000.0
57,Female,Bachelor,Divorced,53625.68,91700.0,68.0,1,102600.0
39,Female,High School,Single,59084.45,46300.0,58.0,1,53200.0
24,Female,Master,Single,56980.06,122300.0,77.0,1,159000.0
40,Male,Master,Married,52806.41,56200.0,78.0,1,73100.0
31,Female,Bachelor,Married,56284.18,76300.0,75.0,1,99200.0
40,Female,High School,Married,168288.5,97200.0,72.0,1,126400.0
35,Female,High School,Married,159330.3,388700.0,82.0,1,446800.0
36,Male,PhD,Married,46968.16,89000.0,80.0,1,124600.0
25,Male,Bachelor,Single,103293.42,85600.0,70.0,1,111300.0
46,Female,High School,Married,89317.18,213300.0,76.0,1,224100.0
23,Male,High School,Single,27197.36,31000.0,51.0,1,35600.0
23,Female,Bachelor,Divorced,17612.72,21800.0,52.0,1,25100.0
40,Male,PhD,Divorced,12466.75,8300.0,56.0,1,9500.0
53,Female,Bachelor,Married,55515.15,0.0,58.0,1,83300.0
32,Female,High School,Single,67433.39,164600.0,68.0,1,144100.0
43,Female,High School,Single,66944.85,83900.0,63.0,1,104900.0
47,Male,High School,Married,148155.57,272700.0,71.0,1,354500.0
44,Female,Master,Married,25868.67,0.0,53.0,1,38800.0
32,Male,High School,Divorced,113644.26,189800.0,67.0,1,218600.0
23,Female,Bachelor,Married,17489.78,0.0,39.0,1,14300.0
18,Male,High School,Single,98766.4,104300.0,65.0,1,130400.0
33,Female,High School,Widowed,171839.25,141000.0,69.0,1,176200.0
48,Female,Bachelor,Single,53045.99,126400.0,78.0,1,164300.0
23,Male,Master,Married,32083.09,72700.0,71.0,1,94500.0
43,Female,High School,Married,11303.81,19200.0,50.0,1,19800.0
25,Male,High School,Married,75817.57,35900.0,49.0,1,39500.0
37,Female,Bachelor,Married,29519.18,60300.0,72.0,1,78400.0
43,Female,Bachelor,Married,23693.7,49700.0,72.0,1,64600.0
28,Male,Bachelor,Married,71668.57,139800.0,71.0,1,181700.0
37,Male,High School,Married,89130.08,60400.0,66.0,1,75500.0
31,Female,Bachelor,Single,84189.96,77500.0,74.0,1,100800.0
43,Male,Master,Married,76630.23,160000.0,83.0,1,224000.0
38,Male,Master,Widowed,91138.43,116300.0,81.0,1,162800.0
36,Male,Bachelor,Married,83693.9,69700.0,76.0,1,90600.0
53,Male,PhD,Widowed,42624.88,73000.0,69.0,1,91200.0
43,Male,High School,Single,93419.76,0.0,52.0,1,140100.0
28,Male,Bachelor,Married,50507.39,72900.0,71.0,1,94800.0
35,Male,Bachelor,Single,65315.83,0.0,56.0,1,98000.0
35,Female,High School,Married,63092.94,126500.0,70.0,1,164400.0
36,Male,PhD,Married,58248.97,90400.0,80.0,1,126600.0
63,Male,High School,Married,53906.34,118800.0,67.0,1,74600.0
40,Female,High School,Married,34629.5,73600.0,62.0,1,60700.0
18,Female,High School,Married,79709.52,0.0,44.0,1,119600.0
30,Male,High School,Widowed,87166.77,168200.0,68.0,1,164000.0
18,Female,Bachelor,Single,28925.32,17500.0,56.0,1,20100.0
32,Female,High School,Married,18438.79,20400.0,50.0,1,23500.0
18,Male,High School,Married,160937.13,314800.0,73.0,1,409200.0
26,Male,Bachelor,Married,32993.07,19700.0,58.0,1,22700.0
19,Male,High School,Married,21053.14,37700.0,46.0,1,38800.0
40,Female,Master,Married,22528.52,23000.0,70.0,1,29900.0
36,Male,High School,Married,42711.06,35000.0,52.0,1,40200.0
39,Female,Bachelor,Married,42527.55,63700.0,67.0,1,79600.0
34,Female,High School,Married,25150.96,12500.0,45.0,1,13800.0
20,Male,Bachelor,Married,64774.03,118300.0,71.0,1,153800.0
41,Male,Bachelor,Married,68213.74,0.0,58.0,1,102300.0
57,Male,PhD,Married,14823.69,0.0,45.0,1,22200.0
40,Male,High School,Married,85300.04,0.0,54.0,1,128000.0
31,Male,Bachelor,Married,18555.82,23500.0,60.0,1,29400.0
20,Female,Bachelor,Single,50557.51,102400.0,74.0,1,133100.0
26,Female,PhD,Married,43309.7,0.0,51.0,1,65000.0
40,Male,Bachelor,Married,23061.95,34200.0,67.0,1,42800.0
47,Female,High School,Single,143610.04,103800.0,64.0,1,129800.0
38,Male,Bachelor,Married,294991.32,471200.0,87.0,1,659700.0
44,Male,High School,Married,48258.28,86300.0,65.0,1,84600.0
43,Female,Bachelor,Single,38004.36,58200.0,65.0,1,72800.0
41,Male,Master,Married,88315.42,173300.0,84.0,1,242600.0
28,Female,PhD,Single,131260.09,0.0,63.0,1,196900.0
37,Female,Bachelor,Married,33819.71,39500.0,67.0,1,49400.0
26,Female,Bachelor,Single,14606.59,34600.0,59.0,1,36500.0
36,Male,High School,Single,84384.61,194300.0,74.0,1,252600.0
39,Male,Bachelor,Single,86750.8,60600.0,74.0,1,78800.0
54,Male,High School,Single,14765.04,12400.0,43.0,1,13600.0
21,Female,Bachelor,Married,170178.76,263500.0,83.0,1,368900.0
41,Female,High School,Married,54196.69,0.0,48.0,1,81300.0
52,Female,High School,Single,32531.19,15400.0,43.0,1,16900.0
44,Female,Bachelor,Married,13023.02,30100.0,65.0,1,25400.0
45,Female,Master,Married,229258.46,459100.0,95.0,1,688600.0
42,Female,Bachelor,Married,83564.98,171600.0,86.0,1,240200.0
50,Male,Bachelor,Single,38427.29,70000.0,65.0,1,81700.0
24,Female,Bachelor,Married,23538.95,15700.0,58.0,1,18100.0
20,Female,High School,Married,79083.58,87100.0,61.0,1,108900.0
35,Male,High School,Married,70781.73,72100.0,65.0,1,90100.0
18,Female,Master,Married,40100.34,99200.0,71.0,1,129000.0
49,Female,Master,Single,35646.65,19600.0,63.0,1,24500.0
49,Female,High School,Married,14528.83,22100.0,50.0,1,22800.0
31,Female,High School,Married,288895.33,577300.0,77.0,1,750500.0
31,Male,Master,Married,102746.18,0.0,67.0,1,154100.0
35,Male,Bachelor,Single,58977.4,0.0,56.0,1,88500.0
36,Male,High School,Married,22513.6,0.0,40.0,1,33800.0
37,Male,High School,Single,31343.27,23700.0,50.0,1,27300.0
42,Male,PhD,Married,49105.7,89800.0,80.0,1,125700.0
34,Male,High School,Single,74727.84,141400.0,63.0,1,159700.0
46,Female,High School,Married,86064.44,131500.0,71.0,1,171000.0
40,Male,Bachelor,Single,18888.1,43300.0,63.0,1,44900.0
29,Male,High School,Married,54334.47,60800.0,61.0,1,76000.0
50,Male,High School,Married,135637.35,257300.0,71.0,1,334500.0
21,Male,High School,Widowed,18543.63,35100.0,43.0,1,36700.0
34,Male,High School,Divorced,81256.39,107200.0,67.0,1,134000.0
46,Male,Bachelor,Widowed,115471.01,245100.0,83.0,1,343100.0
28,Male,Bachelor,Married,32972.83,48000.0,63.0,1,60000.0
39,Male,High School,Single,49695.26,0.0,46.0,1,74500.0
41,Male,High School,Married,18716.32,7400.0,38.0,0,7400.0
26,Female,High School,Single,64563.22,117400.0,59.0,1,135000.0
35,Male,High School,Married,46876.11,81200.0,65.0,1,82200.0
34,Female,Bachelor,Married,137647.88,315900.0,86.0,1,428900.0
29,Male,High School,Divorced,80612.52,49200.0,58.0,1,56600.0
61,Male,Bachelor,Widowed,23022.02,16500.0,56.0,1,19000.0
27,Male,Master,Single,126299.39,171600.0,78.0,1,223100.0
47,Female,High School,Married,133368.01,141900.0,71.0,1,184500.0
31,Male,High School,Married,21994.6,13400.0,45.0,1,14700.0
24,Female,Master,Married,54842.07,34900.0,69.0,1,43600.0
37,Female,Master,Married,40840.6,76500.0,70.0,1,99400.0
43,Male,Master,Divorced,25356.22,0.0,49.0,1,38000.0
46,Female,Bachelor,Married,88380.11,199900.0,86.0,1,246400.0
53,Male,Master,Single,13680.44,13400.0,56.0,1,15400.0
68,Male,Bachelor,Married,11746.77,15200.0,57.0,1,17500.0
38,Male,High School,Married,62178.96,37600.0,60.0,1,47000.0
28,Male,Bachelor,Married,45684.68,0.0,54.0,1,68500.0
40,Male,High School,Married,99798.26,32400.0,59.0,1,37300.0
33,Female,Bachelor,Widowed,67326.72,45300.0,67.0,1,56600.0
46,Male,High School,Married,174656.26,159900.0,72.0,1,207900.0
21,Female,High School,Married,65021.63,0.0,44.0,1,97500.0
62,Male,High School,Widowed,37185.22,0.0,34.0,0,0.0
45,Female,High School,Married,76818.41,115600.0,65.0,1,120500.0
18,Male,Bachelor,Married,46645.21,17300.0,59.0,1,19900.0
28,Female,Bachelor,Single,29407.89,42500.0,61.0,1,53100.0
44,Female,High School,Single,44932.05,58100.0,55.0,1,66800.0
48,Male,Bachelor,Married,45315.31,90500.0,75.0,1,117600.0
22,Male,Bachelor,Married,66157.79,0.0,54.0,1,99200.0
43,Male,Bachelor,Married,82685.11,145500.0,81.0,1,203700.0
18,Male,High School,Divorced,243450.36,454100.0,69.0,1,493000.0
35,Male,Bachelor,Single,21959.55,0.0,41.0,1,32900.0
48,Female,Bachelor,Single,66874.88,107100.0,73.0,1,139200.0
29,Male,Master,Single,172259.79,258800.0,84.0,1,362300.0
19,Male,High School,Married,34151.58,83300.0,58.0,1,63000.0
37,Male,High School,Widowed,31145.79,59500.0,54.0,1,58600.0
29,Female,High School,Married,38332.29,0.0,36.0,0,0.0
42,Male,High School,Married,21499.26,48400.0,55.0,1,37700.0
26,Male,High School,Single,61924.18,91600.0,59.0,1,105300.0
27,Male,Master,Married,83922.37,54500.0,75.0,1,70800.0
18,Male,Bachelor,Married,149364.91,318700.0,82.0,1,446200.0
37,Female,High School,Married,14543.25,21200.0,50.0,1,24400.0
34,Female,Bachelor,Single,23276.17,11000.0,53.0,1,12600.0
22,Female,High School,Married,59013.14,68500.0,61.0,1,85600.0
38,Male,High School,Single,82407.92,113100.0,69.0,1,141400.0
47,Female,Bachelor,Married,11141.81,10100.0,55.0,1,11600.0
33,Male,Bachelor,Divorced,16866.12,15900.0,51.0,1,18300.0
38,Male,Bachelor,Single,68032.81,39900.0,68.0,1,49900.0
39,Male,High School,Married,17939.72,33400.0,50.0,1,31400.0
22,Male,High School,Single,87255.08,36400.0,53.0,1,41900.0
58,Male,Master,Widowed,19021.15,17500.0,52.0,1,20100.0
30,Male,PhD,Single,33744.28,25800.0,65.0,1,32200.0
43,Male,High School,Married,41098.18,52900.0,57.0,1,60800.0
44,Male,Bachelor,Single,76575.09,155400.0,78.0,1,202000.0
34,Female,High School,Married,85299.62,81700.0,66.0,1,102100.0
42,Female,High School,Single,18692.18,41500.0,53.0,1,40000.0
38,Male,Bachelor,Married,19036.22,42000.0,65.0,1,37100.0
20,Female,Bachelor,Single,48780.01,58400.0,69.0,1,73000.0
32,Female,Master,Married,22087.88,46900.0,75.0,1,61000.0
29,Female,Bachelor,Married,21467.43,0.0,39.0,1,17600.0
30,Male,Bachelor,Single,27796.65,24200.0,60.0,1,30200.0
21,Female,High School,Married,25797.28,57100.0,58.0,1,47600.0
48,Male,Bachelor,Married,52142.31,93000.0,75.0,1,120900.0
53,Female,PhD,Married,156410.19,130900.0,87.0,1,183300.0
46,Female,Bachelor,Married,23067.17,8200.0,55.0,1,9400.0
49,Female,High School,Married,37203.54,72500.0,57.0,1,58300.0
32,Male,PhD,Married,35143.56,34600.0,67.0,1,43200.0
29,Female,High School,Married,25387.94,0.0,36.0,0,0.0
27,Male,High School,Single,102190.24,0.0,48.0,1,153300.0
43,Male,High School,Divorced,25051.19,31400.0,53.0,1,36100.0
38,Male,High School,Single,13114.22,10200.0,43.0,1,11200.0
35,Female,High School,Married,73880.52,31900.0,53.0,1,36700.0
50,Female,Bachelor,Single,54309.94,56100.0,73.0,1,72900.0
40,Female,Bachelor,Divorced,74703.38,104800.0,71.0,1,136200.0
26,Male,Bachelor,Married,393774.86,806900.0,88.0,1,1129700.0
28,Male,Bachelor,Married,41828.23,84600.0,68.0,1,85700.0
43,Male,Bachelor,Single,40355.8,26400.0,60.0,1,33000.0
47,Male,Bachelor,Married,43830.12,58400.0,67.0,1,73000.0
42,Male,Master,Single,72561.23,160100.0,81.0,1,224100.0
56,Male,High School,Widowed,79598.86,32800.0,47.0,1,36100.0
53,Male,High School,Married,79826.72,109200.0,65.0,1,125200.0
40,Female,High School,Married,44414.42,62400.0,57.0,1,71800.0
26,Female,High School,Married,36885.06,78400.0,58.0,1,68100.0
21,Female,Master,Married,57287.54,79800.0,74.0,1,103700.0
31,Male,High School,Married,53805.33,28100.0,60.0,1,35100.0
44,Male,Bachelor,Married,58801.25,106900.0,75.0,1,139000.0
56,Male,High School,Married,39520.32,61300.0,54.0,1,62000.0
40,Male,Bachelor,Married,149089.82,197900.0,81.0,1,277100.0
48,Female,High School,Married,12631.05,11800.0,45.0,1,13000.0
33,Male,Bachelor,Married,83692.42,0.0,64.0,1,125500.0
42,Female,Master,Single,178320.1,413700.0,93.0,1,620600.0
45,Female,High School,Single,158148.93,340400.0,80.0,1,476600.0
18,Male,High School,Married,23428.41,55500.0,58.0,1,43200.0
31,Male,High School,Married,73239.46,173500.0,70.0,1,205400.0
46,Female,Bachelor,Single,21252.3,14500.0,53.0,1,16700.0
39,Female,High School,Single,59083.37,0.0,46.0,1,88600.0
22,Female,Bachelor,Married,17025.17,23000.0,56.0,1,26400.0
18,Female,High School,Married,27220.65,32500.0,53.0,1,37400.0
31,Male,High School,Married,373751.0,904800.0,82.0,1,1048100.0
35,Male,Bachelor,Divorced,168298.27,159600.0,78.0,1,207500.0
26,Male,High School,Married,30382.47,17200.0,48.0,1,18900.0
37,Male,Bachelor,Married,30042.97,0.0,50.0,1,45100.0
41,Male,High School,Single,22002.32,31200.0,55.0,1,35900.0
43,Male,Bachelor,Married,59285.13,71100.0,75.0,1,92400.0
18,Female,Bachelor,Single,80163.9,163000.0,80.0,1,228200.0
21,Female,Bachelor,Widowed,22658.08,31400.0,60.0,1,39200.0
32,Male,High School,Married,26663.13,25900.0,52.0,1,29800.0
42,Male,High School,Single,38796.18,53200.0,55.0,1,61200.0
41,Female,Bachelor,Married,36903.8,84100.0,72.0,1,109300.0
41,Male,High School,Single,178798.72,392600.0,80.0,1,549600.0
31,Female,High School,Married,14687.42,25600.0,50.0,1,25700.0
32,Female,Bachelor,Single,50997.62,88300.0,73.0,1,114800.0
27,Male,High School,Single,149824.12,243500.0,65.0,1,304400.0
44,Male,Bachelor,Married,48556.19,39000.0,70.0,1,50700.0
25,Female,Master,Single,24685.35,0.0,47.0,1,37000.0
45,Male,High School,Married,70556.36,114400.0,65.0,1,110700.0
38,Male,Master,Married,132477.8,205500.0,84.0,1,287700.0
35,Male,Master,Single,13163.28,27300.0,66.0,1,33800.0
28,Female,High School,Married,285153.06,114100.0,61.0,1,142600.0
21,Male,High School,Single,20419.84,26700.0,44.0,1,29400.0
28,Female,Bachelor,Married,18699.96,0.0,39.0,0,0.0
32,Male,Bachelor,Single,130932.16,268500.0,84.0,1,375900.0
18,Male,High School,Single,118020.68,95900.0,60.0,1,119900.0
33,Female,High School,Single,16986.22,0.0,31.0,0,0.0
46,Male,High School,Married,22065.92,22500.0,57.0,1,25900.0
42,Male,Bachelor,Divorced,155976.74,368300.0,88.0,1,515600.0
30,Male,High School,Married,40456.31,0.0,40.0,1,60700.0
36,Male,Bachelor,Single,11460.96,4700.0,46.0,1,5200.0
29,Male,Master,Single,31260.34,12000.0,52.0,1,13800.0
37,Female,Bachelor,Married,51528.28,40000.0,70.0,1,52000.0
52,Female,High School,Single,175392.41,87200.0,63.0,1,109000.0
46,Female,High School,Single,40997.73,83900.0,60.0,1,78400.0
41,Female,Bachelor,Married,22461.67,40100.0,67.0,1,43700.0
30,Female,Master,Single,44318.81,0.0,51.0,1,66500.0
44,Female,Bachelor,Married,51382.13,0.0,58.0,1,77100.0
18,Female,Bachelor,Single,48780.24,65500.0,69.0,1,81900.0
33,Male,High School,Single,22749.98,24900.0,55.0,1,28600.0
42,Male,Bachelor,Married,19487.92,0.0,43.0,1,29200.0
44,Female,Bachelor,Married,43281.0,13200.0,55.0,1,15200.0
43,Male,Master,Married,24199.34,0.0,53.0,1,36300.0
39,Female,Bachelor,Single,21799.75,24500.0,58.0,1,28200.0
33,Male,Bachelor,Married,249489.12,159400.0,82.0,1,223200.0
41,Male,Bachelor,Single,37613.43,70200.0,65.0,1,87800.0
25,Female,Master,Divorced,178763.92,159100.0,77.0,1,206800.0
26,Male,Bachelor,Married,45382.29,55300.0,71.0,1,71900.0
36,Female,High School,Widowed,300292.85,281600.0,69.0,1,352000.0
37,Female,Bachelor,Married,17871.84,29300.0,60.0,1,34800.0
18,Female,Master,Married,14456.34,4700.0,47.0,1,5200.0
41,Male,Bachelor,Single,11319.68,19700.0,58.0,1,22700.0
44,Male,Bachelor,Married,72950.41,88200.0,75.0,1,114700.0
35,Male,Bachelor,Single,23081.03,43200.0,65.0,1,54000.0
62,Female,Bachelor,Married,173109.46,371400.0,89.0,1,425800.0
28,Male,High School,Married,65792.96,94200.0,61.0,1,117800.0
32,Male,Bachelor,Married,85962.39,190200.0,86.0,1,266300.0
31,Male,High School,Married,82644.71,49000.0,66.0,1,61200.0
35,Male,Master,Married,22083.75,8300.0,58.0,1,9500.0
32,Female,PhD,Single,15510.62,34900.0,68.0,1,42400.0
20,Male,High School,Married,42419.45,0.0,36.0,0,0.0
29,Male,PhD,Married,14466.32,10100.0,56.0,1,11600.0
34,Female,High School,Single,119089.7,67500.0,64.0,1,84400.0
49,Female,Bachelor,Married,151702.69,102700.0,82.0,1,143800.0
60,Female,High School,Divorced,76727.26,174800.0,63.0,1,116500.0
50,Female,High School,Divorced,73942.2,160100.0,66.0,1,127300.0
27,Male,Master,Single,61352.36,54200.0,67.0,1,67800.0
28,Male,Master,Married,47863.15,88600.0,74.0,1,115200.0
34,Female,Bachelor,Married,86535.18,176000.0,86.0,1,246400.0
55,Female,High School,Single,13806.58,8800.0,43.0,1,9700.0
34,Female,Bachelor,Married,80803.66,64800.0,76.0,1,84200.0
21,Female,Master,Married,121650.76,164400.0,80.0,1,230200.0
30,Female,High School,Married,67263.49,114400.0,65.0,1,117900.0
44,Male,High School,Married,14484.06,0.0,33.0,0,0.0
43,Male,Bachelor,Married,23870.45,48300.0,72.0,1,62800.0
33,Female,Master,Single,59825.12,148300.0,81.0,1,207600.0
43,Female,High School,Single,176011.03,387700.0,80.0,1,542800.0
18,Female,Bachelor,Married,99930.34,217200.0,82.0,1,304100.0
37,Female,Bachelor,Single,140025.75,0.0,62.0,1,210000.0
45,Male,High School,Married,393049.37,900000.0,82.0,1,986200.0
26,Male,Bachelor,Single,22471.78,55700.0,66.0,1,56200.0
26,Male,Bachelor,Married,10830.28,16700.0,56.0,1,19200.0
18,Female,High School,Married,42909.68,0.0,36.0,0,0.0
53,Male,Bachelor,Married,78100.18,126400.0,75.0,1,164300.0
28,Male,Bachelor,Married,34542.43,85800.0,68.0,1,70800.0
38,Female,High School,Married,16439.71,26800.0,50.0,1,28800.0
42,Male,Bachelor,Married,88869.86,119300.0,81.0,1,167000.0
52,Female,High School,Married,22481.94,0.0,40.0,0,0.0
34,Male,High School,Married,57171.44,0.0,48.0,1,85800.0
30,Male,High School,Single,13801.91,10300.0,43.0,0,10300.0
37,Female,Bachelor,Single,206288.29,369500.0,85.0,1,517300.0
50,Female,High School,Married,122150.21,102500.0,66.0,1,128100.0
34,Male,High School,Married,123337.03,226500.0,71.0,1,294400.0
25,Female,High School,Single,88146.01,35400.0,53.0,1,40700.0
19,Male,Bachelor,Single,64890.93,0.0,52.0,1,97300.0
22,Male,Bachelor,Married,21217.27,40000.0,56.0,1,43500.0
45,Male,High School,Single,81451.69,130300.0,69.0,1,155800.0
32,Female,Master,Single,78157.71,119100.0,76.0,1,154800.0
29,Male,Bachelor,Married,13966.28,7100.0,51.0,1,8200.0
28,Male,Bachelor,Single,64213.98,0.0,52.0,1,96300.0
36,Female,Bachelor,Single,47005.27,0.0,56.0,1,70500.0
33,Male,High School,Married,61980.62,0.0,48.0,1,93000.0
32,Male,PhD,Married,42019.34,0.0,55.0,1,63000.0
50,Male,High School,Divorced,80162.06,0.0,50.0,1,120200.0
52,Female,Bachelor,Single,162752.72,0.0,68.0,1,244100.0
18,Male,Bachelor,Married,54972.03,42500.0,66.0,1,53100.0
39,Female,Master,Married,26830.84,0.0,53.0,1,40200.0
27,Male,High School,Single,325935.23,0.0,54.0,1,488900.0
33,Male,Bachelor,Married,36979.15,62300.0,67.0,1,72000.0
39,Female,Bachelor,Married,26492.13,13000.0,55.0,1,14900.0
33,Male,High School,Married,338322.29,0.0,60.0,1,507500.0
38,Female,High School,Married,61926.79,47700.0,60.0,1,59600.0
43,Male,High School,Married,84906.12,125200.0,71.0,1,162800.0
39,Male,High School,Single,14373.74,28800.0,53.0,1,30700.0
28,Male,High School,Single,27289.11,31500.0,51.0,1,36200.0
29,Male,Bachelor,Married,12350.39,10500.0,51.0,1,12100.0
20,Male,Bachelor,Married,85418.97,0.0,60.0,1,128100.0
26,Male,Master,Married,41780.68,21600.0,61.0,1,27000.0
57,Male,High School,Widowed,15110.41,0.0,27.0,0,0.0
27,Male,High School,Single,27536.58,35700.0,51.0,1,41100.0
22,Male,Master,Married,57804.42,140300.0,79.0,1,182400.0
39,Male,Master,Married,30853.89,31400.0,70.0,1,40800.0
34,Male,Bachelor,Married,93991.31,204200.0,86.0,1,285900.0
33,Male,High School,Single,23547.73,57600.0,60.0,1,50300.0
51,Female,Master,Single,173471.47,365900.0,93.0,1,548800.0
42,Female,High School,Married,79475.29,101100.0,65.0,1,126400.0
30,Female,High School,Married,81629.26,0.0,54.0,1,122400.0
31,Male,Bachelor,Widowed,33008.81,13200.0,52.0,1,15200.0
30,Male,Bachelor,Married,61424.07,0.0,58.0,1,92100.0
45,Male,High School,Married,11103.64,0.0,33.0,0,0.0
32,Female,Bachelor,Widowed,70113.83,0.0,55.0,1,105200.0
18,Male,Bachelor,Married,78451.14,150000.0,71.0,1,195000.0
35,Male,Master,Single,26505.95,62200.0,73.0,1,80900.0
19,Male,High School,Married,62512.24,53700.0,56.0,1,61800.0
60,Female,High School,Single,173458.21,213700.0,72.0,1,277800.0
25,Female,Bachelor,Divorced,41406.27,71700.0,59.0,1,82500.0
34,Male,Master,Married,40360.76,0.0,53.0,1,60500.0
38,Male,High School,Single,46774.56,38200.0,58.0,1,43900.0
32,Female,High School,Single,52451.04,17800.0,51.0,1,20500.0
32,Male,High School,Married,29038.94,19100.0,52.0,1,22000.0
40,Male,High School,Married,28983.82,11200.0,45.0,1,12300.0
52,Female,Master,Married,11547.53,5000.0,51.0,1,5800.0
44,Male,High School,Married,13473.37,11300.0,45.0,1,12400.0
52,Male,Bachelor,Single,15137.73,28600.0,58.0,1,32200.0
24,Male,High School,Single,94437.46,81700.0,60.0,1,102100.0
39,Female,High School,Married,14838.13,11800.0,45.0,1,13000.0
37,Male,Master,Single,33420.27,56800.0,68.0,1,71000.0
39,Female,Bachelor,Divorced,189005.61,290900.0,83.0,1,407300.0
51,Male,Bachelor,Single,150677.87,213700.0,85.0,1,299200.0
33,Female,Bachelor,Married,10957.39,18900.0,60.0,1,21300.0
31,Female,High School,Single,74156.59,80500.0,63.0,1,100600.0
41,Male,Bachelor,Single,89733.75,29900.0,67.0,1,37400.0
18,Male,High School,Married,10727.49,13400.0,46.0,1,14700.0
33,Female,Master,Married,57248.09,63400.0,78.0,1,82400.0
34,Female,Bachelor,Married,208452.75,416500.0,87.0,1,583100.0
25,Male,High School,Single,30492.32,15200.0,39.0,0,15200.0
47,Female,Master,Single,41210.99,83200.0,73.0,1,108200.0
24,Male,Bachelor,Married,86825.14,161900.0,77.0,1,210500.0
34,Male,Bachelor,Married,82787.47,0.0,64.0,1,124200.0
39,Female,High School,Single,76098.04,127900.0,63.0,1,159900.0
50,Male,Master,Married,18606.61,27100.0,63.0,1,33900.0
35,Male,Master,Married,100842.77,0.0,67.0,1,151300.0
46,Female,Bachelor,Married,112383.39,0.0,64.0,1,168600.0
43,Female,High School,Single,14366.76,10300.0,43.0,1,11300.0
37,Female,High School,Married,10601.66,6400.0,45.0,1,7000.0
24,Female,High School,Married,81974.11,98500.0,67.0,1,123100.0
20,Female,Bachelor,Married,56505.51,109300.0,71.0,1,142100.0
37,Female,High School,Single,191503.74,0.0,58.0,1,287300.0
30,Male,Master,Married,23680.94,52300.0,75.0,1,68000.0
46,Male,High School,Widowed,88627.22,139200.0,68.0,1,149200.0
44,Male,Bachelor,Married,86039.3,61800.0,76.0,1,80300.0
33,Female,High School,Married,88143.38,0.0,54.0,1,132200.0
23,Male,High School,Single,88051.82,71500.0,60.0,1,89400.0
41,Male,Bachelor,Married,80974.53,0.0,64.0,1,121500.0
24,Female,Bachelor,Married,13311.62,8500.0,51.0,1,9800.0
27,Male,Bachelor,Single,119229.23,190100.0,75.0,1,247100.0
25,Male,High School,Married,31246.04,10100.0,41.0,1,11100.0
34,Male,High School,Single,40055.06,0.0,38.0,0,0.0
48,Female,Master,Married,86704.8,31100.0,72.0,1,40400.0
35,Male,Bachelor,Married,64813.96,152100.0,80.0,1,202000.0
31,Male,Bachelor,Married,58566.46,60300.0,75.0,1,78400.0
19,Male,High School,Married,55928.15,86900.0,61.0,1,103200.0
42,Male,Bachelor,Married,27898.79,39100.0,67.0,1,48900.0
27,Male,High School,Single,45309.79,0.0,42.0,0,0.0
37,Female,High School,Married,12809.58,0.0,33.0,0,0.0
32,Male,High School,Single,244882.0,146200.0,70.0,1,190100.0
45,Male,High School,Single,79901.47,83300.0,63.0,1,104100.0
34,Female,High School,Widowed,34616.15,58700.0,54.0,1,65100.0
35,Female,High School,Single,59899.37,96000.0,63.0,1,120000.0
41,Male,Bachelor,Married,143736.9,313300.0,86.0,1,438600.0
59,Male,Bachelor,Married,40131.22,31800.0,59.0,1,36600.0
45,Female,PhD,Married,36031.08,0.0,55.0,1,54000.0
35,Male,High School,Married,23615.55,48900.0,62.0,1,41400.0
36,Male,High School,Single,27543.11,57200.0,60.0,1,58900.0
30,Male,Bachelor,Single,115727.79,220200.0,79.0,1,286300.0
25,Male,High School,Married,61331.99,37300.0,56.0,1,42900.0
29,Female,High School,Married,10295.51,0.0,29.0,0,0.0
27,Male,Bachelor,Single,343746.7,404400.0,81.0,1,566200.0
43,Male,Bachelor,Married,66166.38,71700.0,75.0,1,93200.0
24,Female,Bachelor,Married,170692.35,106500.0,78.0,1,138400.0
50,Male,PhD,Single,68295.71,47400.0,73.0,1,61600.0
44,Male,Bachelor,Single,89467.45,0.0,62.0,1,134200.0
36,Female,High School,Single,76531.25,112900.0,63.0,1,141100.0
36,Female,Bachelor,Married,42397.94,0.0,50.0,1,63600.0
29,Male,Bachelor,Married,44385.52,28100.0,58.0,1,32300.0
38,Female,Bachelor,Single,283786.53,508400.0,85.0,1,711800.0
47,Male,Master,Married,36561.62,0.0,53.0,1,54800.0
28,Female,Bachelor,Married,86131.68,0.0,60.0,1,129200.0
19,Female,Bachelor,Married,16903.62,34800.0,61.0,1,34700.0
43,Female,High School,Single,191614.46,321900.0,75.0,1,418500.0
39,Female,Master,Married,76364.37,24500.0,66.0,1,30600.0
23,Male,Bachelor,Divorced,174216.2,160900.0,74.0,1,209200.0
27,Male,High School,Divorced,80152.52,28600.0,51.0,1,32900.0
26,Male,High School,Married,161213.57,0.0,56.0,1,241800.0
28,Male,High School,Married,48566.44,104300.0,66.0,1,89600.0
32,Male,High School,Single,38959.9,0.0,38.0,0,0.0
33,Female,Bachelor,Divorced,46451.43,30500.0,66.0,1,38100.0
28,Female,High School,Married,21167.98,37800.0,46.0,1,39100.0
27,Male,Master,Married,43029.02,96000.0,71.0,1,124800.0
33,Male,Master,Married,395661.48,871100.0,95.0,1,1306600.0
37,Female,High School,Single,58643.81,121300.0,68.0,1,125400.0
32,Male,High School,Single,138624.7,115300.0,64.0,1,144100.0
48,Male,High School,Married,35311.52,86300.0,62.0,1,55400.0
41,Male,High School,Married,70052.64,131800.0,65.0,1,122800.0
18,Male,High School,Married,14946.01,27300.0,46.0,1,27600.0
41,Female,Bachelor,Married,89410.43,207600.0,86.0,1,278600.0
42,Female,Master,Single,84901.2,89700.0,82.0,1,125600.0
31,Male,Master,Married,72465.82,93400.0,78.0,1,121400.0
19,Male,Bachelor,Married,17772.86,22400.0,56.0,1,25800.0
36,Male,Bachelor,Single,38427.71,0.0,48.0,1,57600.0
35,Female,Master,Married,72166.34,67500.0,73.0,1,87800.0
23,Female,Bachelor,Married,76838.45,0.0,54.0,1,115300.0
20,Male,High School,Divorced,40779.41,15800.0,37.0,0,15800.0
35,Female,Bachelor,Single,44491.18,58600.0,65.0,1,73200.0
33,Male,Master,Married,41528.54,78600.0,70.0,1,102200.0
31,Male,High School,Widowed,11552.24,22200.0,47.0,1,21700.0
35,Female,High School,Single,69588.0,161000.0,68.0,1,148700.0
23,Male,High School,Married,73435.9,112600.0,61.0,1,135500.0
31,Male,High School,Single,28111.94,0.0,38.0,0,0.0
41,Female,High School,Married,66398.52,132500.0,65.0,1,116400.0
32,Male,High School,Married,43451.93,61400.0,57.0,1,70600.0
18,Male,Master,Widowed,56654.24,118500.0,76.0,1,154000.0
30,Male,Master,Single,59277.85,46600.0,71.0,1,60600.0
24,Male,Master,Married,171745.98,54200.0,74.0,1,70500.0
38,Male,High School,Married,49246.45,45200.0,60.0,1,56500.0
39,Male,High School,Married,42243.82,29700.0,52.0,1,34200.0
18,Female,High School,Single,117343.82,220400.0,65.0,1,264000.0
44,Female,Master,Single,67429.61,94700.0,76.0,1,123100.0
23,Male,High School,Married,17714.2,19900.0,46.0,1,21900.0
53,Male,Bachelor,Married,17757.41,8300.0,48.0,1,9100.0
35,Female,High School,Married,21759.77,16700.0,45.0,1,18400.0
22,Female,High School,Single,93129.67,218100.0,70.0,1,283500.0
23,Male,High School,Married,38187.77,28800.0,48.0,1,31700.0
39,Female,Bachelor,Married,83052.81,130900.0,81.0,1,183300.0
31,Male,High School,Single,71474.81,150500.0,68.0,1,152800.0
34,Female,High School,Single,88907.61,83600.0,64.0,1,104500.0
53,Male,High School,Single,127589.95,263300.0,74.0,1,342300.0
28,Female,Bachelor,Married,78743.79,79700.0,71.0,1,103600.0
36,Male,Bachelor,Married,37786.46,0.0,50.0,1,56700.0
51,Female,Master,Married,22721.35,20900.0,65.0,1,26100.0
38,Male,High School,Widowed,69875.59,109500.0,62.0,1,131400.0
18,Male,High School,Single,56741.35,0.0,42.0,0,0.0
41,Female,Bachelor,Married,34161.24,71000.0,72.0,1,92300.0
23,Female,Bachelor,Married,42333.71,57500.0,63.0,1,71900.0
51,Female,Bachelor,Single,73355.69,170000.0,78.0,1,221000.0
26,Male,Master,Divorced,71724.99,120900.0,70.0,1,157200.0
68,Female,Master,Divorced,75259.77,159700.0,76.0,1,207600.0
52,Female,High School,Married,34151.3,74100.0,62.0,1,53600.0
27,Male,High School,Married,65150.57,95000.0,61.0,1,118800.0
36,Female,Master,Married,61849.62,116000.0,78.0,1,150800.0
44,Female,High School,Married,76503.37,116500.0,65.0,1,134100.0
44,Female,Bachelor,Married,39841.86,13900.0,55.0,1,16000.0
40,Female,PhD,Single,31734.5,59700.0,70.0,1,77600.0
49,Female,Bachelor,Single,23005.79,0.0,48.0,1,34500.0
34,Female,Bachelor,Single,138883.27,307500.0,84.0,1,430500.0
31,Female,Bachelor,Married,70813.38,29400.0,63.0,1,36800.0
32,Female,High School,Married,133109.87,313500.0,76.0,1,373300.0
45,Female,Bachelor,Married,122393.52,90800.0,76.0,1,118000.0
40,Female,High School,Married,85316.31,35800.0,59.0,1,41200.0
39,Male,High School,Married,66650.27,21700.0,53.0,1,25000.0
44,Male,Bachelor,Single,40376.29,49700.0,65.0,1,62100.0
18,Male,Bachelor,Married,73697.83,70900.0,66.0,1,88600.0
39,Female,Bachelor,Married,40102.31,27800.0,62.0,1,34800.0
38,Male,Master,Divorced,42186.34,20700.0,54.0,1,23800.0
54,Male,High School,Married,12920.08,14000.0,50.0,1,16100.0
19,Male,Bachelor,Married,82290.32,66100.0,72.0,1,85900.0
53,Female,High School,Widowed,77449.62,131900.0,62.0,1,130300.0
36,Female,Bachelor,Single,16732.87,18900.0,58.0,1,21700.0
41,Female,Master,Single,139046.72,179400.0,82.0,1,251200.0
54,Male,High School,Married,59013.89,117200.0,65.0,1,92500.0
42,Male,Bachelor,Married,16487.63,17600.0,60.0,1,22000.0
40,Male,Bachelor,Married,30840.04,20500.0,62.0,1,25600.0
38,Male,Bachelor,Single,84996.45,80600.0,74.0,1,104800.0
30,Female,Bachelor,Divorced,16984.91,30500.0,56.0,1,35100.0
35,Male,Bachelor,Married,58456.34,32700.0,70.0,1,42500.0
28,Male,High School,Single,51496.84,0.0,42.0,1,77200.0
35,Male,Bachelor,Single,76229.33,144700.0,73.0,1,188100.0
18,Male,Bachelor,Married,149824.41,257200.0,77.0,1,334400.0
40,Male,Bachelor,Married,61202.41,67300.0,75.0,1,87500.0
34,Male,High School,Married,11946.08,20800.0,50.0,1,20900.0
32,Male,High School,Single,77228.07,164400.0,68.0,1,165100.0
38,Male,High School,Single,28219.08,0.0,38.0,0,0.0
20,Male,High School,Married,83790.47,74700.0,62.0,1,93400.0
57,Female,High School,Married,339770.5,817400.0,79.0,1,852600.0
34,Female,Master,Single,20708.72,46800.0,66.0,1,53100.0
34,Male,Master,Divorced,178613.31,159700.0,81.0,1,223600.0
25,Female,Master,Single,255023.3,172300.0,79.0,1,224000.0
36,Female,Bachelor,Married,290893.88,358100.0,87.0,1,501300.0
51,Male,High School,Married,63169.93,89200.0,65.0,1,99100.0
47,Male,Bachelor,Married,48491.74,0.0,58.0,1,72700.0
45,Male,Master,Divorced,31314.31,11100.0,54.0,1,12800.0
42,Male,Bachelor,Single,64970.87,136500.0,78.0,1,177400.0
32,Female,High School,Married,52802.79,123300.0,70.0,1,148100.0
20,Male,Bachelor,Single,42316.19,0.0,44.0,1,63500.0
33,Female,High School,Married,58159.66,125000.0,70.0,1,162500.0
33,Male,High School,Married,19102.96,0.0,33.0,0,0.0
47,Female,High School,Married,48432.14,33500.0,60.0,1,41900.0
39,Female,Master,Married,92707.97,106600.0,84.0,1,149200.0
53,Female,Bachelor,Single,89796.85,0.0,62.0,1,134700.0
49,Female,High School,Married,50535.82,28700.0,60.0,1,35900.0
30,Male,Bachelor,Married,79463.65,41100.0,70.0,1,53400.0
18,Female,Bachelor,Single,17254.2,0.0,37.0,0,0.0
51,Male,High School,Married,15435.43,0.0,33.0,0,0.0
50,Female,Bachelor,Divorced,46661.43,102400.0,76.0,1,133100.0
20,Male,High School,Married,13943.54,21400.0,46.0,1,23500.0
52,Male,Bachelor,Single,378019.94,313300.0,80.0,1,438600.0
40,Female,High School,Married,171463.73,162700.0,72.0,1,211500.0
37,Male,Master,Widowed,35793.07,0.0,50.0,1,53700.0
53,Male,High School,Married,35217.52,22200.0,52.0,1,25500.0
50,Male,High School,Single,64151.92,119400.0,63.0,1,122700.0
43,Female,High School,Married,79900.42,97400.0,65.0,1,121800.0
41,Female,Bachelor,Married,20595.34,46500.0,65.0,1,40100.0
42,Female,Bachelor,Divorced,38732.67,89600.0,68.0,1,82800.0
31,Female,High School,Married,68637.87,0.0,48.0,1,103000.0
35,Male,High School,Single,147113.42,0.0,52.0,1,220700.0
26,Male,Bachelor,Married,27054.04,0.0,46.0,1,40600.0
32,Female,Bachelor,Married,89605.28,43500.0,69.0,1,54400.0
31,Female,Master,Widowed,174228.15,341900.0,87.0,1,478700.0
29,Male,Bachelor,Single,21479.62,10700.0,42.0,1,11800.0
37,Male,Bachelor,Married,25837.47,0.0,50.0,1,38800.0
32,Male,High School,Married,148750.35,320400.0,76.0,1,416500.0
41,Male,Bachelor,Married,37095.9,80800.0,72.0,1,105000.0
18,Male,Bachelor,Married,30167.22,37900.0,63.0,1,47400.0
34,Male,High School,Married,83933.11,158100.0,71.0,1,205500.0
37,Male,High School,Widowed,39993.85,31400.0,49.0,1,34500.0
32,Male,Bachelor,Married,77382.73,175900.0,80.0,1,241100.0
34,Female,Bachelor,Married,10346.68,18000.0,60.0,1,20200.0
18,Female,Bachelor,Married,89575.32,195900.0,82.0,1,274300.0
39,Male,High School,Married,38522.56,44800.0,57.0,1,51500.0
43,Male,High School,Single,393277.5,0.0,58.0,1,589900.0
41,Female,High School,Single,48905.09,121500.0,68.0,1,104500.0
47,Male,Master,Divorced,76245.73,0.0,57.0,1,114400.0
38,Female,Master,Married,18937.72,0.0,46.0,1,28400.0
41,Male,High School,Single,194227.8,0.0,58.0,1,291300.0
37,Female,High School,Divorced,10773.77,25600.0,51.0,1,20700.0
43,Male,High School,Widowed,19147.19,43600.0,52.0,1,36000.0
18,Male,High School,Married,19572.15,46300.0,51.0,1,36100.0
26,Female,High School,Single,171916.04,0.0,54.0,1,257900.0
53,Female,High School,Single,79741.83,0.0,46.0,1,119600.0
18,Male,Bachelor,Married,232881.7,526500.0,88.0,1,737100.0
34,Female,Bachelor,Married,21624.43,15100.0,55.0,1,17400.0
48,Male,High School,Widowed,57025.73,105900.0,62.0,1,96000.0
34,Female,Bachelor,Divorced,77724.66,141800.0,71.0,1,184300.0
31,Male,Bachelor,Divorced,68821.88,124900.0,71.0,1,162400.0
37,Male,High School,Single,50503.87,78800.0,63.0,1,98500.0
32,Female,Bachelor,Married,86720.81,71400.0,76.0,1,92800.0
36,Male,High School,Married,142913.36,76700.0,66.0,1,95900.0
28,Male,High School,Married,49131.72,41300.0,56.0,1,47500.0
48,Male,High School,Single,124502.03,287800.0,74.0,1,374100.0
51,Male,Master,Married,79424.86,63300.0,73.0,1,82300.0
34,Female,Bachelor,Single,145657.81,182100.0,79.0,1,236700.0
20,Male,High School,Divorced,55057.29,69900.0,57.0,1,80400.0
30,Female,Bachelor,Single,70623.92,164800.0,78.0,1,214200.0
33,Male,High School,Married,13706.35,7600.0,45.0,1,8400.0
41,Male,Master,Widowed,137454.26,185900.0,81.0,1,260300.0
24,Male,Bachelor,Widowed,29313.26,61000.0,65.0,1,64500.0
27,Female,Bachelor,Married,15955.35,7000.0,44.0,1,7700.0
41,Male,Bachelor,Married,82897.37,0.0,64.0,1,124300.0
46,Male,Bachelor,Widowed,54540.76,27600.0,67.0,1,34500.0
29,Male,Master,Divorced,45080.5,0.0,53.0,1,67600.0
21,Female,Bachelor,Married,51974.85,33700.0,66.0,1,42100.0
70,Male,High School,Married,82883.54,95900.0,68.0,1,114700.0
44,Female,High School,Married,127355.15,48700.0,59.0,1,56000.0
33,Male,High School,Married,78289.17,168500.0,70.0,1,219000.0
45,Male,High School,Married,92768.54,55100.0,66.0,1,68900.0
34,Male,High School,Married,51585.65,36800.0,60.0,1,46000.0
45,Male,High School,Married,16827.4,22000.0,50.0,1,25300.0
37,Male,High School,Single,77413.67,0.0,46.0,1,116100.0
37,Female,Bachelor,Married,40121.37,93300.0,72.0,1,121300.0
34,Male,Master,Married,147871.4,178900.0,84.0,1,250500.0
20,Male,High School,Married,79050.73,115800.0,61.0,1,144800.0
57,Male,High School,Married,52458.85,0.0,45.0,1,78700.0
25,Male,High School,Married,37138.0,0.0,36.0,0,0.0
21,Male,Master,Single,64138.16,30500.0,60.0,1,38100.0
33,Female,Bachelor,Single,86169.27,178100.0,84.0,1,249300.0
25,Male,PhD,Divorced,36151.55,0.0,47.0,1,54200.0
35,Female,Master,Widowed,138750.17,288300.0,86.0,1,403600.0
43,Male,Master,Single,71021.76,51000.0,71.0,1,66300.0
46,Male,High School,Married,41120.33,55900.0,57.0,1,64300.0
44,Male,Bachelor,Single,22259.3,21300.0,60.0,1,26600.0
32,Male,PhD,Married,41786.17,67500.0,72.0,1,87800.0
36,Male,High School,Married,22671.3,48600.0,62.0,1,39700.0
40,Male,Bachelor,Married,35401.21,41800.0,67.0,1,52200.0
18,Male,High School,Married,33559.64,53800.0,53.0,1,61900.0
42,Female,High School,Married,61665.87,0.0,48.0,1,92500.0
19,Male,Master,Single,208318.37,223200.0,84.0,1,312500.0
58,Female,Bachelor,Married,24853.64,0.0,47.0,1,37300.0
31,Male,Bachelor,Married,39069.65,96900.0,72.0,1,121700.0
33,Female,Bachelor,Married,11361.95,10400.0,55.0,1,12000.0
27,Male,Bachelor,Divorced,37806.84,0.0,42.0,1,56700.0
29,Male,Bachelor,Married,44777.04,0.0,46.0,1,67200.0
61,Female,PhD,Single,75684.95,116400.0,75.0,1,151300.0
46,Male,PhD,Single,23729.89,59100.0,75.0,1,76800.0
18,Male,Bachelor,Married,34467.36,29600.0,58.0,1,34000.0
52,Male,Bachelor,Single,82549.74,60300.0,74.0,1,78400.0
49,Male,High School,Married,43956.04,0.0,40.0,0,0.0
32,Female,High School,Single,38736.08,60900.0,55.0,1,70000.0
39,Female,High School,Widowed,117870.02,55200.0,56.0,1,63500.0
35,Female,High School,Married,56302.14,0.0,48.0,1,84500.0
57,Female,High School,Single,40027.87,17800.0,40.0,1,19600.0
27,Male,High School,Divorced,39487.25,69000.0,49.0,1,75900.0
37,Male,High School,Married,33186.84,35100.0,57.0,1,40400.0
31,Female,Bachelor,Single,97813.1,238200.0,84.0,1,333500.0
20,Male,High School,Married,327848.24,172800.0,68.0,1,216000.0
60,Male,Bachelor,Single,35580.29,80700.0,67.0,1,66700.0
23,Male,High School,Married,22272.72,8000.0,41.0,1,8800.0
38,Female,Bachelor,Married,147818.16,257300.0,81.0,1,360200.0
18,Male,Master,Single,11588.54,27600.0,62.0,1,31300.0
31,Female,High School,Married,40994.1,76100.0,57.0,1,71900.0
40,Male,PhD,Married,37492.27,13800.0,60.0,1,17200.0
26,Male,Bachelor,Married,47326.16,0.0,54.0,1,71000.0
42,Female,High School,Married,34231.99,32000.0,52.0,1,36800.0
33,Female,High School,Single,40523.96,77200.0,55.0,1,86600.0
48,Male,Master,Married,82349.41,106600.0,84.0,1,149200.0
50,Male,Bachelor,Widowed,48842.2,81100.0,72.0,1,105400.0
29,Male,High School,Married,197358.69,69500.0,61.0,1,86900.0
36,Female,Master,Married,39824.94,36500.0,65.0,1,45600.0
38,Male,Bachelor,Single,110938.88,107000.0,74.0,1,139100.0
42,Male,Bachelor,Married,35662.64,45800.0,67.0,1,57200.0
36,Female,Master,Married,17306.13,0.0,46.0,1,26000.0
38,Male,Bachelor,Single,36485.67,40600.0,65.0,1,50800.0
33,Male,High School,Single,60204.38,111300.0,63.0,1,128700.0
37,Female,Bachelor,Married,93591.06,0.0,64.0,1,140400.0
50,Female,Master,Single,16449.78,12200.0,56.0,1,14000.0
43,Female,High School,Married,136350.77,179800.0,71.0,1,233700.0
43,Male,High School,Married,64491.34,53900.0,60.0,1,67400.0
43,Female,High School,Single,13354.45,5600.0,36.0,0,5600.0
34,Female,High School,Married,20116.52,0.0,33.0,0,0.0
39,Male,High School,Married,14441.16,7000.0,38.0,0,7000.0
24,Female,Master,Widowed,50705.96,20500.0,59.0,1,23600.0
49,Male,Bachelor,Widowed,79115.4,0.0,55.0,1,118700.0
18,Female,High School,Married,36634.42,67000.0,53.0,1,67600.0
35,Female,Bachelor,Married,13709.84,8700.0,55.0,1,10000.0
48,Female,Bachelor,Divorced,25476.24,9900.0,51.0,1,11400.0
20,Male,High School,Widowed,64784.99,22800.0,46.0,1,25100.0
40,Female,High School,Married,10791.22,20600.0,50.0,1,18900.0
28,Male,High School,Married,110048.3,0.0,50.0,1,165100.0
31,Female,Bachelor,Single,21567.58,26900.0,58.0,1,30900.0
46,Female,High School,Single,51772.28,22800.0,51.0,1,26200.0
38,Male,High School,Married,28324.54,58400.0,62.0,1,49600.0
18,Male,High School,Married,11667.64,11000.0,41.0,1,12100.0
25,Female,Master,Married,42976.04,52600.0,66.0,1,65800.0
46,Male,Bachelor,Single,86617.62,110200.0,79.0,1,143300.0
40,Female,Bachelor,Married,10713.64,0.0,43.0,0,0.0
55,Male,Master,Married,85420.0,182200.0,89.0,1,255100.0
54,Female,High School,Married,25273.43,25900.0,57.0,1,29800.0
32,Male,Bachelor,Married,31137.72,14400.0,55.0,1,16600.0
63,Male,High School,Married,142766.51,217800.0,68.0,1,197600.0
36,Female,High School,Single,32635.48,0.0,38.0,0,0.0
25,Female,Master,Married,209902.41,0.0,69.0,1,314900.0
29,Male,Bachelor,Married,80621.1,180700.0,82.0,1,253000.0
18,Female,High School,Married,151867.44,0.0,56.0,1,227800.0
53,Male,High School,Single,43647.65,50500.0,55.0,1,58100.0
53,Female,High School,Single,14235.37,24500.0,48.0,1,27000.0
24,Male,Bachelor,Married,15164.73,10900.0,51.0,1,12500.0
33,Male,High School,Married,60738.82,0.0,48.0,1,91100.0
37,Male,Bachelor,Married,95668.99,41900.0,69.0,1,52400.0
25,Male,Master,Married,10659.64,18600.0,59.0,1,21400.0
18,Female,High School,Married,79259.71,0.0,44.0,1,118900.0
33,Female,Master,Single,57818.64,0.0,59.0,1,86700.0
32,Male,High School,Married,66920.85,70200.0,65.0,1,87800.0
31,Male,Bachelor,Single,44516.31,68000.0,65.0,1,85000.0
38,Female,Bachelor,Married,10211.89,10500.0,60.0,1,13100.0
51,Male,High School,Divorced,16211.85,15300.0,41.0,1,16800.0
32,Male,High School,Widowed,33919.13,10500.0,42.0,1,11600.0
37,Male,Master,Married,44966.64,38400.0,65.0,1,48000.0
43,Male,High School,Single,20011.97,45400.0,53.0,1,42800.0
42,Male,Bachelor,Married,23536.44,16300.0,62.0,1,20400.0
29,Female,High School,Single,52069.87,88200.0,59.0,1,101400.0
37,Male,Bachelor,Single,93051.82,153500.0,79.0,1,199600.0
42,Female,Bachelor,Single,107715.1,0.0,62.0,1,161600.0
23,Male,Bachelor,Married,26883.63,53700.0,63.0,1,55100.0
49,Female,High School,Married,11078.65,14000.0,50.0,1,16100.0
51,Male,Bachelor,Divorced,295989.06,607900.0,88.0,1,851100.0
28,Female,High School,Married,88875.52,29100.0,55.0,1,33500.0
38,Male,High School,Married,356841.35,224000.0,72.0,1,291200.0
43,Male,Bachelor,Married,54151.8,61000.0,75.0,1,79300.0
29,Female,Bachelor,Married,160469.79,215800.0,83.0,1,302100.0
41,Male,High School,Divorced,44591.62,0.0,36.0,0,0.0
37,Female,Bachelor,Married,82585.4,168100.0,86.0,1,235300.0
19,Female,Bachelor,Single,66090.45,151100.0,74.0,1,196400.0
41,Male,High School,Single,28194.72,28100.0,50.0,1,32300.0
23,Male,Bachelor,Married,78655.09,177100.0,76.0,1,230200.0
46,Male,Master,Married,19437.41,17200.0,58.0,1,19800.0
28,Female,Bachelor,Married,28827.28,13200.0,51.0,1,15200.0
34,Male,Bachelor,Married,110176.44,0.0,64.0,1,165300.0
51,Female,High School,Married,75244.78,0.0,48.0,1,112900.0
41,Female,Bachelor,Married,20661.16,19600.0,55.0,1,22500.0
24,Male,Bachelor,Married,22476.39,15100.0,58.0,1,17400.0
24,Female,Bachelor,Married,21845.09,11200.0,51.0,1,12900.0
29,Male,Master,Single,26412.57,33500.0,64.0,1,41900.0
40,Male,High School,Married,30036.63,36000.0,57.0,1,41400.0
39,Female,High School,Married,47381.82,43900.0,60.0,1,54900.0
26,Male,High School,Widowed,47499.29,0.0,41.0,0,0.0
23,Male,Bachelor,Married,13273.03,5100.0,44.0,1,5600.0
39,Female,Master,Married,34995.43,63500.0,70.0,1,82600.0
33,Female,High School,Married,42724.9,49500.0,57.0,1,56900.0
59,Male,High School,Single,23606.46,18300.0,47.0,1,20100.0
36,Female,Bachelor,Married,69565.49,99800.0,75.0,1,129700.0
55,Male,High School,Single,127452.06,0.0,52.0,1,191200.0
23,Female,High School,Single,179033.83,145300.0,66.0,1,181600.0
18,Female,High School,Married,26303.45,43400.0,53.0,1,48500.0
23,Male,Bachelor,Married,30498.85,70700.0,68.0,1,62500.0
49,Male,Bachelor,Married,46505.63,52900.0,75.0,1,68800.0
55,Female,High School,Married,86140.78,205600.0,76.0,1,216100.0
27,Female,Bachelor,Single,17469.05,5700.0,42.0,0,5700.0
30,Male,Master,Single,71452.65,40100.0,71.0,1,52100.0
23,Male,High School,Married,47192.87,69500.0,61.0,1,86900.0
18,Male,Bachelor,Married,49454.98,69100.0,71.0,1,89800.0
43,Male,Bachelor,Married,40176.31,98900.0,72.0,1,125200.0
38,Female,Master,Married,139452.49,85700.0,79.0,1,111400.0
36,Male,Bachelor,Single,53955.43,133800.0,78.0,1,173900.0
20,Female,Bachelor,Married,139483.43,303300.0,82.0,1,424600.0
54,Female,Bachelor,Married,392985.44,310500.0,82.0,1,434700.0
30,Female,High School,Married,99332.97,110100.0,71.0,1,143100.0
41,Male,Bachelor,Married,177318.57,0.0,70.0,1,266000.0
19,Female,Bachelor,Single,79878.97,183700.0,74.0,1,238800.0
33,Female,High School,Single,25317.31,29100.0,55.0,1,33500.0
39,Male,High School,Married,40737.63,15700.0,45.0,1,17300.0
39,Male,High School,Single,39112.48,61400.0,55.0,1,70600.0
37,Female,High School,Single,35200.22,30500.0,50.0,1,35100.0
41,Male,Bachelor,Single,39810.28,0.0,48.0,1,59700.0
23,Female,Master,Married,102712.25,136900.0,80.0,1,191700.0
38,Male,High School,Married,38597.32,0.0,40.0,1,57900.0
37,Male,High School,Single,73841.82,101600.0,63.0,1,127000.0
38,Male,PhD,Single,115621.47,0.0,67.0,1,173400.0
36,Male,Bachelor,Married,18284.47,34100.0,60.0,1,35600.0
21,Male,Master,Married,18146.21,15700.0,54.0,1,18100.0
21,Male,High School,Married,111513.44,265100.0,72.0,1,329200.0
18,Male,Bachelor,Single,25396.78,49100.0,61.0,1,61400.0
44,Male,Bachelor,Married,30332.19,17100.0,62.0,1,21400.0
45,Male,High School,Single,31180.72,18900.0,50.0,1,21700.0
45,Female,High School,Married,40955.54,44700.0,57.0,1,51400.0
39,Male,High School,Married,64623.56,23300.0,53.0,1,26800.0
18,Female,High School,Married,78146.79,31900.0,49.0,1,35100.0
24,Female,PhD,Married,32642.08,0.0,51.0,1,49000.0
37,Male,High School,Married,48020.77,0.0,48.0,1,72000.0
37,Male,Bachelor,Divorced,37013.1,0.0,46.0,1,55500.0
33,Female,Bachelor,Single,42593.88,47300.0,65.0,1,59100.0
40,Female,High School,Single,68324.35,168200.0,68.0,1,146000.0
36,Male,Bachelor,Married,76592.56,175000.0,80.0,1,238700.0
37,Female,High School,Married,39913.31,0.0,40.0,1,59900.0
28,Male,High School,Married,66032.28,30900.0,49.0,1,34000.0
46,Male,PhD,Divorced,112481.93,115000.0,82.0,1,161000.0
31,Male,High School,Single,167406.46,53500.0,63.0,1,66900.0
21,Male,High School,Married,82291.0,64800.0,62.0,1,81000.0
27,Female,Bachelor,Single,41768.26,0.0,44.0,1,62700.0
32,Female,Bachelor,Single,82160.22,40900.0,67.0,1,51100.0
46,Female,Bachelor,Single,11597.34,7900.0,53.0,1,9100.0
35,Male,Master,Married,31538.39,39400.0,70.0,1,51200.0
33,Male,High School,Married,107238.33,200900.0,71.0,1,261200.0
22,Male,Bachelor,Single,103967.23,151800.0,75.0,1,197300.0
44,Male,Master,Married,19377.99,37100.0,63.0,1,40800.0
28,Male,High School,Married,33070.84,16700.0,48.0,1,18400.0
34,Female,Bachelor,Single,49081.54,32100.0,68.0,1,40100.0
52,Male,High School,Single,126547.88,285900.0,74.0,1,371700.0
41,Female,High School,Single,89698.49,216300.0,74.0,1,281200.0
18,Female,High School,Married,109115.04,229700.0,72.0,1,298600.0
18,Male,Bachelor,Married,125744.71,236900.0,77.0,1,308000.0
35,Female,Master,Married,71752.97,29700.0,66.0,1,37100.0
22,Male,Bachelor,Single,53981.48,134800.0,74.0,1,175200.0
43,Male,Master,Divorced,88549.2,67600.0,75.0,1,87900.0
36,Female,High School,Married,73570.62,88700.0,65.0,1,110900.0
37,Female,High School,Married,55323.4,93100.0,65.0,1,97000.0
28,Male,PhD,Single,65097.15,97200.0,74.0,1,126400.0
55,Female,Master,Married,61240.45,151900.0,83.0,1,184400.0
67,Female,High School,Married,50503.98,81000.0,62.0,1,69900.0
32,Male,Bachelor,Married,57807.17,45500.0,70.0,1,59200.0
39,Male,High School,Married,34735.51,53500.0,57.0,1,60900.0
37,Female,Bachelor,Married,48964.92,0.0,58.0,1,73400.0
33,Male,Master,Single,23110.91,40800.0,68.0,1,51000.0
26,Male,Bachelor,Widowed,16496.0,6400.0,41.0,1,7000.0
24,Male,High School,Single,129066.18,117200.0,60.0,1,146500.0
23,Female,High School,Single,26329.87,39700.0,51.0,1,45700.0
40,Female,High School,Married,77073.73,154800.0,70.0,1,201200.0
30,Male,Bachelor,Married,48954.45,0.0,58.0,1,73400.0
18,Male,Bachelor,Single,57167.91,0.0,52.0,1,85800.0
40,Male,Master,Married,24329.76,0.0,53.0,1,36500.0
35,Male,Bachelor,Married,38734.97,61700.0,67.0,1,75400.0
50,Male,High School,Married,17592.65,28000.0,50.0,1,27600.0
40,Male,Bachelor,Widowed,12261.45,27900.0,62.0,1,25600.0
19,Male,Bachelor,Married,34819.47,75300.0,68.0,1,71400.0
18,Female,High School,Married,76341.25,94200.0,61.0,1,117800.0
28,Male,High School,Married,22785.9,36700.0,53.0,1,42000.0
29,Male,PhD,Married,325908.71,0.0,71.0,1,488900.0
46,Male,Bachelor,Single,59018.52,147500.0,78.0,1,191800.0
35,Female,Bachelor,Married,51086.05,98300.0,75.0,1,127800.0
48,Male,Bachelor,Divorced,81951.94,36900.0,65.0,1,46100.0
21,Male,High School,Single,35941.01,81300.0,56.0,1,80900.0
46,Female,Bachelor,Married,69593.98,94000.0,75.0,1,122200.0
43,Female,Master,Married,165281.66,177100.0,90.0,1,265600.0
18,Female,High School,Single,56930.03,0.0,42.0,1,85400.0
50,Male,High School,Divorced,45635.72,94400.0,66.0,1,78600.0
37,Male,Bachelor,Single,388719.99,884800.0,90.0,1,1327200.0
40,Female,High School,Single,56824.52,0.0,46.0,1,85200.0
26,Male,Bachelor,Married,36567.01,15800.0,51.0,1,18200.0
50,Male,High School,Married,21724.39,0.0,33.0,0,0.0
22,Female,Bachelor,Married,27373.31,41800.0,63.0,1,52200.0
45,Female,Bachelor,Married,179345.07,380300.0,92.0,1,500000.0
45,Female,High School,Single,16463.88,31100.0,48.0,1,31500.0
25,Female,High School,Single,44056.28,45700.0,51.0,1,52600.0
57,Female,High School,Widowed,97743.55,226700.0,70.0,1,263200.0
38,Female,High School,Single,34213.55,0.0,38.0,0,0.0
43,Male,Bachelor,Married,43720.41,107400.0,72.0,1,136200.0
19,Female,High School,Single,103997.6,256300.0,70.0,1,333200.0
59,Male,Bachelor,Married,57384.31,22700.0,60.0,1,28400.0
22,Female,Bachelor,Widowed,54561.33,31900.0,63.0,1,39900.0
47,Male,High School,Single,44205.26,36100.0,50.0,1,41500.0
25,Male,Bachelor,Married,56858.98,63200.0,71.0,1,82200.0
29,Male,Bachelor,Married,100886.01,175300.0,77.0,1,227900.0
44,Male,High School,Married,80856.27,89200.0,71.0,1,116000.0
47,Female,Bachelor,Married,68107.7,160900.0,80.0,1,189900.0
22,Male,High School,Single,35567.62,47900.0,51.0,1,55100.0
47,Male,High School,Married,144613.28,0.0,54.0,1,216900.0
47,Male,High School,Married,72585.25,0.0,48.0,1,108900.0
25,Male,High School,Widowed,130884.03,0.0,47.0,1,196300.0
53,Female,Bachelor,Married,44437.98,75400.0,67.0,1,77400.0
19,Male,Bachelor,Single,52834.89,26300.0,57.0,1,30200.0
29,Male,High School,Single,176207.42,247500.0,71.0,1,321800.0
41,Male,Bachelor,Divorced,28725.3,29500.0,63.0,1,36900.0
26,Female,Bachelor,Married,221782.04,165100.0,78.0,1,214600.0
38,Female,High School,Married,36391.85,13900.0,45.0,1,15300.0
38,Male,Bachelor,Married,42512.54,85800.0,72.0,1,111500.0
33,Female,High School,Married,122662.98,69600.0,66.0,1,87000.0
45,Female,Master,Single,23734.77,16000.0,63.0,1,20000.0
33,Female,High School,Married,69144.03,46300.0,60.0,1,57900.0
38,Male,Bachelor,Divorced,44658.84,109700.0,68.0,1,95500.0
48,Female,Master,Married,62530.26,53600.0,73.0,1,69700.0
44,Male,Bachelor,Single,45897.76,32600.0,68.0,1,40800.0
44,Female,High School,Single,16010.52,38900.0,53.0,1,34200.0
23,Female,Bachelor,Single,14604.92,24500.0,54.0,1,28200.0
41,Female,High School,Widowed,96001.75,172900.0,68.0,1,180600.0
26,Male,Bachelor,Single,168734.43,353100.0,86.0,1,494300.0
21,Female,Bachelor,Married,145688.8,218800.0,77.0,1,284400.0
35,Male,Bachelor,Single,25546.81,0.0,48.0,1,38300.0
26,Male,High School,Single,86667.81,216300.0,70.0,1,281200.0
44,Male,Bachelor,Married,306773.59,557600.0,87.0,1,780600.0
44,Female,High School,Married,37851.51,0.0,40.0,1,56800.0
18,Male,High School,Single,142507.42,70400.0,53.0,1,81000.0
26,Male,Bachelor,Single,21740.24,12000.0,49.0,1,13200.0
19,Male,Bachelor,Married,85078.62,120600.0,77.0,1,156800.0
30,Female,Bachelor,Single,22379.95,42600.0,65.0,1,53200.0
41,Female,High School,Divorced,45656.63,89400.0,61.0,1,87800.0
33,Female,Master,Married,15858.17,0.0,46.0,1,23800.0
29,Male,Bachelor,Married,29223.42,54600.0,63.0,1,59900.0
50,Female,High School,Single,16466.48,9200.0,43.0,1,10100.0
18,Female,PhD,Single,60225.87,128600.0,79.0,1,167200.0
49,Female,Master,Married,42198.71,0.0,53.0,1,63300.0
30,Female,High School,Single,25905.33,0.0,38.0,1,22100.0
35,Female,Bachelor,Married,95154.99,114100.0,81.0,1,159700.0
30,Female,Bachelor,Married,14115.02,21400.0,60.0,1,26800.0
52,Male,High School,Single,102522.63,254700.0,74.0,1,313700.0
22,Male,High School,Married,35604.94,69000.0,53.0,1,65700.0
36,Female,Bachelor,Married,32867.33,70400.0,72.0,1,91500.0
41,Female,High School,Married,38283.17,28800.0,52.0,1,33100.0
18,Female,Master,Divorced,96551.43,136400.0,76.0,1,177300.0
25,Male,High School,Single,157894.93,242800.0,71.0,1,315600.0
34,Male,Master,Married,13318.79,5300.0,51.0,1,6100.0
26,Male,Master,Single,18057.2,9800.0,52.0,1,11300.0
27,Female,Bachelor,Widowed,58095.19,44800.0,63.0,1,56000.0
32,Female,High School,Single,41177.19,0.0,38.0,0,0.0
43,Male,Bachelor,Married,165068.05,331000.0,92.0,1,496500.0
32,Male,High School,Married,58783.93,80500.0,65.0,1,100600.0
47,Male,Bachelor,Divorced,171859.95,0.0,66.0,1,257800.0
25,Male,High School,Divorced,29383.87,42500.0,49.0,1,46800.0
22,Male,Master,Married,42600.95,99200.0,71.0,1,129000.0
57,Female,High School,Married,107382.61,0.0,51.0,1,161100.0
28,Female,Bachelor,Married,28622.05,0.0,46.0,1,42900.0
21,Male,Bachelor,Married,42336.33,17300.0,51.0,1,19900.0
18,Male,Bachelor,Married,48637.02,0.0,54.0,1,73000.0
47,Female,High School,Married,38141.06,37100.0,52.0,1,42700.0
32,Female,High School,Married,151379.24,367600.0,82.0,1,424500.0
33,Female,Bachelor,Married,393875.19,882800.0,92.0,1,1227300.0
34,Male,High School,Single,44362.37,55300.0,55.0,1,63600.0
47,Male,High School,Married,33051.33,11100.0,45.0,1,12200.0
34,Male,High School,Married,17900.85,9100.0,45.0,1,10000.0
61,Female,Bachelor,Single,25583.15,19800.0,57.0,1,22800.0
37,Female,High School,Single,12712.93,14800.0,48.0,1,16300.0
47,Male,Master,Single,16701.26,34500.0,66.0,1,38300.0
44,Female,High School,Widowed,12851.1,28000.0,52.0,1,24200.0
35,Male,Bachelor,Divorced,54759.3,136800.0,76.0,1,177800.0
29,Female,High School,Single,46027.86,67600.0,59.0,1,77700.0
39,Male,Master,Married,196135.51,467900.0,95.0,1,660100.0
41,Male,High School,Married,38362.88,66600.0,57.0,1,67200.0
29,Male,High School,Married,45644.9,61700.0,61.0,1,77100.0
37,Male,High School,Single,85310.17,0.0,52.0,1,128000.0
49,Female,High School,Divorced,48539.74,0.0,44.0,1,72800.0
58,Male,Bachelor,Divorced,52045.85,118000.0,73.0,1,153400.0
45,Female,Bachelor,Single,29827.9,66700.0,70.0,1,86700.0
56,Male,High School,Married,38713.09,93700.0,59.0,1,60700.0
29,Male,Bachelor,Single,38116.46,80100.0,66.0,1,95300.0
43,Female,Bachelor,Married,27670.88,8600.0,55.0,1,9900.0
50,Female,Master,Married,59714.68,111900.0,78.0,1,145500.0
26,Male,High School,Married,19854.78,24100.0,46.0,1,26500.0
30,Female,High School,Married,33425.91,79500.0,62.0,1,58600.0
55,Female,High School,Divorced,15498.43,31400.0,51.0,1,26700.0
25,Male,High School,Married,17601.72,36400.0,51.0,1,32500.0
21,Female,Bachelor,Single,32507.48,17500.0,56.0,1,20100.0
52,Male,Bachelor,Married,64530.08,0.0,58.0,1,96800.0
49,Male,High School,Married,40367.88,52600.0,57.0,1,60500.0
40,Female,Bachelor,Single,384913.22,534300.0,85.0,1,748000.0
35,Male,High School,Single,34633.09,71100.0,60.0,1,74000.0
31,Male,High School,Married,13472.05,0.0,33.0,0,0.0
39,Male,High School,Single,21396.47,14900.0,43.0,1,16400.0
53,Female,Bachelor,Married,76587.17,167500.0,80.0,1,213500.0
38,Female,Bachelor,Married,74444.57,159100.0,80.0,1,222700.0
59,Male,Bachelor,Married,144600.24,255300.0,78.0,1,331900.0
26,Female,Master,Married,18884.53,8300.0,47.0,1,9100.0
35,Male,Bachelor,Divorced,39839.06,75100.0,63.0,1,85200.0
31,Female,High School,Single,161206.45,86600.0,70.0,1,112600.0
24,Female,High School,Married,88911.08,0.0,50.0,1,133400.0
34,Female,Master,Married,31457.64,67500.0,75.0,1,87800.0
40,Male,Bachelor,Divorced,111837.25,41100.0,65.0,1,51400.0
41,Female,Bachelor,Single,62734.63,106400.0,73.0,1,138300.0
59,Male,Bachelor,Single,39636.37,60100.0,62.0,1,75100.0
41,Female,High School,Single,16488.4,18600.0,48.0,1,20500.0
48,Male,Master,Married,83911.1,64500.0,79.0,1,83800.0
36,Male,High School,Married,55626.38,37000.0,60.0,1,46200.0
54,Male,High School,Married,38951.63,0.0,40.0,0,0.0
62,Male,High School,Single,27735.12,15100.0,47.0,1,16600.0
41,Female,Bachelor,Married,19589.38,47500.0,65.0,1,38200.0
25,Female,Bachelor,Married,129440.75,94700.0,72.0,1,123100.0
29,Male,Bachelor,Married,21872.96,41300.0,56.0,1,44800.0
39,Male,Bachelor,Married,75093.02,0.0,58.0,1,112600.0
41,Male,High School,Married,78377.86,88100.0,65.0,1,110100.0
43,Female,High School,Single,46922.58,108500.0,68.0,1,100300.0
41,Male,Bachelor,Divorced,76638.04,28700.0,59.0,1,33000.0
36,Male,Bachelor,Single,63847.05,126900.0,73.0,1,165000.0
29,Male,Bachelor,Divorced,59540.9,114700.0,67.0,1,134000.0
40,Female,Bachelor,Married,40289.51,86200.0,72.0,1,112100.0
56,Male,Bachelor,Married,12743.64,28800.0,62.0,1,22200.0
47,Male,High School,Single,53182.03,69500.0,63.0,1,86900.0
41,Female,High School,Divorced,14263.81,25500.0,46.0,1,27400.0
47,Male,High School,Single,73320.74,0.0,46.0,1,110000.0
31,Male,Bachelor,Married,56579.24,0.0,58.0,1,84900.0
30,Male,Bachelor,Married,34847.72,12400.0,55.0,1,14300.0
27,Female,High School,Single,62318.13,150700.0,64.0,1,140200.0
34,Male,Bachelor,Divorced,125704.32,82500.0,72.0,1,107200.0
31,Male,Master,Married,54140.33,65600.0,78.0,1,85300.0
49,Male,High School,Married,13865.26,0.0,33.0,0,0.0
30,Female,PhD,Divorced,57323.06,44100.0,71.0,1,57300.0
27,Male,Master,Married,27599.1,15300.0,61.0,1,19100.0
57,Male,Bachelor,Married,23857.93,54200.0,69.0,1,41600.0
31,Female,Bachelor,Married,64488.14,0.0,58.0,1,96700.0
37,Female,High School,Married,27627.75,16500.0,52.0,1,19000.0
40,Female,High School,Single,88245.85,196000.0,74.0,1,254800.0
23,Male,Master,Single,72076.68,51500.0,67.0,1,64400.0
49,Male,High School,Single,15544.2,27100.0,48.0,1,29700.0
43,Male,High School,Single,29773.75,65000.0,60.0,1,63600.0
53,Female,High School,Married,32597.6,0.0,40.0,0,0.0
28,Female,Bachelor,Single,14097.58,4400.0,42.0,1,4800.0
37,Female,High School,Married,167117.01,289000.0,77.0,1,375700.0
36,Male,High School,Married,27884.26,43200.0,57.0,1,48900.0
38,Female,Bachelor,Divorced,57598.4,84200.0,71.0,1,109500.0
19,Female,Bachelor,Married,153865.84,149800.0,78.0,1,194700.0
37,Female,Bachelor,Married,85541.74,143600.0,81.0,1,201000.0
20,Female,High School,Married,37642.67,12700.0,41.0,0,12700.0
39,Female,High School,Single,48812.79,0.0,46.0,1,73200.0
18,Male,High School,Single,42676.6,43600.0,51.0,1,50100.0
18,Male,Bachelor,Married,79619.58,32300.0,59.0,1,37100.0
45,Male,Bachelor,Single,111574.74,97900.0,74.0,1,127300.0
29,Male,Bachelor,Married,47817.34,102400.0,76.0,1,133100.0
25,Male,High School,Married,38502.02,0.0,36.0,0,0.0
49,Female,Master,Married,55556.06,74400.0,78.0,1,96700.0
39,Female,High School,Single,16285.74,25100.0,48.0,1,27600.0
45,Male,High School,Married,98060.52,91400.0,66.0,1,114200.0
34,Male,Master,Single,141134.6,211100.0,82.0,1,295500.0
65,Male,High School,Married,45966.32,110400.0,67.0,1,63600.0
29,Male,Bachelor,Married,34281.84,24200.0,58.0,1,27800.0
55,Male,High School,Married,82516.29,0.0,54.0,1,123800.0
35,Female,High School,Married,35357.09,54300.0,57.0,1,62000.0
18,Male,Bachelor,Married,42346.92,0.0,46.0,1,63500.0
41,Male,High School,Single,34624.28,56000.0,55.0,1,64400.0
39,Male,High School,Married,37810.9,36700.0,52.0,1,42200.0
24,Female,Bachelor,Married,61482.13,96200.0,71.0,1,125100.0
25,Female,High School,Married,58356.02,72200.0,61.0,1,90200.0
35,Male,Bachelor,Married,253880.92,0.0,70.0,1,380800.0
39,Female,Bachelor,Single,24364.35,0.0,48.0,1,36500.0
18,Female,Bachelor,Married,27851.0,49900.0,63.0,1,57100.0
47,Male,High School,Single,14644.43,0.0,31.0,0,0.0
30,Male,Bachelor,Married,120739.42,181700.0,81.0,1,254400.0
21,Male,Bachelor,Married,33398.55,69600.0,68.0,1,68500.0
46,Male,High School,Single,133944.05,0.0,52.0,1,200900.0
35,Female,High School,Married,156186.17,134200.0,72.0,1,174500.0
49,Male,Bachelor,Married,14748.91,0.0,43.0,1,22100.0
40,Male,High School,Married,37576.15,17100.0,45.0,1,18800.0
35,Male,Bachelor,Married,42484.41,71900.0,67.0,1,82700.0
34,Male,High School,Single,32482.76,53500.0,55.0,1,61500.0
41,Female,Bachelor,Married,34728.85,44400.0,67.0,1,55500.0
31,Male,High School,Married,75473.0,101900.0,65.0,1,127400.0
26,Male,Master,Married,67234.81,135200.0,79.0,1,175800.0
42,Female,High School,Married,25753.57,48600.0,57.0,1,45100.0
34,Male,Master,Married,28752.24,34800.0,70.0,1,45200.0
36,Male,High School,Married,46268.4,35700.0,60.0,1,44600.0
47,Male,Bachelor,Married,37722.61,0.0,50.0,1,56600.0
34,Male,Master,Single,57580.92,0.0,59.0,1,86400.0
36,Male,High School,Single,40943.08,75000.0,55.0,1,86200.0
29,Male,High School,Single,37085.98,34400.0,46.0,1,37800.0
40,Male,Master,Divorced,78125.87,187200.0,79.0,1,243400.0
39,Male,High School,Married,84710.86,146700.0,71.0,1,190700.0
45,Male,Bachelor,Married,31791.12,56100.0,67.0,1,55400.0
29,Female,High School,Married,26338.06,40500.0,53.0,1,46600.0
30,Male,Bachelor,Married,43516.79,74900.0,67.0,1,84700.0
44,Female,High School,Single,21949.93,54800.0,53.0,1,46900.0
38,Female,Bachelor,Married,54808.53,113100.0,80.0,1,158300.0
26,Male,High School,Married,39042.79,48000.0,53.0,1,55200.0
50,Female,Bachelor,Single,23662.25,17200.0,60.0,1,21500.0
18,Female,High School,Single,10329.64,20200.0,44.0,1,22200.0
44,Male,Bachelor,Single,75380.8,168400.0,78.0,1,218900.0
22,Female,High School,Single,27868.66,40400.0,51.0,1,46500.0
56,Male,High School,Married,168106.54,0.0,57.0,1,252200.0
19,Male,Bachelor,Married,33800.6,0.0,46.0,1,50700.0
48,Female,High School,Married,39987.05,0.0,40.0,1,60000.0
35,Male,Master,Married,99312.1,122900.0,84.0,1,172100.0
31,Female,Bachelor,Married,84350.79,0.0,64.0,1,126500.0
38,Female,Bachelor,Married,12279.25,8400.0,55.0,1,9700.0
42,Female,High School,Married,70570.06,127900.0,65.0,1,123700.0
26,Male,Bachelor,Single,36022.88,77600.0,66.0,1,90100.0
27,Female,High School,Single,47967.69,0.0,42.0,1,72000.0
43,Male,Bachelor,Married,21730.75,43200.0,60.0,1,42300.0
18,Male,High School,Single,117201.69,72700.0,60.0,1,90900.0
29,Male,High School,Divorced,77135.14,0.0,40.0,0,0.0
69,Female,High School,Married,73424.13,141500.0,62.0,1,101600.0
25,Male,PhD,Married,46488.76,0.0,59.0,1,69700.0
48,Male,Bachelor,Married,41834.27,13300.0,55.0,1,15300.0
29,Male,High School,Married,117398.91,245600.0,72.0,1,319300.0
41,Male,PhD,Married,27728.29,22000.0,67.0,1,27500.0
43,Female,High School,Single,23346.67,50900.0,60.0,1,49900.0
48,Male,Bachelor,Married,56264.92,0.0,58.0,1,84400.0
33,Male,Bachelor,Single,316413.09,272300.0,80.0,1,381200.0
57,Female,Bachelor,Widowed,26619.98,59700.0,66.0,1,49800.0
29,Male,High School,Married,282630.28,302100.0,73.0,1,392700.0
38,Female,High School,Single,40393.13,71400.0,55.0,1,82100.0
38,Male,Bachelor,Divorced,175966.83,0.0,66.0,1,264000.0
23,Male,High School,Single,76522.14,0.0,42.0,1,114800.0
32,Male,High School,Married,26501.86,52900.0,57.0,1,46500.0
37,Male,Bachelor,Married,124482.57,288900.0,86.0,1,387900.0
31,Female,Bachelor,Divorced,16648.6,0.0,39.0,1,14200.0
62,Male,High School,Divorced,84213.35,95800.0,64.0,1,119800.0
26,Female,High School,Married,139295.09,162600.0,67.0,1,203200.0
48,Male,High School,Married,134216.51,86400.0,66.0,1,108000.0
45,Male,Bachelor,Single,56686.9,87500.0,73.0,1,113800.0
35,Female,Bachelor,Married,33490.85,72100.0,72.0,1,93700.0
26,Female,Bachelor,Single,59342.21,34800.0,64.0,1,43500.0
27,Female,Bachelor,Married,70400.72,61500.0,66.0,1,76900.0
30,Female,Bachelor,Married,162784.29,55800.0,75.0,1,72500.0
18,Male,High School,Married,43751.65,63800.0,53.0,1,73400.0
24,Female,High School,Single,81431.9,0.0,48.0,1,122100.0
19,Male,Bachelor,Married,41050.9,64600.0,63.0,1,80800.0
50,Male,High School,Single,30233.82,0.0,38.0,0,0.0
42,Female,PhD,Married,37996.57,78500.0,77.0,1,102000.0
44,Male,Master,Married,30926.11,0.0,53.0,1,46400.0
42,Female,Bachelor,Married,46090.43,62700.0,75.0,1,81500.0
37,Male,High School,Married,84804.44,68700.0,66.0,1,85900.0
52,Male,Bachelor,Married,47353.1,110600.0,80.0,1,132000.0
29,Male,Bachelor,Married,100397.4,0.0,60.0,1,150600.0
37,Female,Bachelor,Single,22422.99,43900.0,65.0,1,53300.0
44,Male,High School,Married,23546.91,22900.0,52.0,1,26300.0
21,Male,Bachelor,Married,23357.31,47500.0,68.0,1,47900.0
70,Female,Bachelor,Single,75478.8,142900.0,70.0,1,185800.0
36,Male,High School,Single,83407.44,63800.0,64.0,1,79800.0
37,Male,High School,Single,80850.97,38800.0,57.0,1,44600.0
49,Female,Bachelor,Single,73182.83,53000.0,68.0,1,66200.0
46,Female,High School,Single,80369.81,0.0,52.0,1,120600.0
36,Male,High School,Single,131090.83,84400.0,64.0,1,105500.0
37,Female,High School,Single,42847.34,87500.0,60.0,1,91600.0
19,Male,Master,Married,131391.79,131500.0,80.0,1,184100.0
29,Male,High School,Married,10338.54,19600.0,46.0,1,19100.0
41,Female,High School,Married,18429.7,0.0,33.0,0,0.0
40,Female,High School,Single,82383.07,167600.0,74.0,1,217900.0
49,Male,Bachelor,Widowed,27165.33,40300.0,64.0,1,50400.0
34,Male,Bachelor,Married,59303.02,0.0,58.0,1,89000.0
20,Male,Bachelor,Married,76273.3,46000.0,66.0,1,57500.0
47,Male,Bachelor,Married,35197.8,0.0,50.0,1,52800.0
51,Female,Bachelor,Married,20679.63,10600.0,55.0,1,12200.0
45,Male,High School,Widowed,32986.5,80500.0,59.0,1,55500.0
34,Male,Bachelor,Single,150520.75,0.0,68.0,1,225800.0
47,Female,High School,Married,57223.68,54200.0,60.0,1,67800.0
70,Female,Bachelor,Single,86824.49,32600.0,64.0,1,40800.0
37,Male,High School,Married,30505.35,59300.0,57.0,1,53500.0
21,Female,Master,Single,69278.88,0.0,55.0,1,103900.0
29,Female,Bachelor,Married,72741.71,139200.0,71.0,1,181000.0
42,Male,Bachelor,Single,27848.28,0.0,48.0,1,41800.0
18,Female,Bachelor,Married,29285.12,0.0,46.0,1,43900.0
37,Female,Bachelor,Single,33555.79,54400.0,65.0,1,68000.0
40,Male,Bachelor,Divorced,13250.36,8800.0,51.0,1,10100.0
52,Male,High School,Single,24993.52,60800.0,60.0,1,47800.0
50,Female,High School,Married,82646.5,0.0,54.0,1,124000.0
45,Male,High School,Married,59612.67,142200.0,70.0,1,149600.0
18,Male,High School,Married,31567.67,30200.0,48.0,1,33200.0
46,Male,High School,Married,69622.49,123000.0,65.0,1,109200.0
43,Female,Master,Widowed,165817.82,413800.0,92.0,1,598900.0
38,Male,Bachelor,Single,102628.81,84300.0,74.0,1,109600.0
18,Male,High School,Single,73167.93,98400.0,59.0,1,113200.0
27,Male,High School,Married,14212.93,0.0,29.0,0,0.0
23,Female,Bachelor,Married,41999.53,32400.0,58.0,1,37300.0
18,Male,High School,Married,37207.39,22500.0,48.0,1,24800.0
35,Male,Bachelor,Married,51533.61,0.0,58.0,1,77300.0
27,Male,High School,Single,28829.56,0.0,34.0,0,0.0
64,Male,Master,Single,46627.21,64100.0,73.0,1,83300.0
34,Male,High School,Married,159350.54,48400.0,65.0,1,60500.0
50,Female,High School,Married,127151.02,95700.0,66.0,1,119600.0
18,Female,Master,Married,94380.62,168800.0,80.0,1,236300.0
30,Female,High School,Single,10161.48,3300.0,36.0,0,3300.0
37,Male,High School,Divorced,175999.21,0.0,56.0,1,264000.0
26,Male,High School,Married,83355.13,54500.0,62.0,1,68100.0
31,Female,Bachelor,Married,60049.92,94900.0,75.0,1,123400.0
33,Male,High School,Single,33881.49,0.0,38.0,0,0.0
33,Female,Master,Married,141831.54,315300.0,89.0,1,441400.0
56,Female,Master,Married,16183.48,20300.0,60.0,1,25400.0
40,Female,Master,Widowed,13696.0,22300.0,60.0,1,27900.0
41,Male,High School,Married,30983.15,45600.0,57.0,1,52400.0
41,Male,PhD,Married,53152.59,79100.0,80.0,1,110700.0
42,Male,Bachelor,Married,46494.66,53500.0,75.0,1,69600.0
35,Female,High School,Single,103925.08,211600.0,74.0,1,275100.0
32,Female,High School,Married,22300.35,23300.0,57.0,1,26800.0
37,Female,Bachelor,Married,31960.57,51200.0,67.0,1,62200.0
48,Male,Bachelor,Married,74740.18,97300.0,75.0,1,126500.0
48,Female,High School,Married,26161.54,27600.0,57.0,1,31700.0
33,Female,Bachelor,Married,69026.21,76200.0,75.0,1,99100.0
44,Male,PhD,Married,13899.63,17400.0,65.0,1,21800.0
33,Male,High School,Single,50399.7,60300.0,63.0,1,75400.0
36,Female,High School,Married,50741.48,94300.0,65.0,1,88900.0
30,Male,Master,Divorced,36216.65,55800.0,66.0,1,69800.0
34,Male,High School,Married,24707.28,35200.0,57.0,1,40500.0
50,Male,Master,Married,16639.12,11300.0,58.0,1,13000.0
37,Female,Bachelor,Married,53578.0,71600.0,75.0,1,93100.0
37,Male,High School,Single,83975.94,114600.0,69.0,1,143200.0
20,Male,High School,Married,94498.2,175400.0,67.0,1,174300.0
32,Female,High School,Married,265159.07,0.0,60.0,1,397700.0
33,Female,High School,Single,347532.19,0.0,58.0,1,521300.0
26,Female,Bachelor,Married,18989.84,22400.0,56.0,1,25800.0
36,Male,Bachelor,Single,51515.03,126300.0,78.0,1,164200.0
31,Male,Bachelor,Married,53852.63,117500.0,80.0,1,164500.0
36,Female,Bachelor,Single,69584.73,0.0,56.0,1,104400.0
37,Female,Bachelor,Married,151582.86,331500.0,92.0,1,472300.0
25,Male,PhD,Married,39302.53,43300.0,68.0,1,54100.0
31,Male,Bachelor,Married,36272.61,37400.0,67.0,1,46800.0
36,Male,Master,Married,19397.4,0.0,46.0,1,29100.0
49,Female,High School,Single,15278.55,35000.0,53.0,1,29200.0
38,Male,Bachelor,Single,70227.39,156600.0,78.0,1,203600.0
28,Male,Bachelor,Married,64495.45,152000.0,76.0,1,197600.0
40,Male,Master,Married,79242.56,158200.0,78.0,1,205700.0
54,Male,Bachelor,Married,26020.66,13900.0,62.0,1,17400.0
46,Male,High School,Single,112716.74,40400.0,57.0,1,46500.0
42,Female,High School,Single,165314.99,380600.0,80.0,1,532800.0
43,Female,High School,Married,77147.66,116400.0,65.0,1,135200.0
51,Male,High School,Single,38908.92,32000.0,50.0,1,36800.0
47,Male,Bachelor,Single,24279.91,0.0,48.0,1,36400.0
42,Male,Master,Single,66798.27,41400.0,71.0,1,53800.0
47,Female,High School,Married,140790.56,0.0,54.0,1,211200.0
24,Male,High School,Widowed,80096.42,136800.0,64.0,1,158600.0
19,Female,Master,Single,128000.85,110700.0,73.0,1,143900.0
37,Female,High School,Married,69331.93,67400.0,60.0,1,84200.0
36,Male,PhD,Married,55725.02,90100.0,80.0,1,126100.0
30,Female,High School,Married,82445.52,168100.0,76.0,1,218500.0
45,Female,High School,Married,86125.08,101800.0,71.0,1,132300.0
18,Male,High School,Married,65887.28,25400.0,49.0,1,27900.0
30,Male,PhD,Married,32056.75,55600.0,72.0,1,72300.0
30,Male,Master,Married,119543.81,215900.0,84.0,1,302300.0
18,Male,Bachelor,Married,114014.28,118600.0,77.0,1,154200.0
52,Male,High School,Divorced,69901.97,21200.0,49.0,1,23300.0
21,Male,PhD,Married,52594.62,81900.0,76.0,1,106500.0
29,Male,Master,Married,35554.31,0.0,49.0,1,53300.0
45,Male,High School,Married,140518.62,109900.0,66.0,1,137400.0
43,Female,Bachelor,Married,152465.93,217700.0,87.0,1,304800.0
23,Female,PhD,Married,55158.5,101200.0,76.0,1,131600.0
43,Female,High School,Married,18423.51,0.0,33.0,0,0.0
39,Female,High School,Married,45761.57,91400.0,65.0,1,80200.0
61,Female,Master,Single,69049.25,82700.0,73.0,1,107500.0
40,Female,Bachelor,Married,82983.24,183700.0,86.0,1,257200.0
34,Male,PhD,Single,340117.02,340300.0,90.0,1,510400.0
26,Female,Bachelor,Single,41569.14,26600.0,56.0,1,30600.0
27,Male,High School,Married,25411.96,51500.0,58.0,1,46900.0
26,Female,Bachelor,Single,38534.55,12400.0,49.0,1,13600.0
51,Female,Bachelor,Married,15628.91,37400.0,65.0,1,27200.0
36,Female,High School,Widowed,29432.83,13600.0,42.0,0,13600.0
42,Male,High School,Single,61009.34,124000.0,68.0,1,130400.0
52,Male,High School,Single,99174.76,56200.0,64.0,1,70200.0
18,Male,Bachelor,Married,152725.73,140100.0,78.0,1,182100.0
50,Male,Master,Single,36533.62,59300.0,68.0,1,74100.0
36,Male,Bachelor,Married,51867.95,31600.0,70.0,1,41100.0
40,Male,Bachelor,Single,138980.08,71400.0,74.0,1,92800.0
26,Female,High School,Married,50835.16,119400.0,66.0,1,93800.0
27,Male,Bachelor,Single,118201.18,222800.0,75.0,1,289600.0
41,Female,Bachelor,Divorced,93971.02,53000.0,72.0,1,68900.0
62,Male,Bachelor,Married,36284.64,52300.0,64.0,1,55800.0
47,Male,Master,Married,91119.3,194700.0,89.0,1,272600.0
49,Female,Bachelor,Married,56733.07,27900.0,63.0,1,34900.0
33,Female,PhD,Single,57001.34,118800.0,83.0,1,166300.0
29,Male,Bachelor,Single,78676.01,169500.0,74.0,1,220400.0
27,Female,High School,Married,65278.31,0.0,44.0,1,97900.0
30,Female,Bachelor,Married,70794.64,0.0,58.0,1,106200.0
18,Female,Master,Married,112418.36,130900.0,80.0,1,183300.0
28,Female,Master,Married,300478.11,686600.0,91.0,1,1029900.0
29,Male,High School,Married,103428.28,235300.0,72.0,1,305300.0
34,Female,Bachelor,Married,21908.35,41000.0,60.0,1,42700.0
37,Female,High School,Married,136527.61,41200.0,59.0,1,47400.0
39,Female,High School,Married,84572.1,152400.0,71.0,1,198100.0
35,Female,Master,Widowed,99512.27,50500.0,76.0,1,65600.0
29,Female,Master,Single,71568.92,0.0,55.0,1,107400.0
18,Male,Bachelor,Single,150394.48,104800.0,76.0,1,136200.0
29,Male,High School,Divorced,19467.44,27700.0,42.0,1,30500.0
25,Female,Bachelor,Married,286901.8,0.0,66.0,1,430400.0
41,Female,Bachelor,Single,22829.87,26400.0,65.0,1,33000.0
46,Male,High School,Widowed,113506.99,167600.0,68.0,1,191000.0
46,Male,High School,Married,115255.11,101700.0,66.0,1,127100.0
44,Female,High School,Single,13821.23,13700.0,43.0,1,15100.0
34,Male,Bachelor,Married,98298.17,0.0,64.0,1,147400.0
30,Male,High School,Married,90057.05,116600.0,71.0,1,151600.0
27,Male,High School,Single,136772.01,255900.0,65.0,1,307700.0
19,Female,Master,Married,38945.99,55500.0,66.0,1,69400.0
46,Male,Master,Widowed,55354.69,0.0,58.0,1,83000.0
34,Male,High School,Married,76221.24,0.0,48.0,1,114300.0
22,Female,High School,Married,38815.79,28900.0,48.0,1,31800.0
26,Female,Bachelor,Single,63505.81,90600.0,69.0,1,113200.0
26,Male,High School,Married,68627.14,76700.0,61.0,1,95900.0
36,Male,High School,Single,118259.8,163400.0,69.0,1,204200.0
47,Female,High School,Single,61885.07,31900.0,58.0,1,36700.0
32,Female,Master,Married,17069.26,34300.0,68.0,1,35900.0
18,Male,PhD,Married,30324.14,32200.0,68.0,1,40200.0
33,Male,Master,Married,33525.04,0.0,53.0,1,50300.0
34,Female,Bachelor,Divorced,39106.61,60400.0,63.0,1,75500.0
33,Female,Bachelor,Married,88407.13,159500.0,81.0,1,223300.0
29,Male,Bachelor,Single,170195.22,78300.0,69.0,1,97900.0
38,Male,Bachelor,Divorced,86152.43,96900.0,77.0,1,126000.0
36,Male,Bachelor,Single,86004.79,116600.0,79.0,1,151600.0
35,Male,Bachelor,Married,27555.23,38700.0,67.0,1,48400.0
40,Male,High School,Single,87588.47,33200.0,57.0,1,38200.0
31,Male,High School,Widowed,55006.4,93100.0,62.0,1,103500.0
30,Female,PhD,Married,83889.69,42500.0,81.0,1,59500.0
51,Male,High School,Married,71148.79,76200.0,65.0,1,95200.0
42,Female,High School,Married,41289.95,58500.0,57.0,1,67300.0
45,Female,High School,Single,44591.2,87000.0,55.0,1,85300.0
49,Female,High School,Married,42141.16,46500.0,57.0,1,53500.0
41,Female,High School,Single,359630.83,757600.0,80.0,1,1060600.0
46,Female,High School,Married,26749.62,53500.0,62.0,1,42000.0
18,Female,Bachelor,Divorced,167391.6,199400.0,79.0,1,259200.0
38,Male,High School,Married,11989.09,26700.0,55.0,1,21000.0
33,Male,Bachelor,Married,16152.62,39000.0,65.0,1,31500.0
54,Male,High School,Single,67605.53,60600.0,58.0,1,69700.0
46,Male,High School,Single,68343.35,144000.0,68.0,1,130700.0
29,Male,Master,Married,155083.15,144000.0,81.0,1,201600.0
40,Female,Bachelor,Married,125643.03,227300.0,81.0,1,318200.0
37,Male,Bachelor,Married,65549.06,116000.0,75.0,1,150800.0
40,Female,High School,Married,149311.87,304500.0,76.0,1,395800.0
24,Male,High School,Widowed,151413.28,117900.0,65.0,1,147400.0
39,Female,Bachelor,Married,64688.95,152400.0,80.0,1,201600.0
33,Male,High School,Married,47346.48,58900.0,65.0,1,73600.0
39,Female,Bachelor,Single,27958.99,0.0,48.0,1,41900.0
28,Male,Bachelor,Married,87480.69,175000.0,82.0,1,245000.0
29,Female,Bachelor,Married,43330.42,0.0,46.0,1,65000.0
48,Male,Bachelor,Married,36941.92,89800.0,72.0,1,103000.0
24,Female,High School,Married,26260.45,28800.0,53.0,1,33100.0
25,Male,High School,Single,49306.9,17000.0,47.0,1,18700.0
35,Female,Bachelor,Married,43839.1,46100.0,67.0,1,57600.0
27,Female,Bachelor,Single,42082.86,94400.0,66.0,1,105200.0
26,Female,High School,Married,62906.75,135600.0,66.0,1,116100.0
37,Male,High School,Married,73332.1,83200.0,65.0,1,104000.0
19,Female,High School,Married,43025.49,27400.0,48.0,1,30100.0
24,Male,Bachelor,Married,102433.86,176000.0,77.0,1,228800.0
58,Male,High School,Married,17635.15,31100.0,47.0,1,27700.0
41,Male,Master,Married,382286.8,0.0,73.0,1,573400.0
27,Male,Bachelor,Married,41240.05,26000.0,58.0,1,29900.0
40,Female,Master,Married,28603.94,0.0,53.0,1,42900.0
42,Male,Bachelor,Married,175684.25,0.0,70.0,1,263500.0
46,Male,High School,Married,12437.96,0.0,33.0,0,0.0
34,Female,High School,Married,26797.19,0.0,40.0,1,40200.0
46,Female,Master,Widowed,24221.98,0.0,50.0,1,36300.0
18,Female,Bachelor,Single,24716.72,40000.0,61.0,1,50000.0
24,Female,High School,Married,158548.79,258100.0,73.0,1,335500.0
37,Male,Master,Married,114827.69,131600.0,84.0,1,184200.0
39,Female,Bachelor,Married,84110.84,46100.0,76.0,1,59900.0
25,Female,High School,Married,368673.15,722800.0,73.0,1,939600.0
38,Male,Bachelor,Married,100483.34,138800.0,81.0,1,194300.0
29,Male,Bachelor,Single,68955.77,76000.0,69.0,1,95000.0
32,Female,High School,Married,39007.57,86800.0,62.0,1,68400.0
47,Female,High School,Married,75718.88,23000.0,53.0,1,26400.0
45,Male,High School,Single,24384.41,0.0,38.0,0,0.0
25,Female,Master,Married,29400.12,0.0,49.0,1,44100.0
24,Female,Bachelor,Single,72538.94,0.0,52.0,1,108800.0
31,Male,High School,Single,35439.74,67400.0,55.0,1,75800.0
35,Male,Bachelor,Married,19768.32,13200.0,55.0,1,15200.0
28,Female,High School,Married,47523.56,102700.0,66.0,1,87700.0
47,Male,Bachelor,Married,15764.29,31200.0,60.0,1,27500.0
39,Male,PhD,Married,83202.69,50500.0,81.0,1,70700.0
40,Female,Bachelor,Widowed,179429.27,280400.0,84.0,1,392600.0
22,Female,PhD,Married,24955.4,0.0,51.0,1,37400.0
48,Female,Bachelor,Married,36855.87,13400.0,55.0,1,15400.0
18,Female,High School,Married,90119.81,135100.0,67.0,1,166300.0
45,Female,Bachelor,Married,60728.84,0.0,58.0,1,91100.0
46,Female,High School,Widowed,15337.02,0.0,30.0,0,0.0
31,Male,Bachelor,Single,29954.9,0.0,48.0,1,44900.0
50,Female,Bachelor,Married,73102.92,85400.0,75.0,1,111000.0
35,Female,Master,Single,45692.09,57500.0,76.0,1,74800.0
36,Female,High School,Married,42889.91,105100.0,62.0,1,75200.0
39,Male,Master,Married,13822.32,18000.0,63.0,1,22500.0
70,Male,Master,Divorced,51766.28,48000.0,66.0,1,60000.0
50,Male,High School,Married,64493.61,160700.0,70.0,1,161800.0
43,Female,Master,Married,16167.83,29100.0,63.0,1,34000.0
25,Female,High School,Married,191444.32,302400.0,73.0,1,393100.0
37,Female,High School,Single,40378.84,0.0,38.0,1,34500.0
27,Male,Master,Married,38961.19,79500.0,71.0,1,103400.0
45,Male,High School,Married,33771.29,0.0,40.0,1,50700.0
37,Male,Bachelor,Married,106736.74,79000.0,76.0,1,102700.0
23,Male,Bachelor,Single,383847.88,146000.0,69.0,1,182500.0
36,Female,High School,Single,40266.03,0.0,38.0,0,0.0
26,Female,Bachelor,Single,27375.41,53900.0,61.0,1,67400.0
37,Male,High School,Married,78119.38,92800.0,65.0,1,116000.0
26,Male,High School,Married,49561.43,0.0,44.0,1,74300.0
36,Male,Master,Married,11421.34,11100.0,58.0,1,12800.0
44,Male,Master,Married,130013.05,320000.0,89.0,1,437500.0
35,Female,Bachelor,Married,76577.68,38300.0,70.0,1,49800.0
31,Female,High School,Single,43097.86,67500.0,55.0,1,77600.0
38,Female,High School,Single,88694.49,143900.0,69.0,1,179900.0
43,Female,Master,Married,76135.9,145100.0,78.0,1,188600.0
23,Male,High School,Married,80244.03,26100.0,55.0,1,30000.0
38,Male,High School,Divorced,67970.01,59500.0,56.0,1,68400.0
50,Male,Master,Single,47516.19,60600.0,76.0,1,78800.0
42,Female,High School,Married,24881.77,36300.0,57.0,1,41700.0
36,Female,High School,Single,21649.42,9700.0,36.0,0,9700.0
43,Female,High School,Married,62685.05,131300.0,70.0,1,170700.0
40,Male,Master,Single,79734.18,47500.0,71.0,1,61800.0
44,Female,Bachelor,Divorced,109842.23,172000.0,77.0,1,223600.0
18,Male,High School,Married,16394.94,0.0,29.0,0,0.0
18,Male,Master,Married,25511.85,35700.0,66.0,1,44600.0
47,Male,Master,Married,357920.08,143800.0,78.0,1,186900.0
19,Male,High School,Married,12016.78,26000.0,51.0,1,22200.0
40,Female,Bachelor,Single,76767.17,70200.0,68.0,1,87800.0
32,Female,High School,Single,11810.92,11100.0,43.0,1,12200.0
25,Male,Bachelor,Married,163679.79,204100.0,83.0,1,285700.0
39,Male,High School,Single,67631.26,60200.0,58.0,1,69200.0
38,Male,High School,Married,63559.21,100400.0,65.0,1,111400.0
59,Male,Bachelor,Single,254092.07,559300.0,87.0,1,783000.0
29,Male,Bachelor,Single,151895.35,0.0,64.0,1,227800.0
51,Female,High School,Divorced,24025.2,13200.0,48.0,1,14500.0
39,Male,High School,Divorced,41692.54,92900.0,58.0,1,80200.0
28,Female,PhD,Married,39508.62,57300.0,68.0,1,71600.0
44,Male,High School,Married,30577.81,73700.0,62.0,1,53600.0
42,Male,Bachelor,Married,44485.58,98600.0,72.0,1,128200.0
36,Male,High School,Married,363053.53,0.0,60.0,1,544600.0
38,Female,Bachelor,Married,57186.93,32500.0,70.0,1,42200.0
29,Male,High School,Married,375302.06,545800.0,73.0,1,709500.0
26,Male,High School,Married,11187.66,24200.0,51.0,1,20600.0
44,Female,Bachelor,Married,18274.86,37200.0,65.0,1,35600.0
33,Male,High School,Married,50910.46,73900.0,65.0,1,89200.0
35,Female,Bachelor,Single,88916.61,221100.0,84.0,1,309500.0
39,Male,High School,Single,23143.08,53700.0,60.0,1,49500.0
38,Female,High School,Married,55474.28,68400.0,65.0,1,85500.0
20,Male,Bachelor,Single,137711.63,112900.0,70.0,1,146800.0
50,Male,High School,Married,71278.31,80900.0,65.0,1,101100.0
37,Male,High School,Married,33797.03,0.0,40.0,1,50700.0
33,Male,High School,Married,39022.25,67400.0,57.0,1,68400.0
40,Female,High School,Single,22035.76,40900.0,55.0,1,47000.0
38,Female,High School,Married,70371.74,0.0,48.0,1,105600.0
44,Male,High School,Single,315290.13,294100.0,70.0,1,382300.0
41,Male,High School,Divorced,26808.72,63100.0,58.0,1,51600.0
43,Male,Master,Single,74661.15,127000.0,76.0,1,165100.0
50,Female,High School,Married,323875.91,0.0,60.0,1,485800.0
45,Male,Master,Divorced,34193.57,13800.0,54.0,1,15900.0
34,Male,Bachelor,Divorced,56668.01,68600.0,71.0,1,89200.0
23,Female,High School,Married,31580.96,75400.0,58.0,1,58300.0
54,Male,High School,Married,239938.25,488200.0,82.0,1,602100.0
33,Male,High School,Married,19236.7,38900.0,55.0,1,33700.0
30,Male,Bachelor,Married,72837.01,165600.0,80.0,1,227000.0
18,Female,Bachelor,Married,25477.91,19100.0,58.0,1,22000.0
39,Male,Bachelor,Married,16811.32,0.0,43.0,1,25200.0
37,Female,Bachelor,Married,378716.95,482600.0,87.0,1,675600.0
19,Male,High School,Married,82475.93,0.0,50.0,1,123700.0
40,Male,Master,Married,85104.21,82600.0,79.0,1,107400.0
30,Female,High School,Married,86265.36,149300.0,71.0,1,194100.0
65,Male,PhD,Divorced,12258.5,5400.0,46.0,1,5900.0
29,Male,High School,Single,38551.54,92900.0,56.0,1,86700.0
31,Male,High School,Single,73996.35,41200.0,58.0,1,47400.0
26,Male,Master,Widowed,46502.54,84600.0,71.0,1,110000.0
50,Female,Bachelor,Married,80019.25,25100.0,69.0,1,31400.0
31,Male,Bachelor,Married,54323.68,0.0,58.0,1,81500.0
28,Female,High School,Married,86265.4,87100.0,67.0,1,108900.0
43,Female,Master,Married,41211.4,0.0,53.0,1,61800.0
20,Female,Master,Single,79600.21,148900.0,72.0,1,193600.0
42,Female,High School,Single,38026.04,0.0,38.0,0,0.0
55,Female,High School,Married,66153.67,66100.0,60.0,1,82600.0
42,Male,Bachelor,Married,40350.42,51900.0,67.0,1,64900.0
43,Male,Master,Single,19830.78,0.0,44.0,1,29700.0
45,Male,Bachelor,Married,11181.77,13700.0,60.0,1,17100.0
54,Female,Master,Married,119795.22,79300.0,79.0,1,103100.0
49,Female,High School,Married,29283.0,68400.0,62.0,1,45900.0
40,Male,Master,Widowed,24866.18,30500.0,67.0,1,38100.0
45,Female,High School,Married,88910.57,117800.0,71.0,1,153100.0
26,Female,High School,Single,71261.75,0.0,42.0,1,106900.0
44,Male,Bachelor,Single,35565.35,0.0,48.0,1,53300.0
24,Male,Bachelor,Married,30796.49,22500.0,58.0,1,25900.0
31,Male,High School,Divorced,39679.75,25000.0,48.0,1,27500.0
18,Female,Master,Single,66404.25,0.0,55.0,1,99600.0
40,Male,Master,Married,39071.69,62200.0,70.0,1,80900.0
28,Male,Bachelor,Married,169021.44,316400.0,83.0,1,443000.0
48,Female,High School,Single,17883.1,0.0,31.0,0,0.0
40,Female,High School,Married,36331.89,0.0,40.0,0,0.0
48,Male,Bachelor,Single,80411.27,143100.0,79.0,1,186000.0
24,Male,Bachelor,Single,135270.97,265300.0,75.0,1,344900.0
47,Male,High School,Widowed,40667.76,71700.0,54.0,1,68400.0
59,Female,Bachelor,Married,49162.45,107200.0,77.0,1,137100.0
44,Female,Bachelor,Married,55886.71,80700.0,75.0,1,104900.0
44,Female,Bachelor,Married,43265.69,0.0,50.0,1,64900.0
37,Male,High School,Married,52703.74,23900.0,53.0,1,27500.0
30,Male,Bachelor,Married,32420.49,55100.0,67.0,1,63100.0
44,Male,High School,Married,66632.49,157900.0,70.0,1,186900.0
19,Male,High School,Married,127576.63,0.0,50.0,1,191400.0
31,Male,Master,Married,84010.91,47700.0,79.0,1,62000.0
18,Female,High School,Married,18996.83,20900.0,46.0,1,23000.0
28,Male,PhD,Married,81459.28,176800.0,87.0,1,247500.0
43,Male,High School,Single,89608.3,52000.0,64.0,1,65000.0
41,Female,Bachelor,Single,21697.84,0.0,41.0,0,0.0
36,Male,High School,Single,42518.42,0.0,38.0,1,36400.0
37,Female,PhD,Married,35009.58,71100.0,77.0,1,92400.0
18,Male,PhD,Divorced,58558.63,83600.0,72.0,1,108700.0
31,Male,High School,Married,38645.21,64700.0,57.0,1,67700.0
28,Male,High School,Single,87717.44,80300.0,60.0,1,100400.0
28,Female,Bachelor,Married,89560.24,210700.0,82.0,1,293800.0
42,Female,Master,Married,72595.15,26700.0,66.0,1,33400.0
26,Male,Bachelor,Married,76536.11,0.0,54.0,1,114800.0
29,Male,Master,Married,28410.74,33200.0,66.0,1,41500.0
18,Female,High School,Married,12418.9,24900.0,51.0,1,22900.0
32,Male,Bachelor,Married,36693.31,49200.0,67.0,1,61500.0
24,Female,Bachelor,Married,27178.22,59400.0,68.0,1,55700.0
36,Female,High School,Single,266976.07,247000.0,70.0,1,321100.0
25,Female,Bachelor,Married,288366.62,199100.0,78.0,1,258800.0
37,Female,Master,Married,86971.32,73400.0,79.0,1,95400.0
34,Male,Master,Single,21730.71,14800.0,56.0,1,17000.0
54,Male,High School,Single,27683.35,29100.0,55.0,1,33500.0
41,Male,High School,Married,101878.4,85100.0,66.0,1,106400.0
18,Male,Bachelor,Married,27172.29,45000.0,63.0,1,55700.0
22,Female,High School,Married,68349.98,0.0,44.0,1,102500.0
36,Male,Master,Married,40007.03,56400.0,70.0,1,73300.0
25,Female,High School,Single,136979.17,159500.0,65.0,1,199400.0
18,Female,Bachelor,Divorced,173982.21,179300.0,79.0,1,233100.0
50,Male,High School,Married,73683.71,34300.0,53.0,1,39400.0
43,Male,Bachelor,Single,66764.45,0.0,56.0,1,100100.0
41,Male,High School,Single,39716.74,0.0,38.0,0,0.0
29,Male,High School,Married,87916.57,208200.0,72.0,1,259500.0
40,Male,High School,Married,59992.11,143400.0,70.0,1,168200.0
28,Male,Bachelor,Single,57375.01,0.0,52.0,1,86100.0
38,Female,Bachelor,Married,226938.13,243700.0,87.0,1,341200.0
25,Female,High School,Married,138208.14,163000.0,67.0,1,203800.0
52,Male,High School,Married,66070.57,61600.0,60.0,1,77000.0
18,Male,Bachelor,Married,234386.99,422900.0,83.0,1,592100.0
49,Female,Bachelor,Married,77474.94,114300.0,75.0,1,148600.0
36,Male,High School,Married,13570.6,16700.0,50.0,1,19200.0
30,Male,High School,Widowed,79043.39,114700.0,62.0,1,143400.0
37,Female,High School,Married,165499.93,0.0,60.0,1,248200.0
44,Female,High School,Married,20394.07,0.0,33.0,0,0.0
51,Female,High School,Married,51590.94,73900.0,65.0,1,80900.0
39,Male,Bachelor,Single,117534.48,194300.0,79.0,1,252600.0
26,Male,Master,Widowed,34055.72,31000.0,58.0,1,35600.0
36,Male,High School,Single,83051.32,160700.0,69.0,1,177500.0
55,Female,Bachelor,Married,31224.32,42200.0,67.0,1,52800.0
50,Male,Bachelor,Single,74694.04,38600.0,68.0,1,48200.0
45,Male,Master,Married,65454.9,116000.0,78.0,1,150800.0
44,Female,Bachelor,Widowed,22681.14,12400.0,59.0,1,14300.0
43,Female,Master,Married,13796.18,5900.0,51.0,1,6800.0
48,Female,Bachelor,Married,158104.81,306400.0,87.0,1,429000.0
30,Male,Bachelor,Married,77863.19,104100.0,75.0,1,135300.0
21,Male,High School,Single,169529.66,60300.0,59.0,1,69300.0
36,Female,High School,Single,35636.34,50900.0,55.0,1,58500.0
27,Female,Master,Married,158979.69,360800.0,91.0,1,541200.0
24,Male,Bachelor,Married,31548.8,16000.0,58.0,1,18400.0
28,Male,High School,Married,30043.12,0.0,36.0,0,0.0
63,Female,Master,Single,29816.27,63400.0,70.0,1,82400.0
37,Male,High School,Single,11908.53,0.0,31.0,0,0.0
39,Female,High School,Single,32069.06,17300.0,50.0,1,19900.0
22,Male,Bachelor,Single,81482.04,103900.0,75.0,1,135100.0
18,Male,Bachelor,Single,10145.77,22300.0,59.0,1,25400.0
26,Female,Bachelor,Single,35222.45,0.0,44.0,0,0.0
51,Male,High School,Married,25976.43,0.0,40.0,1,39000.0
39,Female,Master,Married,156976.22,86300.0,85.0,1,120800.0
42,Male,Master,Single,51309.7,61400.0,76.0,1,79800.0
44,Male,High School,Married,216089.97,297000.0,77.0,1,386100.0
29,Female,High School,Married,22980.13,26900.0,53.0,1,30900.0
51,Female,High School,Married,32181.43,72500.0,62.0,1,50500.0
29,Female,Master,Married,36893.68,36400.0,61.0,1,45500.0
51,Male,Master,Married,28642.17,0.0,53.0,1,43000.0
40,Male,Bachelor,Divorced,46861.96,100000.0,76.0,1,130000.0
18,Female,Master,Single,43450.87,87500.0,69.0,1,109400.0
27,Male,Bachelor,Married,41791.93,36000.0,58.0,1,41400.0
18,Female,Bachelor,Single,15553.75,17100.0,54.0,1,19700.0
48,Male,High School,Married,361120.99,0.0,60.0,1,541700.0
35,Female,High School,Married,162104.92,101700.0,72.0,1,132200.0
18,Female,High School,Divorced,34917.27,44000.0,49.0,1,48400.0
40,Male,Bachelor,Married,68706.84,21700.0,63.0,1,27100.0
30,Female,High School,Married,74296.12,0.0,48.0,1,111400.0
19,Male,High School,Divorced,18665.56,41400.0,47.0,1,37800.0
54,Male,High School,Married,81936.25,26500.0,59.0,1,30500.0
37,Male,Bachelor,Married,16893.92,0.0,43.0,1,25300.0
32,Female,PhD,Widowed,39163.7,91800.0,74.0,1,119300.0
31,Male,Master,Married,12227.53,24900.0,68.0,1,25700.0
19,Female,Bachelor,Divorced,78575.52,49300.0,62.0,1,61600.0
21,Male,Bachelor,Married,10697.69,0.0,39.0,1,8800.0
50,Male,High School,Married,74630.67,142100.0,65.0,1,117000.0
30,Female,High School,Single,77062.65,116400.0,63.0,1,145500.0
36,Male,High School,Married,88539.64,181800.0,76.0,1,236300.0
18,Female,High School,Divorced,63980.21,42600.0,52.0,1,49000.0
21,Female,Bachelor,Single,11368.6,0.0,37.0,0,0.0
42,Female,High School,Single,14015.64,27500.0,48.0,1,30000.0
40,Male,Bachelor,Single,31641.45,38200.0,65.0,1,47800.0
55,Male,High School,Married,79649.43,140400.0,65.0,1,124900.0
50,Female,High School,Single,53380.72,39000.0,58.0,1,44800.0
33,Female,Master,Married,12037.69,0.0,46.0,1,18100.0
41,Male,High School,Married,54890.51,37400.0,60.0,1,46800.0
32,Female,Bachelor,Divorced,55392.1,109500.0,71.0,1,142400.0
58,Male,High School,Married,43247.09,64600.0,54.0,1,67800.0
48,Male,High School,Married,52216.3,65100.0,65.0,1,81400.0
37,Female,Bachelor,Married,127169.56,57900.0,69.0,1,72400.0
38,Male,Bachelor,Single,31275.7,55100.0,65.0,1,68900.0
51,Male,High School,Married,50740.89,36500.0,60.0,1,45600.0
42,Male,Master,Married,24506.31,13900.0,65.0,1,17400.0
53,Male,Bachelor,Divorced,20917.5,13500.0,51.0,1,15500.0
18,Female,High School,Single,165273.56,116800.0,66.0,1,146000.0
41,Male,High School,Married,173990.49,314300.0,77.0,1,408600.0
30,Female,Bachelor,Single,29293.84,0.0,48.0,1,43900.0
55,Female,Bachelor,Married,68692.6,91200.0,75.0,1,118600.0
53,Male,High School,Married,56509.91,74500.0,65.0,1,88600.0
36,Male,High School,Single,31013.78,37400.0,55.0,1,43000.0
52,Male,High School,Married,19529.87,0.0,33.0,0,0.0
55,Female,High School,Married,132864.57,86800.0,66.0,1,108500.0
36,Male,High School,Single,99863.57,92200.0,64.0,1,115200.0
63,Male,PhD,Single,45143.55,23500.0,70.0,1,30600.0
35,Male,Bachelor,Married,12833.71,27500.0,65.0,1,25000.0
33,Female,Bachelor,Married,106488.73,0.0,64.0,1,159700.0
45,Female,High School,Married,354698.89,655500.0,77.0,1,852200.0
32,Female,High School,Single,74998.29,0.0,46.0,1,112500.0
36,Female,High School,Married,41281.07,55200.0,57.0,1,63500.0
51,Male,Bachelor,Married,31631.55,0.0,50.0,1,47400.0
36,Female,High School,Married,142527.12,129300.0,66.0,1,161600.0
18,Male,High School,Single,31599.3,0.0,34.0,0,0.0
40,Male,High School,Married,12654.41,15500.0,50.0,1,17800.0
28,Female,Master,Married,146784.66,183400.0,80.0,1,256800.0
45,Male,Bachelor,Married,30937.66,21300.0,62.0,1,26600.0
43,Male,High School,Single,112439.7,238900.0,74.0,1,310600.0
52,Female,Bachelor,Married,87231.21,173400.0,81.0,1,242800.0
45,Male,Bachelor,Married,49851.62,105700.0,80.0,1,139000.0
47,Male,High School,Married,79955.86,0.0,48.0,1,119900.0
28,Female,High School,Married,16594.42,5300.0,34.0,0,5300.0
44,Male,Bachelor,Married,79336.64,185000.0,80.0,1,247200.0
57,Female,High School,Single,49044.22,113900.0,65.0,1,93800.0
28,Female,Master,Divorced,62568.59,93600.0,70.0,1,121700.0
55,Male,High School,Divorced,40308.86,92200.0,58.0,1,69400.0
29,Male,Bachelor,Single,163357.04,144900.0,76.0,1,188400.0
26,Female,High School,Married,40144.88,0.0,36.0,0,0.0
39,Female,Bachelor,Single,78495.7,142600.0,73.0,1,185400.0
43,Male,PhD,Married,30661.75,43100.0,72.0,1,56000.0
46,Male,High School,Single,337562.81,732100.0,80.0,1,1024900.0
25,Male,High School,Widowed,24517.0,36600.0,50.0,1,42100.0
40,Female,High School,Married,104634.62,69900.0,66.0,1,87400.0
28,Male,Master,Single,34418.17,73100.0,69.0,1,91400.0
19,Female,Bachelor,Married,34640.95,64300.0,63.0,1,71000.0
25,Female,High School,Married,32850.99,46900.0,53.0,1,53900.0
27,Female,Master,Married,156149.96,217800.0,86.0,1,304900.0
41,Female,Bachelor,Single,70371.7,0.0,56.0,1,105600.0
48,Male,High School,Married,95913.05,168900.0,71.0,1,219600.0
19,Male,Bachelor,Divorced,20646.38,0.0,35.0,0,0.0
39,Female,Bachelor,Married,318166.91,620200.0,87.0,1,868300.0
23,Male,Bachelor,Single,20745.3,45200.0,59.0,1,51900.0
42,Male,High School,Married,64327.95,52700.0,60.0,1,65900.0
29,Female,Master,Married,22042.24,28400.0,66.0,1,35500.0
24,Male,Bachelor,Single,158641.8,153900.0,76.0,1,200100.0
44,Female,Bachelor,Single,140941.24,97400.0,74.0,1,126600.0
29,Male,High School,Single,45884.5,0.0,42.0,0,0.0
32,Male,PhD,Married,35170.09,74700.0,77.0,1,97100.0
18,Male,Bachelor,Married,86898.76,69300.0,72.0,1,90100.0
46,Female,Master,Married,108786.28,182800.0,84.0,1,255900.0
45,Female,High School,Single,57678.78,72800.0,63.0,1,91000.0
36,Male,PhD,Married,148456.31,209400.0,86.0,1,293200.0
19,Male,Bachelor,Married,81941.14,121000.0,77.0,1,157300.0
49,Female,Master,Married,73878.04,122700.0,78.0,1,159500.0
28,Male,High School,Married,75226.65,0.0,44.0,1,112800.0
31,Male,High School,Married,59701.38,41100.0,60.0,1,51400.0
61,Male,High School,Married,45451.36,45000.0,57.0,1,51700.0
28,Female,High School,Married,82793.79,45500.0,62.0,1,56900.0
44,Male,High School,Single,89786.01,164500.0,69.0,1,191900.0
42,Male,Master,Single,167977.22,166100.0,83.0,1,232500.0
40,Female,Bachelor,Single,31142.57,63800.0,70.0,1,82900.0
39,Male,High School,Married,30091.91,57200.0,57.0,1,52700.0
40,Female,Master,Divorced,21518.42,8500.0,47.0,1,9400.0
38,Male,Bachelor,Single,89477.68,0.0,62.0,1,134200.0
35,Male,Master,Married,17346.81,28200.0,63.0,1,35200.0
52,Male,Master,Married,68151.04,125700.0,78.0,1,163400.0
21,Female,Bachelor,Married,68235.4,76100.0,71.0,1,98900.0
47,Male,High School,Single,54081.3,40000.0,58.0,1,46000.0
45,Male,PhD,Single,77768.99,0.0,61.0,1,116700.0
43,Female,High School,Single,52698.05,43700.0,58.0,1,50300.0
48,Female,Bachelor,Married,54432.85,36200.0,70.0,1,47100.0
34,Male,Master,Single,75337.34,75800.0,76.0,1,98500.0
18,Male,High School,Married,84117.58,116000.0,67.0,1,145000.0
35,Male,Bachelor,Divorced,149933.22,268600.0,77.0,1,349200.0
25,Female,High School,Married,66371.75,146500.0,66.0,1,122500.0
27,Female,High School,Married,18342.88,34700.0,46.0,1,33800.0
22,Female,High School,Married,15459.8,26800.0,46.0,1,28500.0
30,Female,Master,Married,37046.78,0.0,53.0,1,55600.0
29,Female,High School,Married,80116.16,183400.0,72.0,1,236500.0
18,Male,Master,Married,22337.84,0.0,49.0,1,33500.0
43,Male,Bachelor,Married,54854.4,91600.0,75.0,1,119100.0
60,Female,Bachelor,Married,18437.18,0.0,40.0,1,27700.0
42,Male,Bachelor,Divorced,31232.04,77500.0,68.0,1,66800.0
33,Male,Bachelor,Married,68496.57,149800.0,80.0,1,209700.0
35,Male,High School,Married,330701.0,367700.0,77.0,1,478000.0
31,Female,High School,Married,34109.97,0.0,40.0,0,0.0
36,Male,Bachelor,Married,41249.52,61900.0,67.0,1,77400.0
35,Male,Bachelor,Married,30720.68,66300.0,72.0,1,86200.0
26,Female,High School,Single,37910.86,51300.0,51.0,1,59000.0
54,Male,Bachelor,Married,31784.02,0.0,50.0,1,47700.0
19,Female,High School,Single,16351.68,22200.0,44.0,1,24400.0
43,Male,Bachelor,Married,100236.67,56200.0,76.0,1,73100.0
34,Female,Bachelor,Divorced,82416.51,0.0,60.0,1,123600.0
56,Male,Master,Married,29358.65,19500.0,62.0,1,24400.0
39,Female,Bachelor,Single,28927.72,32200.0,65.0,1,40200.0
32,Female,Master,Single,48994.5,26100.0,71.0,1,33900.0
33,Female,Bachelor,Married,67787.68,76800.0,75.0,1,99800.0
36,Female,Bachelor,Single,31611.85,76500.0,70.0,1,99400.0
23,Male,High School,Married,24275.57,56900.0,58.0,1,44800.0
27,Female,High School,Married,39286.16,60500.0,53.0,1,69600.0
18,Female,Master,Married,10796.94,18400.0,59.0,1,21200.0
25,Female,High School,Single,25335.83,27200.0,51.0,1,31300.0
37,Female,High School,Married,65731.4,50200.0,60.0,1,62800.0
39,Male,Master,Single,61099.02,55700.0,71.0,1,72400.0
18,Female,Bachelor,Married,28336.85,13400.0,51.0,1,15400.0
34,Male,High School,Widowed,304063.98,389000.0,74.0,1,505700.0
42,Female,High School,Single,68593.06,33500.0,51.0,1,38500.0
34,Male,Bachelor,Single,128917.32,144300.0,79.0,1,187600.0
29,Male,Bachelor,Married,159856.24,347300.0,88.0,1,486200.0
31,Female,Bachelor,Divorced,134834.78,156400.0,77.0,1,203300.0
30,Female,High School,Single,44512.31,0.0,38.0,0,0.0
28,Female,Bachelor,Single,40441.67,0.0,44.0,1,60700.0
37,Female,Master,Married,11277.39,11200.0,58.0,1,12900.0
61,Female,Master,Single,57328.75,27600.0,61.0,1,34500.0
27,Female,High School,Single,34325.17,67800.0,51.0,1,77200.0
32,Male,High School,Single,15626.66,13000.0,43.0,1,14300.0
35,Female,Bachelor,Married,94228.36,0.0,64.0,1,141300.0
28,Female,Master,Married,68766.77,33900.0,62.0,1,42400.0
48,Female,Bachelor,Married,313178.41,562700.0,87.0,1,787800.0
18,Female,Bachelor,Single,65851.46,22200.0,57.0,1,25500.0
30,Male,PhD,Married,41921.07,67300.0,72.0,1,87500.0
45,Male,High School,Married,34801.56,37100.0,57.0,1,42700.0
32,Female,Master,Single,40088.49,0.0,51.0,1,60100.0
26,Male,Bachelor,Married,35496.94,0.0,46.0,1,53200.0
40,Female,Master,Married,380047.63,114600.0,78.0,1,149000.0
45,Male,PhD,Widowed,26926.32,45700.0,69.0,1,57100.0
38,Female,Bachelor,Married,19980.16,0.0,43.0,1,30000.0
27,Female,High School,Married,15375.89,0.0,29.0,0,0.0
41,Female,Bachelor,Married,152781.78,85000.0,82.0,1,119000.0
31,Male,Master,Divorced,70474.78,81500.0,74.0,1,106000.0
44,Male,Master,Married,49898.45,119400.0,83.0,1,167200.0
52,Female,High School,Single,32041.49,0.0,38.0,0,0.0
18,Female,High School,Single,75324.53,0.0,42.0,1,113000.0
37,Male,Bachelor,Married,85428.18,76400.0,76.0,1,99300.0
18,Male,Bachelor,Married,27024.56,0.0,46.0,1,40500.0
62,Male,High School,Single,60983.2,55200.0,55.0,1,63500.0
30,Female,Bachelor,Married,61227.35,87900.0,75.0,1,114300.0
44,Female,High School,Divorced,34060.35,78000.0,58.0,1,65500.0
35,Female,Bachelor,Married,20356.06,10100.0,48.0,1,11100.0
27,Female,High School,Married,31097.1,29600.0,48.0,1,32600.0
25,Male,Master,Married,51606.36,55700.0,74.0,1,72400.0
53,Female,Bachelor,Single,67794.93,29100.0,61.0,1,36400.0
46,Male,High School,Single,46695.07,38400.0,58.0,1,44200.0
57,Male,Bachelor,Married,29922.51,13100.0,52.0,1,15100.0
36,Male,High School,Divorced,33827.34,32100.0,48.0,1,35300.0
39,Male,PhD,Divorced,16212.18,5900.0,49.0,1,6500.0
33,Male,Bachelor,Married,81878.37,31500.0,69.0,1,39400.0
32,Male,Bachelor,Single,162100.79,0.0,68.0,1,243200.0
24,Male,High School,Divorced,57718.48,65400.0,57.0,1,75200.0
36,Male,High School,Married,28924.03,34000.0,57.0,1,39100.0
27,Female,Bachelor,Married,178349.82,191200.0,83.0,1,267700.0
40,Male,High School,Married,31004.17,44300.0,57.0,1,50900.0
37,Male,Bachelor,Married,51427.1,118800.0,80.0,1,160200.0
39,Male,High School,Married,17883.26,0.0,33.0,0,0.0
54,Male,High School,Married,55958.18,29100.0,60.0,1,36400.0
35,Female,High School,Married,72152.38,129900.0,65.0,1,126500.0
44,Female,PhD,Married,40889.43,98200.0,77.0,1,127700.0
58,Female,Master,Married,105629.34,0.0,64.0,1,158400.0
50,Male,High School,Single,65323.53,47400.0,58.0,1,54500.0
48,Male,High School,Married,14595.39,12400.0,45.0,1,13600.0
32,Male,High School,Married,399865.15,163300.0,65.0,1,204100.0
38,Female,High School,Single,18539.59,38400.0,53.0,1,39600.0
21,Female,Master,Divorced,48706.59,55400.0,70.0,1,72000.0
41,Male,Bachelor,Married,55286.83,0.0,58.0,1,82900.0
39,Male,Master,Married,104153.4,0.0,67.0,1,156200.0
36,Male,Master,Single,45685.11,25000.0,71.0,1,32500.0
47,Male,Bachelor,Single,118426.63,177700.0,79.0,1,231000.0
22,Female,Bachelor,Single,59600.57,111800.0,69.0,1,139800.0
53,Female,Master,Married,27404.85,11200.0,58.0,1,12900.0
45,Female,Bachelor,Married,69889.6,85700.0,75.0,1,111400.0
35,Male,High School,Single,54830.25,114200.0,68.0,1,117200.0
34,Male,Bachelor,Single,43644.51,107400.0,70.0,1,139600.0
41,Female,Bachelor,Married,18789.55,34500.0,60.0,1,36600.0
52,Female,PhD,Married,50463.03,0.0,63.0,1,75700.0
37,Male,Bachelor,Married,239149.44,219500.0,82.0,1,307300.0
37,Male,High School,Single,89209.71,141900.0,69.0,1,177400.0
36,Female,High School,Divorced,54008.33,0.0,44.0,1,81000.0
55,Male,Master,Married,24690.02,19800.0,65.0,1,24800.0
31,Male,PhD,Single,27343.31,22100.0,65.0,1,27600.0
35,Male,Bachelor,Single,77123.54,110100.0,73.0,1,143100.0
52,Female,High School,Single,16214.47,0.0,31.0,0,0.0
37,Male,High School,Single,48040.41,113400.0,68.0,1,102700.0
48,Female,Bachelor,Married,14341.42,0.0,43.0,1,21500.0
25,Male,PhD,Widowed,23992.27,29800.0,65.0,1,37200.0
33,Male,Master,Single,28685.7,0.0,51.0,1,43000.0
52,Female,Master,Married,12051.55,0.0,46.0,1,18100.0
28,Female,Bachelor,Divorced,54925.85,59500.0,67.0,1,74400.0
34,Female,Master,Married,39897.74,50200.0,70.0,1,65300.0
38,Male,High School,Single,19401.97,21400.0,48.0,1,23500.0
25,Male,High School,Married,38845.57,14000.0,41.0,1,15400.0
31,Female,Master,Married,75971.2,113400.0,78.0,1,147400.0
37,Male,High School,Single,12941.98,15100.0,48.0,1,16600.0
36,Male,Bachelor,Married,64833.04,37900.0,70.0,1,49300.0
50,Male,Bachelor,Married,32581.06,0.0,50.0,1,48900.0
52,Male,High School,Married,34301.74,62300.0,57.0,1,53800.0
26,Male,High School,Married,83535.58,119100.0,67.0,1,148900.0
37,Female,High School,Married,84988.17,72000.0,66.0,1,90000.0
43,Female,Bachelor,Married,26969.21,39800.0,67.0,1,49800.0
52,Female,High School,Married,128879.47,117400.0,66.0,1,146800.0
43,Female,High School,Married,103322.19,65100.0,66.0,1,81400.0
39,Male,Bachelor,Married,36908.04,18900.0,62.0,1,23600.0
43,Male,High School,Single,16864.84,11300.0,43.0,1,12400.0
43,Male,High School,Widowed,83287.21,0.0,51.0,1,124900.0
25,Female,High School,Single,68350.13,64100.0,54.0,1,73700.0
38,Male,High School,Single,80149.17,137100.0,69.0,1,171300.0
52,Male,Bachelor,Single,59314.06,117500.0,73.0,1,152800.0
33,Male,PhD,Divorced,76241.41,117700.0,76.0,1,153000.0
37,Male,High School,Married,188835.48,267200.0,77.0,1,347400.0
33,Male,Master,Married,103637.44,110600.0,84.0,1,154800.0
18,Male,High School,Divorced,15363.63,11500.0,37.0,1,12400.0
36,Female,Bachelor,Divorced,84910.23,0.0,60.0,1,127400.0
39,Male,Master,Married,84830.14,137300.0,84.0,1,192200.0
30,Female,Bachelor,Married,71944.65,44300.0,70.0,1,57600.0
23,Male,High School,Divorced,101689.91,0.0,46.0,1,152500.0
26,Female,High School,Married,37662.21,0.0,36.0,1,27800.0
44,Male,Bachelor,Married,52959.66,0.0,58.0,1,79400.0
57,Female,High School,Married,121541.87,52900.0,56.0,1,60800.0
51,Male,Bachelor,Married,13770.25,18600.0,60.0,1,23200.0
21,Female,High School,Single,169601.92,0.0,54.0,1,254400.0
45,Female,High School,Single,76210.66,107200.0,63.0,1,134000.0
28,Male,Bachelor,Married,23634.3,29900.0,63.0,1,37400.0
29,Male,Bachelor,Single,41397.9,34600.0,56.0,1,39800.0
30,Male,Bachelor,Divorced,31899.23,0.0,46.0,1,47800.0
43,Male,High School,Single,39359.59,0.0,38.0,0,0.0
46,Male,High School,Married,79950.55,51200.0,60.0,1,64000.0
34,Female,Bachelor,Married,399709.81,454700.0,87.0,1,636600.0
35,Male,Bachelor,Married,29979.72,57500.0,67.0,1,58400.0
41,Female,Bachelor,Single,41882.2,68500.0,65.0,1,85600.0
42,Female,PhD,Single,28596.32,63500.0,75.0,1,82600.0
48,Female,High School,Married,179598.61,322900.0,77.0,1,419800.0
21,Male,PhD,Married,63461.31,150200.0,81.0,1,210300.0
36,Female,Bachelor,Married,37184.15,28800.0,62.0,1,36000.0
24,Male,Master,Single,179505.88,70100.0,72.0,1,91100.0
35,Male,High School,Married,108037.57,51200.0,59.0,1,58900.0
33,Male,Bachelor,Married,36351.99,27200.0,62.0,1,34000.0
35,Female,Bachelor,Single,44962.67,18700.0,53.0,1,21500.0
27,Female,Bachelor,Single,43711.08,0.0,44.0,1,65600.0
19,Male,High School,Married,27077.04,58900.0,58.0,1,50000.0
18,Male,High School,Married,24270.68,21300.0,48.0,1,23400.0
34,Male,Bachelor,Single,31799.67,0.0,48.0,1,47700.0
31,Female,Master,Married,158701.99,159200.0,90.0,1,238800.0
28,Female,High School,Married,19476.52,24600.0,46.0,1,27100.0
50,Male,High School,Married,35970.84,78300.0,62.0,1,56400.0
26,Male,Master,Married,17378.66,24000.0,59.0,1,27600.0
51,Female,Bachelor,Married,24775.16,0.0,50.0,1,37200.0
53,Male,High School,Married,64854.41,0.0,48.0,1,97300.0
18,Male,High School,Widowed,35251.87,73700.0,55.0,1,69800.0
37,Female,Bachelor,Married,330391.74,150600.0,75.0,1,195800.0
31,Male,High School,Married,11101.29,0.0,33.0,0,0.0
18,Female,High School,Married,18287.81,0.0,29.0,0,0.0
20,Male,Bachelor,Single,87357.1,111600.0,75.0,1,145100.0
44,Female,High School,Married,352971.79,121600.0,65.0,1,152000.0
58,Female,High School,Married,317252.8,265700.0,69.0,1,332100.0
45,Male,Bachelor,Single,49371.11,44600.0,68.0,1,55800.0
39,Female,Bachelor,Single,354758.42,701600.0,85.0,1,982200.0
35,Male,High School,Married,149666.0,221900.0,71.0,1,288500.0
54,Male,High School,Married,16584.33,0.0,33.0,0,0.0
59,Male,High School,Single,162192.9,268500.0,72.0,1,349000.0
29,Male,High School,Married,75352.6,0.0,44.0,1,113000.0
18,Male,Bachelor,Single,66136.47,164700.0,74.0,1,214100.0
18,Female,Master,Married,12814.88,0.0,42.0,1,19200.0
50,Male,Bachelor,Divorced,67695.31,142900.0,76.0,1,185800.0
35,Male,High School,Single,51933.18,66000.0,63.0,1,82500.0
38,Female,High School,Married,47708.8,0.0,48.0,1,71600.0
18,Female,High School,Married,27381.07,20200.0,48.0,1,22200.0
27,Male,High School,Married,14405.21,21800.0,46.0,1,24000.0
32,Male,High School,Married,36876.52,59300.0,57.0,1,64600.0
38,Male,High School,Married,33485.6,44300.0,57.0,1,50900.0
31,Male,Master,Divorced,78081.53,71600.0,69.0,1,89500.0
24,Female,Master,Married,38961.95,81100.0,71.0,1,105400.0
27,Male,Bachelor,Single,18472.9,13900.0,49.0,1,15300.0
49,Male,High School,Married,34591.95,30300.0,52.0,1,34800.0
38,Female,Bachelor,Married,74836.5,90400.0,75.0,1,117500.0
42,Female,High School,Single,44480.81,94600.0,60.0,1,95100.0
26,Male,High School,Single,18469.38,5900.0,32.0,0,5900.0
18,Female,High School,Single,39077.04,88600.0,56.0,1,87900.0
30,Female,High School,Single,244062.42,0.0,58.0,1,366100.0
26,Female,High School,Married,285156.89,144900.0,68.0,1,181100.0
39,Female,High School,Single,64584.29,51000.0,58.0,1,58600.0
70,Male,High School,Married,60906.16,27900.0,50.0,1,32100.0
43,Female,Master,Single,32569.91,42000.0,68.0,1,52500.0
66,Female,High School,Widowed,35754.49,12200.0,39.0,0,12200.0
42,Male,High School,Married,73088.97,0.0,48.0,1,109600.0
29,Female,Bachelor,Single,82780.85,46400.0,70.0,1,60300.0
39,Female,High School,Married,37095.42,27800.0,52.0,1,32000.0
55,Female,Bachelor,Married,84121.85,27900.0,69.0,1,34900.0
56,Female,High School,Married,37102.1,30300.0,49.0,1,33300.0
29,Male,Bachelor,Divorced,60753.54,23200.0,55.0,1,26700.0
38,Female,Bachelor,Married,73389.2,37500.0,70.0,1,48800.0
20,Female,Bachelor,Married,155611.76,376100.0,88.0,1,510400.0
45,Female,High School,Married,75854.45,0.0,48.0,1,113800.0
53,Female,Bachelor,Married,41547.98,0.0,50.0,1,62300.0
36,Male,PhD,Single,171502.02,0.0,73.0,1,257300.0
28,Male,Bachelor,Married,29709.87,28000.0,58.0,1,32200.0
39,Female,PhD,Single,97102.79,213000.0,89.0,1,298200.0
40,Female,Master,Married,37097.45,0.0,53.0,1,55600.0
36,Male,Bachelor,Divorced,49961.82,47400.0,66.0,1,59200.0
37,Female,High School,Single,84779.21,174200.0,74.0,1,226500.0
34,Female,Bachelor,Single,19865.97,36400.0,58.0,1,41900.0
46,Female,Bachelor,Married,154217.5,73400.0,75.0,1,95400.0
44,Female,Bachelor,Widowed,86677.92,88800.0,78.0,1,115400.0
25,Male,Bachelor,Married,42405.21,74800.0,63.0,1,86900.0
24,Female,Bachelor,Single,43227.47,37300.0,56.0,1,42900.0
33,Female,Bachelor,Married,78095.02,0.0,58.0,1,117100.0
44,Female,High School,Married,14421.48,13900.0,45.0,1,15300.0
37,Female,High School,Widowed,23098.13,0.0,37.0,0,0.0
28,Male,Master,Married,47770.23,51600.0,74.0,1,67100.0
38,Female,Master,Married,40242.35,44000.0,70.0,1,57200.0
32,Female,Bachelor,Married,12296.56,21400.0,60.0,1,23900.0
45,Female,High School,Married,59089.23,94500.0,65.0,1,92700.0
39,Female,High School,Married,35480.45,44500.0,57.0,1,51200.0
32,Female,High School,Single,11573.09,22500.0,48.0,1,24700.0
38,Female,High School,Single,44662.55,98200.0,60.0,1,95500.0
50,Male,High School,Married,81769.62,39300.0,59.0,1,45200.0
29,Male,High School,Married,17016.53,29000.0,46.0,1,31400.0
40,Male,High School,Married,171761.29,320800.0,77.0,1,417000.0
35,Male,Bachelor,Single,67210.68,0.0,56.0,1,100800.0
40,Male,Master,Divorced,42629.78,18100.0,54.0,1,20800.0
28,Female,High School,Single,40997.54,0.0,34.0,0,0.0
37,Male,Bachelor,Divorced,91267.5,202700.0,82.0,1,283800.0
48,Female,PhD,Divorced,40324.98,26400.0,63.0,1,33000.0
25,Male,Master,Married,160553.67,176900.0,86.0,1,247700.0
21,Male,High School,Single,59282.12,114700.0,59.0,1,131900.0
21,Male,High School,Single,15916.5,35400.0,49.0,1,35800.0
23,Male,High School,Widowed,102437.54,236700.0,69.0,1,202800.0
42,Female,High School,Divorced,74996.18,150900.0,66.0,1,144300.0
20,Male,Bachelor,Widowed,75347.69,121100.0,68.0,1,151400.0
32,Female,High School,Widowed,44573.55,47600.0,54.0,1,54700.0
42,Female,Bachelor,Single,18673.04,0.0,41.0,0,0.0
40,Female,High School,Married,32289.01,10300.0,45.0,1,11300.0
31,Male,Bachelor,Married,26146.28,28000.0,67.0,1,35000.0
38,Male,High School,Married,40117.45,76000.0,57.0,1,70300.0
37,Male,Bachelor,Married,14245.55,24800.0,60.0,1,27700.0
33,Male,Bachelor,Single,174935.22,55700.0,73.0,1,72400.0
33,Female,Bachelor,Single,13325.06,20000.0,58.0,1,23000.0
60,Male,High School,Single,53847.14,0.0,43.0,0,0.0
44,Male,High School,Single,145839.13,160300.0,69.0,1,200400.0
63,Male,High School,Married,20987.57,52000.0,52.0,1,29000.0
30,Female,Bachelor,Married,25244.55,30300.0,67.0,1,37900.0
35,Male,High School,Married,46860.44,106100.0,70.0,1,131400.0
21,Male,Bachelor,Married,88532.33,29700.0,65.0,1,37100.0
27,Female,High School,Married,11640.68,21900.0,46.0,1,21500.0
56,Male,High School,Single,17290.24,22600.0,45.0,1,24900.0
30,Male,Bachelor,Single,12389.17,18600.0,58.0,1,21400.0
57,Male,High School,Married,52545.68,130500.0,67.0,1,82400.0
22,Female,High School,Married,11872.54,11500.0,41.0,0,11500.0
24,Male,Bachelor,Married,76948.66,169000.0,76.0,1,219700.0
32,Male,Bachelor,Married,39471.3,91400.0,72.0,1,118800.0
35,Female,High School,Single,50391.01,48100.0,58.0,1,55300.0
46,Male,High School,Married,51145.59,0.0,48.0,1,76700.0
40,Female,Bachelor,Divorced,87044.89,176700.0,82.0,1,247400.0
31,Male,PhD,Married,17066.32,40200.0,70.0,1,52300.0
34,Male,High School,Married,160316.59,216500.0,77.0,1,281400.0
32,Female,Bachelor,Single,48625.04,108200.0,78.0,1,140700.0
25,Female,Master,Single,94717.1,74400.0,73.0,1,96700.0
26,Male,Bachelor,Married,62828.9,123500.0,71.0,1,160600.0
47,Female,High School,Married,69986.45,0.0,48.0,1,105000.0
18,Female,Bachelor,Married,61762.49,0.0,54.0,1,92600.0
53,Male,High School,Single,38408.95,38500.0,55.0,1,44300.0
32,Female,High School,Married,18033.79,15400.0,45.0,1,16900.0
27,Male,High School,Single,15362.26,28900.0,44.0,1,31800.0
44,Male,High School,Married,97147.64,151200.0,71.0,1,196600.0
52,Male,High School,Divorced,143597.38,315800.0,72.0,1,395500.0
48,Female,Bachelor,Married,111769.09,0.0,64.0,1,167700.0
41,Male,Master,Single,124725.42,85700.0,77.0,1,111400.0
47,Female,High School,Married,183167.53,141400.0,72.0,1,183800.0
18,Male,High School,Married,68449.87,162700.0,66.0,1,126300.0
30,Male,Bachelor,Divorced,38076.8,43000.0,63.0,1,53800.0
25,Female,Bachelor,Married,70987.37,106800.0,71.0,1,138800.0
49,Female,Bachelor,Married,39286.26,48300.0,67.0,1,60400.0
31,Male,Bachelor,Married,44986.56,69300.0,67.0,1,86600.0
45,Male,Master,Single,73465.55,131200.0,76.0,1,170600.0
41,Female,High School,Married,12652.95,0.0,33.0,0,0.0
26,Male,High School,Married,16867.5,17400.0,46.0,1,19100.0
29,Female,High School,Married,56028.35,121000.0,66.0,1,103400.0
50,Female,Bachelor,Married,29594.64,49100.0,67.0,1,51600.0
27,Female,Master,Married,30097.01,0.0,49.0,1,45100.0
37,Female,Master,Single,33959.67,75100.0,73.0,1,97600.0
27,Female,Master,Single,68567.94,0.0,55.0,1,102900.0
32,Male,High School,Single,37348.32,77000.0,60.0,1,79800.0
35,Male,Bachelor,Married,64697.61,147600.0,80.0,1,201600.0
27,Male,High School,Single,106892.57,135300.0,65.0,1,169100.0
25,Male,Master,Single,134188.84,189300.0,78.0,1,246100.0
39,Female,High School,Single,161682.16,182000.0,75.0,1,236600.0
26,Male,High School,Married,153254.27,96800.0,68.0,1,121000.0
27,Female,Master,Married,24651.37,36300.0,66.0,1,45400.0
25,Female,Bachelor,Single,87675.08,103000.0,75.0,1,133900.0
35,Female,Bachelor,Married,58762.29,124000.0,80.0,1,173600.0
46,Male,High School,Married,35488.54,48600.0,57.0,1,55700.0
52,Female,Master,Married,46443.06,111700.0,83.0,1,139800.0
28,Male,Bachelor,Single,42917.96,82400.0,61.0,1,103000.0
59,Female,Bachelor,Married,18202.86,0.0,40.0,1,27300.0
24,Male,Bachelor,Single,57422.48,68100.0,69.0,1,85100.0
47,Female,Bachelor,Married,37716.65,0.0,50.0,1,56600.0
28,Male,High School,Married,28728.58,17100.0,48.0,1,18800.0
26,Male,High School,Married,113375.32,0.0,50.0,1,170100.0
27,Male,Bachelor,Single,15363.82,34000.0,59.0,1,38400.0
35,Female,Bachelor,Married,72002.93,49300.0,70.0,1,64100.0
42,Female,High School,Single,26814.97,13000.0,43.0,1,14300.0
43,Male,High School,Married,156861.46,218500.0,77.0,1,284000.0
25,Male,Bachelor,Married,35295.18,79800.0,68.0,1,72400.0
25,Male,High School,Married,22171.58,40900.0,53.0,1,40900.0
25,Male,High School,Married,34635.65,54200.0,53.0,1,62300.0
34,Male,Master,Single,127882.34,0.0,65.0,1,191800.0
33,Male,High School,Widowed,18032.32,34900.0,47.0,1,33900.0
25,Female,High School,Married,85400.19,152300.0,67.0,1,157600.0
38,Male,High School,Married,28040.93,67500.0,62.0,1,49100.0
60,Female,Bachelor,Married,150631.22,86200.0,79.0,1,112100.0
30,Male,High School,Married,25488.37,26200.0,57.0,1,30100.0
31,Female,Master,Married,23968.66,32700.0,70.0,1,42500.0
42,Female,Bachelor,Single,86932.28,148600.0,79.0,1,193200.0
29,Male,High School,Married,83803.02,111800.0,67.0,1,139800.0
43,Male,High School,Married,67563.21,78100.0,65.0,1,97600.0
28,Male,Bachelor,Married,25181.42,28000.0,63.0,1,35000.0
56,Male,High School,Married,56849.53,29000.0,57.0,1,33400.0
39,Male,Master,Married,16808.55,20200.0,63.0,1,25200.0
29,Male,High School,Widowed,323406.63,276000.0,65.0,1,345000.0
29,Male,Bachelor,Married,76077.36,0.0,54.0,1,114100.0
30,Male,Bachelor,Married,39199.71,12000.0,55.0,1,13800.0
51,Male,Bachelor,Married,108888.4,41300.0,69.0,1,51600.0
22,Male,High School,Married,28813.82,26700.0,48.0,1,29400.0
28,Male,Bachelor,Married,182777.09,131700.0,78.0,1,171200.0
29,Female,High School,Married,48329.34,73800.0,61.0,1,89200.0
35,Female,Bachelor,Widowed,58927.06,0.0,55.0,1,88400.0
33,Female,Bachelor,Single,26272.88,57300.0,70.0,1,74500.0
19,Male,High School,Married,67164.33,29200.0,49.0,1,32100.0
31,Male,Bachelor,Married,41519.22,75200.0,67.0,1,80900.0
34,Male,High School,Single,77534.44,178400.0,68.0,1,165700.0
29,Male,High School,Married,19054.99,31700.0,46.0,1,34900.0
43,Female,Bachelor,Married,35805.83,77700.0,72.0,1,101000.0
46,Male,High School,Married,76519.65,119500.0,65.0,1,120000.0
35,Female,Master,Single,106200.16,213500.0,87.0,1,298900.0
38,Female,High School,Married,69860.82,31200.0,53.0,1,35900.0
18,Female,Bachelor,Married,70676.68,47100.0,66.0,1,58900.0
31,Male,Master,Single,36460.34,18100.0,56.0,1,20800.0
47,Male,High School,Single,39923.45,92100.0,60.0,1,76400.0
31,Male,High School,Married,43712.05,0.0,40.0,1,65600.0
27,Male,High School,Married,18540.64,19500.0,46.0,1,21400.0
61,Female,Master,Single,173030.88,254500.0,85.0,1,356300.0
56,Male,Bachelor,Single,34648.16,11100.0,50.0,1,12800.0
41,Male,High School,Married,13472.09,24600.0,50.0,1,23600.0
48,Male,High School,Married,149267.73,131100.0,66.0,1,163900.0
18,Male,Master,Divorced,395805.96,0.0,65.0,1,593700.0
27,Male,Bachelor,Married,76936.93,0.0,54.0,1,115400.0
30,Male,Bachelor,Married,44287.32,43500.0,62.0,1,54400.0
33,Female,Bachelor,Divorced,22515.04,39600.0,63.0,1,48100.0
30,Female,Bachelor,Widowed,27942.3,46700.0,64.0,1,58400.0
18,Male,Master,Single,57312.19,92200.0,72.0,1,119900.0
40,Male,Bachelor,Married,31816.37,30800.0,62.0,1,38500.0
41,Male,Master,Married,10369.47,20200.0,63.0,1,21800.0
53,Female,Bachelor,Married,20971.04,51600.0,65.0,1,36500.0
27,Male,High School,Married,76818.43,129200.0,61.0,1,141700.0
26,Female,High School,Married,23930.77,0.0,36.0,0,0.0
18,Male,Master,Married,26018.03,17800.0,61.0,1,22200.0
32,Male,High School,Married,72139.79,34200.0,53.0,1,39300.0
45,Male,Bachelor,Single,42895.56,34200.0,60.0,1,42800.0
29,Female,Master,Married,11051.37,15100.0,59.0,1,17400.0
59,Male,High School,Married,31965.98,29700.0,49.0,1,32700.0
33,Male,High School,Married,54000.6,133200.0,70.0,1,151400.0
37,Male,High School,Married,106230.57,176100.0,71.0,1,228900.0
21,Female,High School,Married,155707.76,0.0,56.0,1,233600.0
39,Male,Bachelor,Single,82192.14,0.0,62.0,1,123300.0
18,Female,High School,Married,382651.89,300200.0,68.0,1,375200.0
43,Female,Master,Married,37731.67,86900.0,75.0,1,113000.0
43,Female,High School,Married,47954.18,0.0,48.0,1,71900.0
50,Male,Bachelor,Single,61068.02,87100.0,73.0,1,113200.0
24,Male,High School,Married,15298.68,0.0,29.0,0,0.0
37,Male,Bachelor,Single,28345.42,9500.0,53.0,1,10900.0
42,Female,High School,Married,138588.17,0.0,54.0,1,207900.0
40,Female,High School,Married,55468.53,108200.0,65.0,1,97200.0
26,Male,Bachelor,Married,20793.15,42200.0,61.0,1,42600.0
18,Female,Master,Single,51457.1,52800.0,72.0,1,68600.0
39,Female,High School,Married,64172.34,103600.0,65.0,1,112500.0
34,Male,High School,Single,207466.91,237700.0,75.0,1,309000.0
29,Female,Bachelor,Married,61121.37,0.0,54.0,1,91700.0
44,Male,Master,Married,66815.38,137300.0,83.0,1,192200.0
35,Male,High School,Married,139850.86,44400.0,59.0,1,51100.0
21,Male,High School,Single,59916.89,89000.0,59.0,1,102300.0
18,Female,High School,Single,162867.08,235500.0,71.0,1,306200.0
23,Male,High School,Married,68193.67,73700.0,61.0,1,92100.0
62,Female,High School,Married,89658.79,30200.0,56.0,1,34700.0
43,Female,High School,Married,50558.7,85100.0,65.0,1,88600.0
38,Female,High School,Married,53259.52,98800.0,65.0,1,93400.0
34,Female,Bachelor,Divorced,40441.28,13000.0,51.0,1,14900.0
33,Male,High School,Married,139883.91,142000.0,71.0,1,184600.0
48,Female,Bachelor,Married,30280.54,44700.0,67.0,1,52800.0
30,Male,High School,Married,31440.34,76800.0,62.0,1,55100.0
42,Female,High School,Divorced,70370.46,106600.0,61.0,1,133200.0
32,Male,High School,Married,48860.04,103700.0,70.0,1,134800.0
57,Male,High School,Married,39597.92,50100.0,54.0,1,57600.0
44,Female,Bachelor,Single,130422.31,48200.0,67.0,1,60200.0
49,Male,High School,Married,31487.83,32000.0,57.0,1,36800.0
29,Male,Bachelor,Married,19278.32,24200.0,56.0,1,27800.0
47,Male,Bachelor,Single,16830.32,0.0,41.0,1,25200.0
32,Male,Bachelor,Single,157873.78,0.0,68.0,1,236800.0
37,Male,Bachelor,Married,43358.63,54800.0,67.0,1,68500.0
53,Male,High School,Married,43754.26,50700.0,57.0,1,58300.0
24,Female,High School,Married,64317.13,40700.0,56.0,1,46800.0
38,Male,High School,Married,48128.17,90400.0,65.0,1,84400.0
40,Male,High School,Single,182748.14,188100.0,75.0,1,244500.0
41,Male,High School,Single,153470.83,152200.0,70.0,1,197900.0
31,Male,Bachelor,Widowed,23875.55,11200.0,52.0,1,12900.0
58,Female,High School,Married,62558.81,145900.0,67.0,1,98100.0
21,Male,Master,Single,37232.07,0.0,47.0,1,55800.0
52,Male,High School,Single,44962.85,86900.0,55.0,1,86000.0
49,Male,High School,Single,27130.52,50000.0,55.0,1,51900.0
56,Female,Master,Married,45436.91,29500.0,70.0,1,38400.0
18,Male,High School,Married,46856.35,27400.0,56.0,1,31500.0
26,Male,PhD,Married,55048.74,131000.0,81.0,1,183400.0
52,Male,High School,Married,44839.15,15000.0,45.0,1,16500.0
18,Female,High School,Married,23773.76,53400.0,58.0,1,43900.0
18,Female,High School,Married,157433.88,0.0,56.0,1,236200.0
30,Male,High School,Married,11799.17,17900.0,50.0,1,20600.0
38,Female,Bachelor,Married,54169.37,60700.0,75.0,1,78900.0
53,Female,High School,Married,48866.81,78500.0,65.0,1,76600.0
33,Male,High School,Single,27246.57,40700.0,55.0,1,46800.0
29,Male,High School,Married,100397.12,245700.0,72.0,1,296400.0
39,Female,High School,Married,45783.63,0.0,48.0,1,68700.0
41,Male,Master,Single,80939.04,130200.0,82.0,1,182300.0
40,Female,High School,Single,26381.34,38400.0,55.0,1,44200.0
34,Male,Bachelor,Divorced,50337.33,0.0,54.0,1,75500.0
18,Female,High School,Married,114498.05,254700.0,72.0,1,331100.0
25,Male,High School,Single,78919.83,59600.0,54.0,1,68500.0
51,Male,Bachelor,Married,55115.51,89900.0,75.0,1,116900.0
38,Male,Bachelor,Single,69385.74,75100.0,73.0,1,97600.0
32,Male,Master,Single,227747.65,492800.0,93.0,1,739200.0
48,Male,Bachelor,Married,14645.09,31700.0,65.0,1,25500.0
23,Male,High School,Married,68460.09,41900.0,56.0,1,48200.0
33,Female,High School,Divorced,79101.88,189500.0,66.0,1,152200.0
37,Female,Bachelor,Married,57676.11,35700.0,70.0,1,46400.0
31,Male,High School,Single,32269.0,41900.0,55.0,1,48200.0
37,Male,Master,Married,147862.0,271500.0,84.0,1,380100.0
33,Male,Bachelor,Married,114771.53,0.0,64.0,1,172200.0
20,Male,Master,Single,54901.65,0.0,55.0,1,82400.0
37,Female,Bachelor,Married,70600.87,175900.0,80.0,1,220000.0
21,Male,Bachelor,Single,43905.07,38100.0,56.0,1,43800.0
37,Female,High School,Single,42931.79,84900.0,55.0,1,91800.0
51,Male,Bachelor,Married,72016.31,0.0,58.0,1,108000.0
32,Female,High School,Single,63989.77,152500.0,68.0,1,136800.0
23,Male,Bachelor,Married,35013.69,18200.0,58.0,1,20900.0
34,Male,Bachelor,Divorced,19623.95,17500.0,51.0,1,20100.0
26,Female,Bachelor,Married,11114.16,22100.0,56.0,1,22800.0
42,Female,Bachelor,Married,80153.48,0.0,64.0,1,120200.0
34,Female,Bachelor,Married,37134.45,0.0,50.0,1,55700.0
54,Male,High School,Married,13228.51,8400.0,45.0,1,9200.0
48,Male,Master,Married,42148.91,0.0,53.0,1,63200.0
34,Female,High School,Married,97194.32,77200.0,66.0,1,96500.0
43,Male,Bachelor,Married,43129.72,85500.0,67.0,1,84000.0
31,Male,Bachelor,Married,62456.54,141500.0,80.0,1,194600.0
36,Female,Bachelor,Single,40637.31,67000.0,65.0,1,83800.0
32,Female,Bachelor,Married,51950.53,33400.0,70.0,1,43400.0
44,Female,Bachelor,Married,70538.92,155900.0,80.0,1,218300.0
51,Female,High School,Single,46505.12,58500.0,63.0,1,73100.0
44,Male,Bachelor,Married,13344.78,9100.0,55.0,1,10500.0
46,Male,High School,Married,82334.53,137100.0,71.0,1,178200.0
46,Female,Bachelor,Single,32450.14,15700.0,53.0,1,18100.0
42,Female,High School,Married,37168.52,60100.0,57.0,1,65100.0
23,Female,Bachelor,Married,162649.86,0.0,66.0,1,244000.0
54,Female,High School,Married,68864.88,110600.0,65.0,1,108000.0
55,Male,High School,Married,35473.98,77500.0,62.0,1,55600.0
33,Male,Bachelor,Single,79485.42,175100.0,78.0,1,227600.0
31,Male,Bachelor,Single,206497.85,137800.0,80.0,1,192900.0
42,Female,Bachelor,Single,23645.7,42000.0,65.0,1,52500.0
42,Male,Master,Widowed,145973.06,0.0,64.0,1,219000.0
33,Female,High School,Single,88877.9,0.0,52.0,1,133300.0
22,Male,High School,Married,74013.8,52400.0,56.0,1,60300.0
39,Male,High School,Married,335121.58,0.0,60.0,1,502700.0
42,Male,High School,Single,37146.68,61800.0,55.0,1,71100.0
43,Female,High School,Single,35931.01,23200.0,50.0,1,26700.0
39,Male,Bachelor,Married,26545.29,25700.0,62.0,1,32100.0
33,Female,High School,Single,82812.38,44500.0,64.0,1,55600.0
46,Male,High School,Divorced,35257.5,0.0,36.0,0,0.0
36,Male,Bachelor,Married,21740.38,54200.0,65.0,1,42300.0
30,Male,High School,Single,48108.69,56400.0,63.0,1,70500.0
34,Female,High School,Married,28865.13,40500.0,57.0,1,46600.0
18,Male,High School,Married,11192.34,4300.0,34.0,0,4300.0
33,Female,Master,Widowed,41760.66,27200.0,62.0,1,34000.0
43,Male,High School,Single,163608.35,264600.0,75.0,1,344000.0
39,Male,Master,Married,159575.17,0.0,73.0,1,239400.0
52,Male,Bachelor,Single,75537.25,124400.0,73.0,1,161700.0
33,Male,High School,Married,24451.73,24000.0,52.0,1,27600.0
41,Female,High School,Single,31336.83,0.0,38.0,0,0.0
44,Female,Bachelor,Married,38203.71,88000.0,72.0,1,114400.0
61,Female,PhD,Divorced,122475.75,202900.0,79.0,1,263800.0
37,Male,High School,Married,77302.86,144300.0,65.0,1,135500.0
24,Male,High School,Married,13424.73,31400.0,51.0,1,24800.0
45,Male,High School,Married,34501.37,64700.0,57.0,1,54100.0
56,Male,High School,Married,60954.0,105100.0,62.0,1,95600.0
32,Male,Bachelor,Married,86467.53,188300.0,86.0,1,263600.0
45,Female,Bachelor,Married,129815.19,0.0,64.0,1,194700.0
49,Female,High School,Widowed,13440.11,21800.0,47.0,1,22600.0
47,Female,Master,Single,95130.95,78800.0,77.0,1,102400.0
37,Male,High School,Single,11745.45,4200.0,36.0,1,4600.0
28,Male,Bachelor,Single,34992.85,42900.0,61.0,1,53600.0
35,Male,Bachelor,Married,18413.72,38700.0,65.0,1,35900.0
41,Male,High School,Single,21452.41,0.0,31.0,0,0.0
45,Female,High School,Divorced,17161.64,8300.0,34.0,0,8300.0
39,Male,High School,Married,18169.2,23100.0,50.0,1,26600.0
31,Female,Master,Married,145782.84,237700.0,84.0,1,332800.0
42,Female,Bachelor,Married,42757.02,35100.0,62.0,1,43900.0
45,Male,High School,Single,58609.8,0.0,46.0,1,87900.0
40,Female,Bachelor,Single,72144.93,110200.0,73.0,1,143300.0
26,Female,Bachelor,Married,391152.41,192900.0,71.0,1,250800.0
34,Male,High School,Single,22163.95,7200.0,43.0,0,7200.0
46,Female,High School,Married,28232.52,0.0,40.0,1,42300.0
20,Male,Bachelor,Married,346932.61,453900.0,83.0,1,635500.0
18,Female,High School,Married,66146.24,0.0,44.0,1,99200.0
52,Male,Master,Married,25872.78,41700.0,70.0,1,54200.0
41,Male,Bachelor,Married,35147.96,11600.0,55.0,1,13300.0
42,Male,High School,Married,16180.84,16500.0,50.0,1,19000.0
24,Female,Master,Married,65435.4,44300.0,69.0,1,55400.0
44,Male,High School,Single,60378.53,0.0,46.0,1,90600.0
39,Male,Master,Married,47364.16,15700.0,66.0,1,19600.0
18,Male,High School,Married,144371.09,351900.0,72.0,1,426200.0
51,Male,Bachelor,Married,68276.56,42700.0,70.0,1,55500.0
37,Female,Bachelor,Married,35463.27,85400.0,72.0,1,110500.0
31,Female,High School,Single,22056.12,31200.0,55.0,1,35900.0
31,Female,High School,Married,23901.73,10700.0,45.0,1,11800.0
18,Female,Bachelor,Married,25857.03,57800.0,68.0,1,53000.0
42,Female,Bachelor,Widowed,278656.51,0.0,67.0,1,418000.0
38,Female,High School,Single,40581.68,25300.0,50.0,1,29100.0
33,Female,PhD,Married,56063.14,50200.0,75.0,1,65300.0
50,Male,Bachelor,Married,40591.83,38400.0,62.0,1,48000.0
20,Male,High School,Single,12823.05,21000.0,44.0,1,23100.0
29,Female,Bachelor,Married,78706.9,0.0,54.0,1,118100.0
26,Female,High School,Single,84340.42,59800.0,60.0,1,74800.0
32,Female,Master,Married,19797.56,15200.0,58.0,1,17500.0
36,Male,High School,Married,156454.45,0.0,60.0,1,234700.0
40,Female,High School,Married,46729.93,36600.0,60.0,1,45800.0
32,Female,High School,Single,29593.52,0.0,38.0,1,25300.0
26,Male,PhD,Divorced,53843.06,0.0,55.0,1,80800.0
54,Male,High School,Married,15695.05,0.0,33.0,0,0.0
62,Male,High School,Divorced,60942.98,59500.0,53.0,1,68400.0
37,Female,Bachelor,Married,72801.08,0.0,58.0,1,109200.0
27,Female,High School,Married,70458.48,0.0,44.0,0,0.0
52,Female,High School,Single,31909.65,32100.0,55.0,1,36900.0
20,Male,Bachelor,Single,159066.95,50900.0,69.0,1,63600.0
32,Female,High School,Single,45666.24,20700.0,51.0,1,23800.0
28,Male,Bachelor,Married,83959.22,124800.0,77.0,1,162200.0
23,Male,High School,Married,180649.1,0.0,56.0,1,271000.0
32,Male,Bachelor,Married,130681.44,310000.0,86.0,1,407200.0
26,Female,High School,Married,42270.97,77300.0,53.0,1,78000.0
36,Male,Bachelor,Divorced,63809.87,156400.0,76.0,1,203300.0
36,Male,High School,Married,158010.31,327300.0,82.0,1,443100.0
29,Male,High School,Married,63131.75,0.0,44.0,0,0.0
31,Male,High School,Married,83291.62,161400.0,71.0,1,209800.0
33,Female,High School,Single,44982.29,59500.0,55.0,1,68400.0
44,Male,High School,Single,170846.42,244300.0,75.0,1,317600.0
34,Female,Bachelor,Married,47508.73,69600.0,75.0,1,90500.0
45,Female,Bachelor,Married,103343.06,186600.0,81.0,1,261200.0
42,Male,High School,Married,69383.52,0.0,48.0,1,104100.0
42,Female,High School,Married,176544.12,0.0,60.0,1,264800.0
51,Male,Bachelor,Divorced,31345.46,21400.0,58.0,1,24600.0
23,Female,PhD,Married,114933.77,124900.0,82.0,1,174900.0
30,Male,High School,Single,392295.37,701100.0,75.0,1,911400.0
55,Female,High School,Married,153790.72,0.0,60.0,1,230700.0
33,Female,High School,Widowed,79669.58,174000.0,67.0,1,149900.0
18,Male,High School,Married,99966.52,103900.0,67.0,1,129900.0
33,Male,High School,Married,13150.74,16100.0,50.0,1,18500.0
37,Male,Master,Single,16043.5,14100.0,56.0,1,16200.0
18,Male,Bachelor,Married,342016.27,569500.0,83.0,1,797300.0
50,Female,High School,Married,60627.84,0.0,48.0,1,90900.0
28,Female,Master,Single,12451.24,29100.0,62.0,1,33600.0
39,Male,High School,Married,32054.57,34300.0,57.0,1,39400.0
33,Male,High School,Divorced,64093.4,0.0,44.0,1,96100.0
21,Male,High School,Married,84283.63,0.0,50.0,1,126400.0
24,Male,High School,Divorced,43476.61,60300.0,49.0,1,66300.0
25,Male,Bachelor,Single,52596.66,18200.0,57.0,1,20900.0
47,Female,High School,Married,115154.39,108800.0,66.0,1,136000.0
34,Female,Bachelor,Single,352925.41,654600.0,85.0,1,916400.0
30,Male,Bachelor,Married,56027.2,67400.0,75.0,1,87600.0
25,Male,High School,Divorced,56909.0,25800.0,45.0,1,28400.0
49,Male,Bachelor,Single,75448.84,171700.0,78.0,1,223200.0
52,Female,Bachelor,Married,67987.51,108000.0,75.0,1,140400.0
49,Female,Master,Single,18443.26,8900.0,49.0,1,9800.0
41,Female,High School,Married,23669.45,9500.0,45.0,1,10400.0
39,Male,High School,Married,67689.21,34500.0,60.0,1,43100.0
22,Female,Master,Married,37475.46,93600.0,71.0,1,121700.0
33,Male,High School,Single,32911.41,30300.0,50.0,1,34800.0
28,Male,High School,Single,208119.61,384200.0,71.0,1,499500.0
18,Female,Bachelor,Single,11606.64,0.0,37.0,0,0.0
47,Male,High School,Single,35523.99,31000.0,50.0,1,35600.0
28,Male,Bachelor,Married,51482.0,16300.0,59.0,1,18700.0
49,Male,Bachelor,Single,28986.6,0.0,48.0,1,43500.0
45,Female,Bachelor,Married,64853.1,0.0,58.0,1,97300.0
42,Male,Bachelor,Married,35646.28,0.0,50.0,1,53500.0
42,Male,High School,Married,56939.01,0.0,48.0,1,85400.0
29,Male,Bachelor,Divorced,126472.26,83400.0,68.0,1,104200.0
56,Female,Bachelor,Married,61552.13,53800.0,67.0,1,67200.0
36,Male,High School,Single,11164.84,12800.0,48.0,1,14100.0
39,Female,High School,Single,81169.23,153400.0,69.0,1,173500.0
28,Male,Bachelor,Married,39074.87,72800.0,63.0,1,80100.0
25,Female,High School,Married,80285.78,114800.0,67.0,1,143500.0
41,Male,High School,Married,51629.61,60400.0,65.0,1,75500.0
38,Female,High School,Married,136579.11,194400.0,71.0,1,252700.0
27,Female,High School,Single,59861.71,92100.0,59.0,1,105900.0
20,Male,High School,Married,30015.44,49600.0,53.0,1,55400.0
22,Female,Bachelor,Married,47961.25,83200.0,71.0,1,108200.0
49,Female,Bachelor,Married,87562.69,150600.0,81.0,1,210800.0
29,Male,Bachelor,Married,174572.95,133100.0,78.0,1,173000.0
32,Female,High School,Married,31391.29,42700.0,57.0,1,49100.0
51,Female,High School,Married,166898.65,173300.0,77.0,1,225300.0
23,Male,High School,Single,29592.51,0.0,34.0,0,0.0
28,Male,High School,Married,70173.76,98000.0,61.0,1,122500.0
27,Female,Bachelor,Single,39125.92,29000.0,56.0,1,33400.0
53,Male,High School,Single,68537.88,123100.0,63.0,1,131100.0
57,Female,High School,Married,52371.39,0.0,45.0,1,78600.0
44,Female,PhD,Single,62056.59,61400.0,73.0,1,79800.0
44,Male,High School,Married,79177.66,160400.0,70.0,1,208500.0
29,Male,Bachelor,Married,80138.84,159200.0,77.0,1,207000.0
57,Female,High School,Single,60206.08,143800.0,65.0,1,115100.0
38,Male,High School,Married,69321.4,110300.0,65.0,1,121500.0
45,Male,Bachelor,Married,108640.62,147200.0,81.0,1,206100.0
34,Female,High School,Married,27774.93,0.0,40.0,1,41700.0
33,Female,High School,Married,25330.66,54700.0,62.0,1,44400.0
54,Female,High School,Married,276342.94,447500.0,77.0,1,581800.0
41,Male,High School,Widowed,154789.67,299800.0,74.0,1,389700.0
51,Male,Bachelor,Single,84563.38,83700.0,74.0,1,108800.0
38,Female,Bachelor,Married,16536.39,16900.0,60.0,1,21100.0
26,Female,High School,Widowed,148683.16,67700.0,52.0,1,77900.0
29,Male,High School,Single,57007.0,50900.0,54.0,1,58500.0
37,Female,Bachelor,Single,224453.79,309800.0,85.0,1,433700.0
29,Male,High School,Married,14748.46,0.0,29.0,0,0.0
23,Male,Bachelor,Married,16706.91,25100.0,56.0,1,28900.0
49,Male,Master,Married,46510.28,0.0,61.0,1,69800.0
30,Male,High School,Married,98289.13,127600.0,71.0,1,165900.0
37,Female,High School,Single,318769.4,0.0,58.0,1,478200.0
39,Female,PhD,Married,26584.13,35300.0,72.0,1,45900.0
29,Male,High School,Single,15440.3,25100.0,44.0,1,27600.0
51,Female,High School,Married,43539.86,0.0,40.0,0,0.0
23,Female,Bachelor,Married,167634.48,276500.0,83.0,1,387100.0
38,Male,High School,Married,47866.72,0.0,48.0,1,71800.0
38,Female,PhD,Married,95283.72,154200.0,86.0,1,215900.0
35,Female,High School,Married,25340.73,26700.0,57.0,1,30700.0
21,Female,Bachelor,Married,11396.85,7500.0,51.0,1,8600.0
45,Female,Bachelor,Married,56421.71,41100.0,70.0,1,53400.0
44,Male,Bachelor,Married,30557.54,0.0,50.0,1,45800.0
28,Male,Bachelor,Single,48732.41,31600.0,64.0,1,39500.0
43,Female,PhD,Married,131446.87,218600.0,86.0,1,306000.0
40,Female,Master,Married,68842.12,0.0,61.0,1,103300.0
21,Male,High School,Married,74771.79,167500.0,66.0,1,138000.0
26,Male,Bachelor,Married,14876.07,0.0,39.0,1,12200.0
48,Female,High School,Married,58315.26,87200.0,65.0,1,91500.0
39,Male,High School,Single,73943.08,97500.0,63.0,1,121900.0
29,Male,High School,Married,20934.35,12100.0,41.0,1,13300.0
26,Male,Bachelor,Married,31119.3,22900.0,58.0,1,26300.0
30,Male,High School,Married,58204.66,137900.0,70.0,1,163200.0
31,Male,Bachelor,Married,38507.55,38700.0,67.0,1,48400.0
26,Male,High School,Single,20527.29,32700.0,44.0,1,36000.0
18,Male,Master,Married,44075.44,73000.0,66.0,1,91200.0
48,Female,High School,Single,109813.13,85500.0,64.0,1,106900.0
46,Female,Master,Married,58624.75,115500.0,78.0,1,150200.0
21,Female,Bachelor,Single,85763.74,43900.0,70.0,1,57100.0
37,Female,PhD,Married,28209.78,25200.0,67.0,1,31500.0
26,Female,Bachelor,Married,14147.17,21600.0,56.0,1,24800.0
33,Male,Bachelor,Married,17673.53,24200.0,60.0,1,30200.0
32,Male,High School,Single,70566.18,135000.0,63.0,1,150800.0
31,Male,Bachelor,Single,84503.33,203600.0,84.0,1,285000.0
58,Male,High School,Single,36072.52,30400.0,47.0,1,33400.0
31,Male,High School,Married,66999.59,25300.0,53.0,1,29100.0
27,Female,Bachelor,Single,23700.79,24300.0,61.0,1,30400.0
27,Male,High School,Single,44425.61,93800.0,56.0,1,100000.0
47,Male,High School,Widowed,64004.22,123100.0,62.0,1,107700.0
18,Female,High School,Married,70766.09,101100.0,61.0,1,126400.0
27,Male,High School,Married,16024.34,20700.0,46.0,1,22800.0
51,Female,High School,Single,156416.9,177700.0,75.0,1,231000.0
38,Male,High School,Married,36868.38,28300.0,52.0,1,32500.0
38,Male,High School,Married,120840.34,126900.0,71.0,1,165000.0
59,Female,Bachelor,Married,68401.93,0.0,55.0,1,102600.0
38,Female,High School,Married,82171.69,0.0,54.0,1,123300.0
28,Male,Master,Widowed,73505.5,165600.0,76.0,1,215300.0
32,Female,PhD,Single,175912.97,147000.0,85.0,1,205800.0
23,Female,High School,Married,39340.72,20200.0,48.0,1,22200.0
49,Male,High School,Married,66833.54,93700.0,65.0,1,104800.0
42,Female,High School,Married,40561.25,34500.0,52.0,1,39700.0
48,Female,Master,Single,129797.12,154200.0,82.0,1,215900.0
49,Male,Bachelor,Married,26903.35,65100.0,72.0,1,75000.0
31,Female,Bachelor,Single,73336.91,52200.0,68.0,1,65200.0
25,Female,Master,Married,30139.57,0.0,49.0,1,45200.0
35,Male,Master,Married,46118.82,0.0,61.0,1,69200.0
26,Female,Bachelor,Married,26923.72,33300.0,63.0,1,41600.0
37,Female,Bachelor,Married,25842.81,13400.0,62.0,1,16800.0
48,Male,Master,Single,19538.39,37900.0,61.0,1,44800.0
34,Female,Master,Married,339877.27,453700.0,90.0,1,680600.0
37,Male,High School,Single,36134.05,31400.0,50.0,1,36100.0
34,Male,PhD,Single,385552.73,768800.0,90.0,1,1153200.0
44,Female,Bachelor,Married,26096.51,0.0,50.0,1,39100.0
28,Male,High School,Married,11958.34,0.0,29.0,0,0.0
18,Female,High School,Married,20909.01,40900.0,46.0,1,38600.0
41,Male,Bachelor,Married,74110.0,40300.0,70.0,1,52400.0
46,Male,High School,Married,70092.05,161200.0,70.0,1,175900.0
40,Female,Bachelor,Single,78295.22,31600.0,61.0,1,39500.0
28,Female,High School,Married,13380.06,0.0,29.0,0,0.0
23,Female,Master,Single,35682.33,0.0,47.0,1,53500.0
41,Female,High School,Married,31818.68,56800.0,57.0,1,55800.0
37,Male,High School,Married,58813.76,106500.0,65.0,1,103100.0
34,Female,Master,Married,42155.17,104900.0,75.0,1,136400.0
56,Male,High School,Married,52229.78,78500.0,62.0,1,81900.0
25,Male,Master,Married,22411.4,47600.0,71.0,1,61900.0
55,Male,High School,Married,61159.66,79100.0,65.0,1,95900.0
36,Female,Master,Single,12380.85,0.0,44.0,1,18600.0
18,Male,High School,Married,358426.37,155500.0,61.0,1,194400.0
34,Male,High School,Married,50698.54,106900.0,70.0,1,139000.0
46,Male,Master,Single,21249.87,36800.0,61.0,1,46000.0
31,Female,High School,Widowed,52539.19,88400.0,62.0,1,98800.0
19,Female,Master,Widowed,85016.63,0.0,60.0,1,127500.0
34,Male,Bachelor,Single,52576.98,62600.0,73.0,1,81400.0
26,Male,High School,Married,23102.59,18600.0,48.0,1,20500.0
41,Male,High School,Single,287326.48,531500.0,75.0,1,691000.0
44,Male,High School,Married,14276.42,35500.0,55.0,1,25000.0
24,Male,High School,Married,35750.22,25900.0,48.0,1,28500.0
28,Male,High School,Married,17688.64,10100.0,41.0,0,10100.0
44,Female,Bachelor,Married,43490.73,45300.0,67.0,1,56600.0
26,Male,PhD,Married,21432.61,30200.0,61.0,1,37800.0
24,Female,High School,Married,67273.92,124100.0,61.0,1,124100.0
23,Female,High School,Married,12504.01,0.0,29.0,0,0.0
39,Male,Bachelor,Married,56127.05,0.0,58.0,1,84200.0
39,Male,High School,Married,24292.98,46900.0,57.0,1,42600.0
28,Female,Bachelor,Married,28437.08,20200.0,58.0,1,23200.0
36,Male,High School,Widowed,42961.91,0.0,37.0,0,0.0
52,Male,Master,Single,61407.1,126900.0,81.0,1,177700.0
25,Male,Bachelor,Married,73328.43,163700.0,76.0,1,212800.0
18,Female,High School,Married,89155.95,130900.0,67.0,1,163600.0
41,Female,Bachelor,Married,99606.27,128600.0,81.0,1,180000.0
34,Male,Master,Married,39833.69,25300.0,65.0,1,31600.0
28,Male,Bachelor,Single,38092.88,32100.0,56.0,1,36900.0
43,Male,High School,Married,40837.92,75500.0,57.0,1,71600.0
45,Male,High School,Married,51172.62,20900.0,53.0,1,24000.0
18,Male,Bachelor,Married,33540.96,54700.0,63.0,1,68400.0
28,Female,High School,Married,73440.04,58600.0,56.0,1,67400.0
61,Male,High School,Married,158407.55,124900.0,69.0,1,156100.0
42,Male,Bachelor,Married,77068.45,94500.0,75.0,1,122800.0
43,Male,High School,Single,141386.98,183100.0,69.0,1,228900.0
48,Male,High School,Married,66112.55,114200.0,65.0,1,103700.0
36,Female,High School,Married,174754.38,110000.0,72.0,1,143000.0
44,Male,High School,Married,106360.33,112300.0,71.0,1,146000.0
43,Male,High School,Married,54195.34,35500.0,60.0,1,44400.0
41,Male,Bachelor,Married,49998.29,73300.0,75.0,1,95300.0
32,Male,PhD,Married,50070.24,36200.0,75.0,1,47100.0
37,Female,Bachelor,Married,84306.98,188500.0,86.0,1,262700.0
29,Male,High School,Married,17278.29,7300.0,34.0,0,7300.0
36,Male,Bachelor,Married,385720.11,0.0,70.0,1,578600.0
23,Male,High School,Single,169817.86,315100.0,71.0,1,409600.0
27,Female,High School,Married,117046.31,266100.0,72.0,1,345500.0
32,Female,High School,Single,36750.32,30900.0,50.0,1,35500.0
25,Female,High School,Single,30727.07,55000.0,51.0,1,63200.0
30,Male,Bachelor,Single,42152.06,0.0,48.0,1,63200.0
34,Female,Master,Single,156082.63,244300.0,88.0,1,342000.0
40,Male,Bachelor,Married,101113.31,219700.0,86.0,1,307600.0
46,Male,Bachelor,Married,27825.63,36300.0,67.0,1,45400.0
30,Female,High School,Single,74591.05,0.0,46.0,1,111900.0
50,Male,Bachelor,Single,56076.05,39500.0,68.0,1,49400.0
46,Male,Master,Single,69031.74,168000.0,81.0,1,235200.0
41,Male,High School,Married,27617.84,45700.0,57.0,1,48400.0
37,Male,High School,Married,18190.32,0.0,33.0,0,0.0
39,Male,High School,Single,10900.19,10500.0,43.0,1,11600.0
49,Female,Bachelor,Married,38588.19,47600.0,67.0,1,59500.0
49,Male,Bachelor,Married,120330.74,82900.0,76.0,1,107800.0
50,Female,High School,Single,65408.45,0.0,46.0,1,98100.0
36,Female,Bachelor,Single,66760.95,153100.0,78.0,1,199000.0
42,Male,Bachelor,Married,107493.92,68100.0,76.0,1,88500.0
50,Male,Bachelor,Married,43669.66,36700.0,62.0,1,45900.0
29,Female,Master,Single,45007.33,66200.0,72.0,1,86100.0
32,Female,Master,Divorced,30573.2,17200.0,61.0,1,21500.0
36,Male,High School,Single,24956.2,39600.0,55.0,1,45500.0
45,Male,Bachelor,Married,61196.61,54100.0,70.0,1,70300.0
46,Female,Bachelor,Single,99355.22,169900.0,79.0,1,220900.0
33,Female,High School,Divorced,124083.61,58700.0,55.0,1,67500.0
19,Female,Master,Married,12326.55,0.0,42.0,0,0.0
38,Male,High School,Married,34737.05,50700.0,57.0,1,58300.0
25,Female,Bachelor,Single,45538.08,83300.0,69.0,1,104100.0
19,Male,High School,Married,33640.25,53300.0,53.0,1,61300.0
22,Female,Bachelor,Married,28503.54,0.0,46.0,1,42800.0
39,Female,High School,Widowed,59465.63,94000.0,62.0,1,111900.0
50,Male,High School,Widowed,60960.64,55100.0,57.0,1,63400.0
36,Female,High School,Married,74372.42,179200.0,70.0,1,208600.0
38,Male,High School,Married,346709.91,226900.0,72.0,1,295000.0
49,Male,PhD,Widowed,59836.7,98300.0,77.0,1,127800.0
19,Female,High School,Single,43274.81,56800.0,51.0,1,65300.0
41,Male,High School,Single,344172.13,364100.0,75.0,1,473300.0
35,Male,Bachelor,Single,63172.68,87700.0,73.0,1,114000.0
42,Male,High School,Married,49401.15,27800.0,60.0,1,34800.0
30,Male,High School,Divorced,34887.82,43400.0,53.0,1,49900.0
27,Female,High School,Married,72619.44,165400.0,66.0,1,134000.0
37,Male,Bachelor,Married,25135.05,16000.0,62.0,1,20000.0
54,Male,Master,Married,166682.2,255800.0,90.0,1,383700.0
45,Male,Bachelor,Divorced,124328.54,250900.0,82.0,1,351300.0
30,Male,PhD,Married,11828.44,24900.0,70.0,1,32400.0
21,Male,Bachelor,Married,33980.21,0.0,46.0,1,51000.0
18,Female,PhD,Single,15064.49,29000.0,59.0,1,33400.0
50,Male,High School,Married,73897.08,146000.0,65.0,1,115900.0
25,Male,High School,Married,25969.13,39000.0,53.0,1,44800.0
32,Female,High School,Married,10249.16,12600.0,50.0,1,14500.0
50,Male,High School,Single,66440.8,28900.0,51.0,1,33200.0
18,Male,Bachelor,Married,11886.38,3800.0,44.0,1,4200.0
52,Female,High School,Married,25598.3,40500.0,57.0,1,40100.0
33,Male,Bachelor,Married,75506.63,0.0,58.0,1,113300.0
23,Male,High School,Single,56644.69,0.0,42.0,1,85000.0
33,Male,High School,Widowed,165598.98,0.0,57.0,1,248400.0
28,Male,High School,Married,33839.02,79600.0,58.0,1,62400.0
40,Male,High School,Single,144727.27,101500.0,64.0,1,126900.0
28,Female,PhD,Single,59440.76,104400.0,74.0,1,135700.0
18,Male,Bachelor,Widowed,12685.78,4900.0,41.0,1,5400.0
33,Female,Bachelor,Widowed,52153.53,91100.0,72.0,1,118400.0
21,Female,High School,Married,76818.69,133500.0,61.0,1,141700.0
38,Female,High School,Married,76010.83,174300.0,70.0,1,213200.0
22,Male,High School,Divorced,134340.91,215400.0,63.0,1,269200.0
30,Male,Bachelor,Married,39970.11,14200.0,55.0,1,16300.0
38,Male,High School,Divorced,81116.64,0.0,50.0,1,121700.0
33,Female,Bachelor,Married,64898.08,0.0,58.0,1,97300.0
38,Male,Bachelor,Widowed,148603.94,122900.0,73.0,1,159800.0
43,Female,High School,Married,86044.72,166500.0,71.0,1,216400.0
23,Female,Bachelor,Married,23873.36,44100.0,63.0,1,48900.0
35,Female,Bachelor,Single,91091.63,172000.0,79.0,1,223600.0
18,Male,High School,Married,132602.54,162200.0,67.0,1,202800.0
38,Female,Bachelor,Married,13980.88,15900.0,60.0,1,19900.0
32,Male,Bachelor,Married,24001.15,38300.0,67.0,1,46700.0
25,Female,High School,Married,103479.18,93100.0,62.0,1,116400.0
39,Male,High School,Married,56587.45,41600.0,60.0,1,52000.0
48,Female,High School,Widowed,24286.11,15800.0,49.0,1,17400.0
30,Female,Master,Married,59358.58,0.0,61.0,1,89000.0
25,Male,High School,Single,50976.0,115900.0,64.0,1,114700.0
37,Male,High School,Single,317432.67,0.0,58.0,1,476100.0
21,Male,High School,Married,38022.34,86100.0,58.0,1,70200.0
28,Male,High School,Married,39836.27,29800.0,48.0,1,32800.0
49,Female,High School,Single,42004.62,67500.0,55.0,1,77600.0
36,Male,Bachelor,Married,10037.17,17400.0,60.0,1,19500.0
18,Male,High School,Divorced,26057.18,34300.0,49.0,1,37700.0
18,Female,Master,Divorced,163319.23,254000.0,82.0,1,355600.0
37,Male,Master,Single,22701.24,13100.0,63.0,1,16400.0
45,Female,Bachelor,Single,74944.86,170700.0,78.0,1,221900.0
18,Male,Master,Single,53134.06,31700.0,67.0,1,39600.0
40,Male,Bachelor,Married,67789.23,144800.0,80.0,1,202700.0
50,Male,Bachelor,Single,88303.78,0.0,62.0,1,132500.0
56,Male,High School,Single,74191.43,87900.0,60.0,1,109900.0
39,Male,High School,Single,30469.09,22200.0,50.0,1,25500.0
41,Male,High School,Divorced,37847.09,24600.0,48.0,1,27100.0
18,Male,High School,Married,45250.29,0.0,44.0,0,0.0
59,Male,Bachelor,Married,175544.88,395700.0,89.0,1,489400.0
29,Female,High School,Married,29922.26,61000.0,58.0,1,55200.0
25,Male,High School,Married,21761.4,20500.0,41.0,1,22600.0
33,Female,Master,Married,75438.64,123500.0,78.0,1,160600.0
52,Female,Bachelor,Single,28609.07,27100.0,60.0,1,33900.0
60,Female,Bachelor,Married,315358.71,157500.0,72.0,1,204800.0
37,Female,High School,Married,14562.99,0.0,33.0,0,0.0
46,Female,Master,Married,36784.34,25100.0,65.0,1,31400.0
36,Male,High School,Single,40185.2,70500.0,55.0,1,81100.0
24,Male,Bachelor,Single,66185.82,39400.0,64.0,1,49200.0
52,Male,Bachelor,Widowed,54995.27,86200.0,72.0,1,112100.0
29,Female,High School,Married,178330.78,54000.0,61.0,1,67500.0
52,Female,Master,Married,63569.11,121400.0,78.0,1,157800.0
50,Male,High School,Married,26056.92,0.0,40.0,1,39100.0
42,Male,Bachelor,Single,18870.56,29300.0,58.0,1,33700.0
56,Female,Bachelor,Single,74487.57,0.0,53.0,1,111700.0
60,Male,Bachelor,Married,40781.72,0.0,47.0,1,61200.0
34,Male,PhD,Married,22038.55,16000.0,67.0,1,20000.0
27,Male,Bachelor,Married,29988.24,49800.0,63.0,1,61500.0
18,Female,Bachelor,Single,13774.36,0.0,37.0,0,0.0
60,Male,High School,Single,43248.27,68000.0,52.0,1,73000.0
31,Male,Bachelor,Single,60735.07,77300.0,73.0,1,100500.0
48,Male,Bachelor,Married,68725.39,92200.0,75.0,1,119900.0
27,Male,PhD,Single,180775.55,215100.0,86.0,1,301100.0
52,Male,Master,Single,81366.62,66600.0,77.0,1,86600.0
28,Male,High School,Single,50129.04,56900.0,59.0,1,65400.0
22,Male,Bachelor,Single,42293.65,51900.0,61.0,1,64900.0
33,Male,Master,Married,78079.92,0.0,61.0,1,117100.0
30,Female,Bachelor,Married,70037.55,70100.0,75.0,1,91100.0
42,Male,Bachelor,Married,39228.98,44300.0,67.0,1,55400.0
35,Female,High School,Single,19514.68,32600.0,48.0,1,35900.0
42,Male,High School,Married,39290.04,80000.0,62.0,1,68900.0
32,Male,Bachelor,Married,37200.63,80100.0,72.0,1,104100.0
28,Female,Bachelor,Single,84631.05,136700.0,75.0,1,177700.0
29,Male,High School,Divorced,64036.02,83700.0,57.0,1,96300.0
58,Male,High School,Married,70477.51,0.0,45.0,1,105700.0
38,Male,Bachelor,Single,88622.11,0.0,62.0,1,132900.0
18,Female,Master,Single,61751.1,94700.0,72.0,1,123100.0
30,Female,Bachelor,Single,39271.09,38400.0,60.0,1,48000.0
37,Male,Master,Married,62631.24,90300.0,78.0,1,117400.0
56,Female,High School,Married,66157.7,62100.0,57.0,1,71400.0
47,Male,Master,Married,29719.57,20800.0,65.0,1,26000.0
25,Female,Bachelor,Married,51888.43,43300.0,66.0,1,54100.0
62,Male,PhD,Married,88749.15,0.0,66.0,1,133100.0
35,Female,Bachelor,Married,65128.75,73300.0,75.0,1,95300.0
49,Male,High School,Married,13352.17,25300.0,50.0,1,20900.0
23,Male,Master,Single,148165.49,289400.0,78.0,1,376200.0
18,Male,Bachelor,Single,24551.39,8400.0,49.0,1,9200.0
20,Female,High School,Married,69453.31,164400.0,66.0,1,128100.0
18,Female,High School,Single,35204.69,18300.0,46.0,1,20100.0
59,Male,High School,Married,53817.96,72000.0,62.0,1,84400.0
38,Female,Bachelor,Married,21515.37,51400.0,65.0,1,41900.0
25,Female,Bachelor,Married,35677.61,23100.0,58.0,1,26600.0
40,Female,Bachelor,Single,55017.77,0.0,56.0,1,82500.0
38,Male,High School,Single,165009.58,134500.0,70.0,1,174800.0
42,Male,High School,Single,117633.39,250200.0,74.0,1,325300.0
49,Male,High School,Single,340580.06,732500.0,80.0,1,1025500.0
32,Male,Bachelor,Married,73276.85,0.0,58.0,1,109900.0
26,Female,PhD,Married,52185.73,73700.0,76.0,1,95800.0
45,Female,Master,Single,24172.94,55200.0,73.0,1,71800.0
44,Female,High School,Single,17290.14,15400.0,43.0,1,16900.0
37,Male,Bachelor,Married,37370.95,61400.0,67.0,1,72800.0
59,Female,Bachelor,Single,25014.33,0.0,45.0,1,37500.0
31,Male,High School,Single,25972.47,0.0,38.0,0,0.0
26,Female,PhD,Married,47254.07,0.0,59.0,1,70900.0
40,Male,High School,Single,51052.44,97900.0,63.0,1,109100.0
28,Female,Bachelor,Married,71463.46,139200.0,71.0,1,181000.0
41,Female,Bachelor,Married,26614.62,43000.0,67.0,1,51800.0
26,Female,High School,Married,13463.94,14000.0,46.0,1,15400.0
31,Male,High School,Single,302155.17,537300.0,75.0,1,698500.0
56,Male,High School,Single,127272.99,94500.0,61.0,1,118100.0
31,Male,High School,Single,41440.14,35100.0,50.0,1,40400.0
27,Male,High School,Single,70697.75,0.0,42.0,1,106000.0
48,Female,Master,Married,25037.5,37500.0,70.0,1,48800.0
24,Female,Bachelor,Single,30839.36,0.0,44.0,1,46300.0
28,Male,Master,Married,56644.36,73800.0,74.0,1,95900.0
42,Male,Master,Widowed,56654.3,17200.0,63.0,1,21500.0
46,Female,Bachelor,Married,27898.76,39700.0,67.0,1,48600.0
49,Male,High School,Married,15020.54,22300.0,50.0,1,23600.0
27,Male,Bachelor,Single,25037.5,12900.0,56.0,1,14800.0
42,Female,High School,Married,56357.63,43200.0,60.0,1,54000.0
30,Female,High School,Single,153131.99,88200.0,70.0,1,114700.0
29,Male,Bachelor,Widowed,82234.86,184300.0,79.0,1,239600.0
49,Male,Bachelor,Married,45618.98,16700.0,63.0,1,20900.0
29,Male,High School,Married,23919.49,47200.0,53.0,1,44100.0
39,Female,High School,Married,83477.13,0.0,54.0,1,125200.0
37,Male,High School,Single,54659.43,16700.0,51.0,1,19200.0
24,Male,Bachelor,Married,118095.85,152100.0,77.0,1,197700.0
46,Female,PhD,Married,29753.02,72900.0,77.0,1,94800.0
42,Female,Bachelor,Single,83964.44,0.0,62.0,1,125900.0
18,Female,Master,Married,25743.42,23200.0,61.0,1,29000.0
39,Male,Bachelor,Married,40688.4,0.0,50.0,1,61000.0
27,Male,High School,Married,132092.23,63000.0,55.0,1,72400.0
48,Female,Bachelor,Married,80242.54,157700.0,81.0,1,220800.0
20,Female,High School,Divorced,75962.37,64100.0,52.0,1,73700.0
32,Female,High School,Single,18785.2,34900.0,48.0,1,38400.0
39,Female,Bachelor,Single,50123.1,30300.0,68.0,1,37900.0
36,Female,Master,Married,58895.0,23900.0,66.0,1,29900.0
44,Male,Bachelor,Married,55222.26,99200.0,75.0,1,129000.0
19,Male,PhD,Married,24896.2,28100.0,68.0,1,35100.0
54,Male,Bachelor,Married,147531.08,365400.0,86.0,1,411300.0
41,Female,High School,Married,37988.03,58300.0,57.0,1,66600.0
50,Male,Bachelor,Married,102733.26,43100.0,69.0,1,53900.0
45,Female,Master,Single,159165.76,97200.0,83.0,1,136100.0
35,Male,Bachelor,Single,28597.01,65100.0,70.0,1,84600.0
21,Female,Bachelor,Married,262895.24,119800.0,71.0,1,155700.0
29,Male,Bachelor,Divorced,398516.01,592200.0,79.0,1,769900.0
53,Male,Bachelor,Married,53639.34,18100.0,63.0,1,22600.0
51,Female,High School,Married,24716.78,0.0,40.0,1,37100.0
29,Male,High School,Married,28175.71,17200.0,48.0,1,18900.0
18,Male,High School,Single,43431.52,0.0,34.0,0,0.0
33,Male,High School,Single,11440.6,10500.0,43.0,0,10500.0
32,Female,Bachelor,Married,72717.48,22300.0,63.0,1,27900.0
33,Female,Bachelor,Widowed,80688.72,117300.0,78.0,1,152500.0
41,Female,High School,Married,86506.67,0.0,54.0,1,129800.0
45,Female,Bachelor,Married,32994.72,60300.0,67.0,1,57500.0
46,Female,High School,Married,32526.87,77900.0,62.0,1,51000.0
40,Male,Bachelor,Married,362073.82,212500.0,82.0,1,297500.0
18,Male,Bachelor,Married,53812.74,44700.0,66.0,1,55900.0
32,Male,High School,Married,131594.22,0.0,54.0,1,197400.0
61,Female,Master,Married,36667.85,70900.0,67.0,1,60900.0
40,Female,Master,Single,153008.39,381200.0,93.0,1,571800.0
40,Male,High School,Single,50033.07,109300.0,68.0,1,106900.0
39,Male,Bachelor,Married,41944.74,0.0,50.0,1,62900.0
40,Male,High School,Married,81821.15,129800.0,71.0,1,168700.0
18,Male,High School,Single,118534.43,236400.0,65.0,1,266700.0
33,Female,Master,Married,32956.76,0.0,53.0,1,49400.0
35,Female,Bachelor,Married,62281.83,131400.0,80.0,1,184000.0
50,Female,High School,Married,395841.71,0.0,60.0,1,593800.0
36,Male,Bachelor,Married,142559.26,0.0,64.0,1,213800.0
18,Female,Master,Single,57170.91,22400.0,60.0,1,28000.0
40,Male,Master,Divorced,18951.37,12100.0,54.0,1,13900.0
27,Male,High School,Single,40897.75,71100.0,51.0,1,81800.0
22,Female,Bachelor,Single,77675.8,186300.0,74.0,1,242200.0
26,Male,Master,Married,23920.98,0.0,49.0,1,35900.0
41,Male,Bachelor,Married,243301.84,398900.0,87.0,1,558500.0
49,Male,Bachelor,Divorced,61309.65,98600.0,71.0,1,128200.0
41,Female,High School,Married,26988.11,0.0,40.0,1,40500.0
42,Female,High School,Single,66660.67,58600.0,58.0,1,67400.0
41,Male,Bachelor,Divorced,29348.46,43600.0,63.0,1,54500.0
37,Female,Master,Married,46640.77,48400.0,78.0,1,62900.0
43,Male,Bachelor,Married,36997.15,24000.0,62.0,1,30000.0
18,Male,Bachelor,Married,32027.25,39900.0,63.0,1,49900.0
37,Male,Bachelor,Married,46264.92,23000.0,63.0,1,28800.0
24,Female,Bachelor,Single,21194.78,0.0,37.0,0,0.0
48,Male,Bachelor,Single,74296.62,45900.0,68.0,1,57400.0
34,Female,High School,Married,23700.75,45100.0,57.0,1,41500.0
36,Male,High School,Divorced,375667.29,564900.0,73.0,1,734400.0
19,Female,High School,Single,31679.81,0.0,34.0,0,0.0
47,Female,High School,Single,27510.9,21700.0,50.0,1,25000.0
42,Male,High School,Married,47070.31,58600.0,65.0,1,73200.0
42,Female,Bachelor,Married,18937.86,22100.0,60.0,1,27600.0
27,Male,High School,Married,44294.38,93700.0,58.0,1,81700.0
27,Male,High School,Married,53339.11,89700.0,61.0,1,98400.0
38,Male,PhD,Single,15002.98,33800.0,68.0,1,41000.0
28,Female,Bachelor,Married,27462.73,41500.0,63.0,1,51900.0
40,Male,Bachelor,Married,16869.64,16700.0,55.0,1,19200.0
18,Male,High School,Married,42039.82,0.0,36.0,1,31000.0
30,Female,Bachelor,Single,50881.38,38900.0,68.0,1,48600.0
55,Male,Bachelor,Married,58419.45,0.0,58.0,1,87600.0
40,Male,Bachelor,Single,25787.16,12900.0,60.0,1,16100.0
37,Female,High School,Married,12744.09,18700.0,50.0,1,21500.0
57,Male,Bachelor,Married,11559.16,19700.0,57.0,1,20100.0
18,Male,PhD,Married,17615.58,7200.0,49.0,1,7900.0
27,Female,High School,Married,10522.0,11100.0,46.0,1,12200.0
31,Male,High School,Married,18747.78,6800.0,38.0,1,7500.0
45,Male,High School,Divorced,11705.5,22300.0,46.0,1,20100.0
45,Male,Bachelor,Married,57000.52,79700.0,75.0,1,103600.0
26,Female,High School,Married,121075.25,220700.0,67.0,1,223400.0
46,Male,Bachelor,Single,124294.71,206600.0,79.0,1,268600.0
31,Male,High School,Single,25977.25,56600.0,60.0,1,55500.0
49,Male,High School,Single,33242.69,74200.0,60.0,1,63600.0
24,Male,Bachelor,Married,20737.19,31700.0,56.0,1,36500.0
34,Female,Bachelor,Married,32550.7,42900.0,67.0,1,53600.0
30,Male,PhD,Married,46253.4,114700.0,85.0,1,160600.0
47,Female,High School,Married,259948.38,0.0,60.0,1,389900.0
30,Male,High School,Divorced,126282.8,215500.0,67.0,1,242900.0
35,Male,High School,Single,57750.55,96100.0,63.0,1,120100.0
41,Male,Master,Married,28807.38,0.0,53.0,1,43200.0
41,Male,Bachelor,Married,12387.11,6300.0,55.0,1,7200.0
45,Male,Master,Single,44003.56,104900.0,73.0,1,136400.0
38,Female,PhD,Married,68824.99,136300.0,80.0,1,190800.0
31,Female,Bachelor,Married,69154.23,0.0,58.0,1,103700.0
32,Male,High School,Married,64152.16,46800.0,60.0,1,58500.0
36,Female,High School,Single,145522.73,131800.0,64.0,1,164800.0
38,Female,High School,Married,64047.01,0.0,48.0,1,96100.0
34,Male,Master,Single,76003.39,148000.0,76.0,1,192400.0
36,Male,High School,Single,24028.89,46200.0,55.0,1,51400.0
19,Female,Bachelor,Married,22682.64,39400.0,63.0,1,46500.0
43,Male,High School,Married,16749.12,0.0,33.0,0,0.0
37,Female,High School,Married,38884.2,0.0,40.0,0,0.0
47,Female,High School,Married,75105.63,68400.0,60.0,1,85500.0
36,Male,Bachelor,Married,62938.95,102000.0,75.0,1,132600.0
18,Female,High School,Married,45144.75,48600.0,61.0,1,60800.0
32,Male,Bachelor,Married,50436.39,109400.0,80.0,1,153200.0
33,Male,Bachelor,Married,31016.71,0.0,50.0,1,46500.0
44,Male,PhD,Single,74896.05,0.0,61.0,1,112300.0
18,Male,Master,Married,59042.03,103300.0,74.0,1,134300.0
36,Male,Bachelor,Married,34226.79,0.0,50.0,1,51300.0
41,Male,Bachelor,Married,26037.07,59400.0,72.0,1,77200.0
28,Female,High School,Married,52630.44,65300.0,61.0,1,81600.0
36,Male,Bachelor,Widowed,156849.63,360100.0,89.0,1,504100.0
29,Male,High School,Married,15260.75,0.0,29.0,0,0.0
27,Male,High School,Single,388787.87,370300.0,66.0,1,462900.0
31,Male,Bachelor,Single,54508.6,57300.0,73.0,1,74500.0
28,Male,High School,Married,65149.29,39500.0,56.0,1,45400.0
43,Female,High School,Married,106945.79,121300.0,71.0,1,157700.0
27,Male,High School,Married,27886.96,30700.0,53.0,1,35300.0
26,Female,Master,Divorced,17680.7,29600.0,55.0,1,34000.0
55,Male,High School,Single,20915.56,20400.0,43.0,1,22400.0
46,Female,High School,Single,24953.8,0.0,38.0,0,0.0
18,Male,Master,Single,208508.78,122900.0,79.0,1,159800.0
27,Male,High School,Married,21429.57,40900.0,46.0,1,39500.0
38,Female,Master,Married,156264.86,60900.0,78.0,1,79200.0
39,Male,Master,Single,59077.06,0.0,59.0,1,88600.0
19,Female,High School,Married,14883.2,10300.0,41.0,1,11300.0
48,Female,Bachelor,Married,40144.65,0.0,50.0,1,60200.0
45,Male,PhD,Single,76446.96,0.0,61.0,1,114700.0
41,Female,Bachelor,Single,72428.21,180100.0,78.0,1,234100.0
50,Female,High School,Divorced,41888.51,13800.0,41.0,1,15200.0
40,Male,Master,Divorced,118116.83,91800.0,75.0,1,119300.0
40,Male,High School,Single,12535.07,19000.0,48.0,1,20900.0
53,Male,High School,Single,63440.28,121500.0,63.0,1,121300.0
48,Male,Master,Married,45336.12,95000.0,83.0,1,133000.0
26,Male,High School,Married,135655.77,81100.0,62.0,1,101400.0
42,Female,Bachelor,Married,14382.78,0.0,43.0,0,0.0
28,Female,High School,Married,11583.17,21300.0,46.0,1,21400.0
41,Female,Bachelor,Married,42136.17,39500.0,62.0,1,49400.0
41,Female,High School,Divorced,12332.98,3900.0,34.0,0,3900.0
20,Male,High School,Married,76768.4,177300.0,66.0,1,141600.0
34,Male,High School,Single,38231.62,0.0,38.0,0,0.0
38,Female,High School,Married,46916.55,0.0,48.0,1,70400.0
31,Male,High School,Single,64243.86,139400.0,68.0,1,137300.0
39,Female,High School,Married,32956.63,58000.0,57.0,1,57800.0
44,Male,Master,Married,81788.52,48400.0,79.0,1,62900.0
35,Male,Bachelor,Married,73099.91,179400.0,80.0,1,227800.0
38,Male,Bachelor,Single,23456.43,0.0,48.0,1,35200.0
51,Male,Bachelor,Married,15385.24,24700.0,60.0,1,26800.0
41,Male,PhD,Married,13610.26,22900.0,65.0,1,28600.0
38,Male,Bachelor,Single,105385.31,163200.0,79.0,1,212200.0
25,Male,Bachelor,Single,28348.99,0.0,44.0,1,42500.0
43,Male,High School,Single,165619.98,138100.0,70.0,1,179500.0
39,Male,Bachelor,Married,72899.92,175800.0,80.0,1,227200.0
50,Female,High School,Single,32014.75,43900.0,55.0,1,50500.0
36,Female,Bachelor,Single,77421.93,47100.0,68.0,1,58900.0
18,Male,High School,Single,88570.01,192100.0,70.0,1,249700.0
18,Male,Bachelor,Married,43324.8,27000.0,58.0,1,31000.0
44,Female,High School,Married,11162.26,24500.0,55.0,1,19600.0
29,Female,High School,Single,13987.35,21400.0,44.0,1,23500.0
40,Male,Bachelor,Divorced,29201.93,0.0,46.0,1,43800.0
37,Male,High School,Married,69923.12,0.0,48.0,1,104900.0
34,Male,High School,Married,49068.6,0.0,48.0,1,73600.0
34,Male,High School,Married,86477.33,0.0,54.0,1,129700.0
26,Female,Bachelor,Married,39998.14,63600.0,63.0,1,79500.0
35,Female,Bachelor,Married,24823.67,24600.0,62.0,1,30800.0
29,Female,High School,Married,56442.08,115900.0,66.0,1,104100.0
31,Female,Bachelor,Married,51437.86,105300.0,80.0,1,147400.0
32,Male,Bachelor,Married,66494.51,136600.0,80.0,1,191200.0
33,Female,Bachelor,Married,42472.8,32100.0,62.0,1,40100.0
46,Male,High School,Married,17735.52,33100.0,50.0,1,27800.0
34,Male,High School,Married,35927.11,18000.0,52.0,1,20700.0
47,Female,High School,Single,23713.3,11100.0,43.0,0,11100.0
52,Male,Bachelor,Divorced,379384.78,455100.0,83.0,1,637100.0
45,Male,Bachelor,Married,28457.4,45900.0,67.0,1,49600.0
41,Female,Bachelor,Married,171012.1,169100.0,82.0,1,236700.0
39,Male,High School,Single,65431.22,63600.0,58.0,1,73100.0
45,Female,High School,Single,34161.94,15900.0,43.0,1,17500.0
36,Male,High School,Widowed,35914.99,26300.0,49.0,1,28900.0
46,Female,High School,Divorced,57982.93,95200.0,61.0,1,99800.0
42,Male,High School,Single,41217.78,74100.0,55.0,1,85200.0
32,Male,High School,Married,44042.04,101100.0,62.0,1,77200.0
45,Male,Bachelor,Single,28520.44,0.0,48.0,1,42800.0
37,Female,High School,Single,45006.32,36900.0,58.0,1,42400.0
34,Female,Bachelor,Single,68652.58,129200.0,73.0,1,168000.0
30,Male,Bachelor,Single,71678.22,127700.0,73.0,1,166000.0
37,Male,Bachelor,Married,95714.18,86700.0,76.0,1,112700.0
46,Male,Master,Single,75280.27,149900.0,76.0,1,194900.0
45,Female,High School,Widowed,116285.95,86300.0,63.0,1,107900.0
39,Male,High School,Married,88140.01,93900.0,71.0,1,122100.0
42,Male,Bachelor,Married,19376.98,0.0,43.0,1,29100.0
49,Female,High School,Divorced,48266.17,83400.0,61.0,1,83100.0
34,Female,PhD,Married,175893.21,243000.0,92.0,1,364500.0
23,Male,High School,Single,55225.3,0.0,42.0,1,82800.0
50,Male,High School,Married,80924.73,43400.0,66.0,1,54200.0
30,Female,Bachelor,Married,321521.66,278100.0,82.0,1,389300.0
28,Female,High School,Married,34334.89,46900.0,53.0,1,53900.0
18,Male,High School,Married,173939.72,73900.0,61.0,1,92400.0
42,Male,Master,Married,72264.39,0.0,61.0,1,108400.0
18,Male,High School,Married,83642.55,77000.0,62.0,1,96200.0
27,Male,Bachelor,Married,19932.38,32500.0,56.0,1,37400.0
42,Female,High School,Married,75247.89,171800.0,70.0,1,211000.0
43,Male,High School,Single,134133.03,0.0,52.0,1,201200.0
28,Male,High School,Divorced,24257.58,0.0,32.0,0,0.0
34,Male,High School,Married,51929.77,88000.0,65.0,1,91000.0
26,Female,High School,Married,68976.37,0.0,44.0,1,103500.0
29,Male,PhD,Married,29640.74,56700.0,68.0,1,69900.0
38,Male,Bachelor,Single,108706.27,47300.0,67.0,1,59100.0
30,Female,Bachelor,Married,88518.9,127600.0,81.0,1,178600.0
33,Female,High School,Married,167275.03,0.0,60.0,1,250900.0
19,Female,High School,Married,31896.53,57700.0,53.0,1,58800.0
48,Male,Bachelor,Married,168398.06,163200.0,82.0,1,228500.0
41,Female,Bachelor,Married,23367.62,0.0,50.0,1,35100.0
44,Female,High School,Married,11190.73,15400.0,50.0,1,17700.0
50,Female,High School,Married,21376.46,10200.0,38.0,0,10200.0
26,Male,High School,Married,18265.59,29500.0,46.0,1,32500.0
32,Male,High School,Single,39579.15,13000.0,43.0,1,14300.0
18,Female,Bachelor,Married,41156.48,39000.0,58.0,1,44800.0
70,Female,High School,Married,10638.69,9500.0,42.0,1,10400.0
34,Female,High School,Married,154603.6,379900.0,82.0,1,433600.0
47,Female,Bachelor,Married,122112.01,102100.0,76.0,1,132700.0
22,Male,High School,Married,81810.03,146300.0,67.0,1,150900.0
46,Male,Bachelor,Single,62446.01,54100.0,68.0,1,67600.0
56,Female,Master,Married,39655.13,0.0,50.0,1,59500.0
35,Female,High School,Married,42729.69,18700.0,45.0,1,20600.0
24,Female,Bachelor,Single,29803.68,69700.0,66.0,1,74500.0
34,Female,High School,Divorced,66121.43,33900.0,56.0,1,39000.0
18,Male,High School,Single,16449.09,35000.0,49.0,1,37000.0
35,Male,Bachelor,Married,75952.91,113600.0,75.0,1,147700.0
45,Female,Bachelor,Widowed,82984.73,0.0,61.0,1,124500.0
35,Male,Bachelor,Single,108935.1,271600.0,84.0,1,380200.0
32,Female,Bachelor,Married,388040.6,877100.0,92.0,1,1209100.0
41,Female,High School,Married,160702.39,0.0,60.0,1,241100.0
42,Male,Bachelor,Married,51279.05,83000.0,75.0,1,107900.0
18,Female,Bachelor,Married,29724.31,19300.0,58.0,1,22200.0
36,Male,High School,Single,27781.35,44900.0,55.0,1,51600.0
62,Female,Master,Divorced,52156.01,0.0,54.0,1,78200.0
21,Male,High School,Married,36828.87,61900.0,53.0,1,67900.0
35,Female,Bachelor,Married,10789.53,26300.0,65.0,1,21000.0
57,Female,Bachelor,Single,71944.68,113700.0,70.0,1,147800.0
48,Male,Bachelor,Single,41037.38,23700.0,60.0,1,29600.0
30,Female,High School,Married,122570.51,0.0,54.0,1,183900.0
38,Female,High School,Single,67035.32,69100.0,63.0,1,86400.0
35,Female,High School,Married,51486.42,26100.0,60.0,1,32600.0
27,Female,Bachelor,Married,77418.43,134900.0,71.0,1,175400.0
35,Male,High School,Married,42901.16,91300.0,62.0,1,75200.0
32,Male,Bachelor,Married,341207.7,0.0,70.0,1,511800.0
37,Male,High School,Single,24828.83,58300.0,60.0,1,53100.0
27,Female,High School,Married,121091.44,218100.0,67.0,1,223400.0
21,Male,High School,Single,105587.95,0.0,48.0,1,158400.0
35,Male,Bachelor,Married,17073.22,18400.0,60.0,1,23000.0
54,Male,Bachelor,Married,77512.68,76500.0,70.0,1,99400.0
36,Male,High School,Married,88889.12,82000.0,66.0,1,102500.0
32,Female,High School,Single,290641.78,699800.0,80.0,1,979700.0
44,Male,PhD,Married,36657.35,0.0,55.0,1,55000.0
34,Female,High School,Married,49795.87,80000.0,65.0,1,87300.0
56,Male,Bachelor,Divorced,51986.41,52200.0,68.0,1,65200.0
35,Female,Bachelor,Single,12780.34,0.0,41.0,1,19200.0
43,Male,High School,Married,94889.73,86700.0,66.0,1,108400.0
27,Male,Bachelor,Single,31388.05,20200.0,56.0,1,23200.0
41,Male,PhD,Married,87803.57,204000.0,91.0,1,306000.0
39,Male,Master,Divorced,17835.02,28200.0,59.0,1,32400.0
35,Male,Bachelor,Divorced,32028.76,61300.0,63.0,1,68500.0
30,Male,Bachelor,Single,67224.59,90400.0,73.0,1,117500.0
28,Male,High School,Single,25372.38,10800.0,39.0,0,10800.0
39,Male,High School,Single,201282.96,268500.0,75.0,1,349000.0
42,Female,High School,Married,56656.34,22300.0,53.0,1,25600.0
34,Male,Master,Single,117584.59,280100.0,87.0,1,392100.0
39,Female,High School,Married,50528.15,53300.0,65.0,1,66600.0
35,Female,High School,Single,76113.3,0.0,46.0,1,114200.0
37,Male,High School,Single,173085.87,138400.0,70.0,1,179900.0
33,Male,High School,Divorced,26010.87,0.0,36.0,0,0.0
36,Male,High School,Married,82715.82,62500.0,66.0,1,78100.0
65,Male,High School,Single,58424.57,0.0,43.0,0,0.0
39,Female,Bachelor,Married,72310.41,119900.0,75.0,1,155900.0
43,Male,Bachelor,Divorced,48991.44,0.0,54.0,1,73500.0
40,Male,Bachelor,Married,55768.48,0.0,58.0,1,83700.0
33,Male,High School,Married,25635.83,46000.0,57.0,1,44900.0
50,Female,Bachelor,Divorced,25709.39,15600.0,58.0,1,17900.0
32,Female,Bachelor,Married,174011.92,0.0,70.0,1,261000.0
47,Female,High School,Married,122745.88,152600.0,71.0,1,198400.0
32,Female,High School,Married,12353.01,23000.0,50.0,1,21700.0
25,Male,Bachelor,Widowed,52708.18,45200.0,63.0,1,56500.0
40,Male,Bachelor,Married,37477.38,47300.0,67.0,1,59100.0
23,Male,High School,Married,77331.97,104300.0,61.0,1,130400.0
41,Male,High School,Married,89089.08,84700.0,66.0,1,105900.0
22,Male,Bachelor,Married,17512.95,0.0,39.0,0,0.0
32,Male,Bachelor,Married,65646.27,45300.0,70.0,1,58900.0
20,Male,Master,Divorced,27155.39,0.0,45.0,1,40700.0
67,Male,Bachelor,Married,22904.69,53900.0,69.0,1,35200.0
18,Female,High School,Single,20569.44,44100.0,49.0,1,46300.0
36,Female,Bachelor,Single,160996.94,0.0,68.0,1,241500.0
48,Male,High School,Married,80827.5,49600.0,66.0,1,62000.0
47,Male,High School,Single,59492.36,117200.0,63.0,1,113800.0
45,Male,High School,Married,61091.61,0.0,48.0,1,91600.0
32,Female,High School,Married,40023.87,21100.0,52.0,1,24300.0
50,Female,Bachelor,Married,75940.47,139400.0,75.0,1,181200.0
46,Male,Bachelor,Single,36940.96,16400.0,53.0,1,18900.0
38,Male,High School,Single,16656.34,19000.0,48.0,1,20900.0
38,Male,Bachelor,Married,61576.34,134900.0,80.0,1,188900.0
32,Male,Bachelor,Married,39048.98,0.0,50.0,1,58600.0
25,Female,Master,Single,61240.86,88100.0,72.0,1,114500.0
49,Male,Master,Single,78061.61,175000.0,81.0,1,245000.0
50,Female,High School,Single,26379.79,51400.0,55.0,1,50500.0
26,Male,Master,Married,71570.62,95400.0,74.0,1,124000.0
34,Female,High School,Married,14287.86,27800.0,50.0,1,25000.0
